clc_code,clc_label,code_cultu,area_m2,area_photo,area_agrivol,wavgprice,distance_0,cable_cost_est,protected_zone,eligible_pv,eligible_agri,centroid_lat,centroid_lon
18,Semences,PPH,502600.0,376950.0,40208.0,7.148550724637682,22672.04630190157,793521.620566555,,True,True,51.00365703305428,2.0781032694812898
1,Céréales,BTH,466599.99999999994,373280.0,46660.0,7.148550724637682,20815.824864374365,728553.8702531027,,True,True,50.838516656586435,2.1211188199287254
25,Cultures permanentes,PTC,417800.0,208900.0,20890.0,7.148550724637682,19470.26822083231,681459.3877291308,,True,True,50.755701376308444,2.406505158202847
2,Oléagineux,MIS,396000.0,316800.0,39600.0,7.148550724637682,26417.322865130132,924606.3002795547,,True,True,50.79245713555268,2.0731037076500773
3,Protéagineux,ORP,382299.99999999994,305839.99999999994,38229.99999999999,7.148550724637682,16708.163871557805,584785.7355045232,,True,True,50.875828097965815,2.157755603561597
9,Fruits,LIF,359900.0,143960.0,28792.0,7.148550724637682,21674.02531994951,758590.8861982328,,True,True,50.82635018508714,2.118377068570172
1,Céréales,BTH,340400.0,272320.0,34040.0,7.148550724637682,27885.911800447895,976006.9130156763,,True,True,50.74788426836074,2.106977756301883
1,Céréales,BTH,331500.0,265200.0,33150.0,7.148550724637682,12008.66370422357,420303.22964782495,,True,True,50.9961701964613,2.2444840453980324
25,Cultures permanentes,PTC,314600.0,157300.0,15730.0,7.148550724637682,9284.660153457497,324963.10537101235,,True,True,50.86511119389785,2.4633192101212074
24,Surfaces non agricoles,BTN,313500.0,188100.0,0.0,7.148550724637682,9856.990260985987,344994.65913450957,,True,False,50.870903962422226,2.4847681018741357
5,Sucre,CZH,313100.0,234825.0,25048.0,7.148550724637682,21472.701227587153,751544.5429655503,,True,True,50.737610812692644,2.406368828309502
11,Noix,JAC,291200.0,116480.0,14560.0,7.148550724637682,14870.657565259076,520473.0147840677,,True,True,50.98149406926579,2.1840644556529085
25,Cultures permanentes,PTC,290100.0,145050.0,14505.0,7.148550724637682,7877.249032133624,275703.7161246768,,True,True,50.875350986269254,2.4514801885253608
18,Semences,PPH,289100.0,216825.0,23128.0,7.148550724637682,27546.819175731707,964138.6711506097,,True,True,50.71522745613421,2.5754520404674555
18,Semences,PPH,287300.0,215475.0,22984.0,7.148550724637682,17385.379637340284,608488.2873069099,,True,True,50.77957104941713,2.312484568732366
24,Surfaces non agricoles,BTN,278000.0,166800.0,0.0,7.148550724637682,20258.578995289106,709050.2648351188,,True,False,50.74781822926739,2.382704823209
1,Céréales,BTH,277300.0,221840.0,27730.0,7.148550724637682,17198.58549035377,601950.4921623819,,True,True,50.87597353830186,2.150187129829216
18,Semences,PPH,274800.0,206100.0,21984.0,7.148550724637682,18264.8482296656,639269.6880382961,,True,True,50.76611008882263,2.3625522684537383
25,Cultures permanentes,PTC,272500.0,136250.0,13625.0,7.148550724637682,29053.9262299614,1016887.418048649,,True,True,50.89947233164362,1.968407760042525
1,Céréales,BTH,263200.0,210560.0,26320.0,7.148550724637682,28582.230821199715,1000378.07874199,,True,True,50.90323618042163,1.9744974240296238
1,Céréales,BTH,263100.0,210480.0,26310.0,7.148550724637682,7645.998625145599,267609.951880096,,True,True,50.9854851109568,2.3155197816580184
25,Cultures permanentes,PTC,262800.0,131400.0,13140.0,7.148550724637682,29961.98484742809,1048669.4696599832,,True,True,50.70830973332911,2.622437188813752
24,Surfaces non agricoles,BTN,259000.0,155400.0,0.0,7.148550724637682,6680.708152906383,233824.7853517234,,True,False,50.920764614667284,2.2858162892475957
25,Cultures permanentes,PTC,254800.0,127400.0,12740.0,7.148550724637682,12966.87105856061,453840.48704962136,,True,True,50.82181702700254,2.311007533315042
1,Céréales,BTH,252600.00000000003,202080.00000000003,25260.000000000004,7.148550724637682,6695.627441172664,234346.96044104322,,True,True,50.99001414240038,2.372193687737501
1,Céréales,BTH,250900.0,200720.0,25090.0,7.148550724637682,25656.78897615665,897987.6141654828,,True,True,50.73533137951123,2.183874951079437
1,Céréales,BTH,250600.0,200480.0,25060.0,7.148550724637682,15563.372910917966,544718.0518821288,,True,True,50.79129386498387,2.3503295425648587
1,Céréales,BTH,248100.0,198480.0,24810.0,7.148550724637682,28564.76829336719,999766.8902678516,,True,True,50.730059983330186,2.124633537584004
1,Céréales,BTH,248000.0,198400.0,24800.0,7.148550724637682,7054.598421924191,246910.9447673467,,True,True,50.968353497366444,2.460217866558451
2,Oléagineux,MIS,246700.00000000003,197360.00000000003,24670.000000000004,7.148550724637682,14197.83509195075,496924.2282182763,,True,True,50.9567061865937,2.578162823697479
1,Céréales,BTH,244700.0,195760.0,24470.0,7.148550724637682,20255.40452471265,708939.1583649428,,True,True,50.973252684701535,2.0991134447715374
5,Sucre,CZH,243700.0,182775.0,19496.0,7.148550724637682,20459.066450983963,716067.3257844386,,True,True,50.839260626833024,2.126289667150888
1,Céréales,BTH,241300.0,193040.0,24130.0,7.148550724637682,23068.872340768507,807410.5319268977,,True,True,50.97776597867505,2.059512222986929
2,Oléagineux,MIS,241000.0,192800.0,24100.0,7.148550724637682,21244.374144262296,743553.0950491803,,True,True,50.76130362327593,2.5220413044878334
18,Semences,PPH,239000.0,179250.0,19120.0,7.148550724637682,17233.905244240286,603186.6835484101,,True,True,50.779399641223364,2.321994652964737
1,Céréales,BTH,236100.0,188880.0,23610.0,7.148550724637682,15334.041475321379,536691.4516362483,,True,True,50.99204127453243,2.575536170032052
25,Cultures permanentes,PTC,236100.0,118050.0,11805.0,7.148550724637682,11550.763076661002,404276.70768313506,,True,True,50.86957146542533,2.5139722489186536
9,Fruits,LIF,234800.0,93920.0,18784.0,7.148550724637682,6511.22231089967,227892.78088148846,,True,True,50.98794624934774,2.393390119002779
5,Sucre,CZH,233800.0,175350.0,18704.0,7.148550724637682,25878.51857652148,905748.1501782518,,True,True,50.72307761866238,2.211364305456284
2,Oléagineux,MIS,230600.0,184480.0,23060.0,7.148550724637682,9133.202975778851,319662.1041522598,,True,True,50.86912686780772,2.292563477124585
25,Cultures permanentes,PTC,229700.0,114850.0,11485.0,7.148550724637682,6735.859114133471,235755.06899467148,,True,True,50.878138670691854,2.3303590081389185
1,Céréales,BTH,227300.0,181840.0,22730.0,7.148550724637682,24637.56480469213,862314.7681642246,,True,True,50.964047499519666,2.032498164755109
3,Protéagineux,ORH,226800.0,181440.0,22680.0,7.148550724637682,9736.559059534831,340779.56708371907,,True,True,50.981157787088435,2.2671854138779715
1,Céréales,BTH,226600.0,181280.0,22660.0,7.148550724637682,20335.22800070295,711732.9800246033,,True,True,50.98210994002466,2.10171231630225
25,Cultures permanentes,CHU,226500.0,113250.0,11325.0,7.148550724637682,18771.806535557556,657013.2287445145,,True,True,50.78600309443122,2.240406276551123
24,Surfaces non agricoles,BTN,226500.0,135900.0,0.0,7.148550724637682,15806.395670930724,553223.8484825754,,True,False,51.03552647089702,2.5312836687436735
1,Céréales,BTH,226100.0,180880.0,22610.0,7.148550724637682,12852.968259759342,449853.889091577,,True,True,51.03648197193744,2.451436290177133
1,Céréales,BTH,225900.0,180720.0,22590.0,7.148550724637682,28108.61585406841,983801.5548923943,,True,True,50.68835883606711,2.2625224231866574
1,Céréales,BTH,224100.0,179280.0,22410.0,7.148550724637682,23820.736382844214,833725.7733995474,,True,True,50.78613472477448,2.6314561665330793
1,Céréales,BTH,223500.0,178800.0,22350.0,7.148550724637682,6428.091191518607,224983.19170315124,,True,True,50.98780372893754,2.378735858537939
24,Surfaces non agricoles,BTN,223200.0,133920.0,0.0,7.148550724637682,24129.486332948218,844532.0216531876,,True,False,50.954204031427295,2.0377591191862443
1,Céréales,BTH,222300.0,177840.0,22230.0,7.148550724637682,27034.156242234305,946195.4684782007,,True,True,50.716904088632226,2.1947179461766644
1,Céréales,BTH,221300.0,177040.0,22130.0,7.148550724637682,28620.061460568853,1001702.1511199098,,True,True,50.68232258805994,2.269189226798964
3,Protéagineux,ORH,221300.0,177040.0,22130.0,7.148550724637682,9769.11489753058,341919.0214135703,,True,True,50.959922401621036,2.248897689069763
25,Cultures permanentes,PTC,218900.0,109450.0,10945.0,7.148550724637682,19815.49476301206,693542.316705422,,True,True,50.878260106379365,2.1095854928938036
1,Céréales,BTH,218700.0,174960.0,21870.0,7.148550724637682,2692.2777938580302,94229.72278503106,,True,True,50.94704575634944,2.407287287581944
25,Cultures permanentes,PTC,218600.0,109300.0,10930.0,7.148550724637682,25638.167935078876,897335.8777277607,,True,True,50.94527958888983,2.014916773320112
1,Céréales,BTH,218500.0,174800.0,21850.0,7.148550724637682,19599.59477277337,685985.8170470679,,True,True,50.753861264837354,2.390496109557287
2,Oléagineux,MIS,217600.00000000003,174080.00000000003,21760.000000000004,7.148550724637682,13124.502361285387,459357.58264498855,,True,True,50.89481447066677,2.5586894349437572
24,Surfaces non agricoles,BTN,217300.0,130380.0,0.0,7.148550724637682,28590.633103751792,1000672.1586313128,,True,False,50.91805661893202,1.9725368269534715
1,Céréales,BTH,216000.0,172800.0,21600.0,7.148550724637682,29023.985598420415,1015839.4959447145,,True,True,50.75571019349276,2.687711635212158
25,Cultures permanentes,PTC,215200.0,107600.0,10760.0,7.148550724637682,8903.199699770736,311611.98949197575,,True,True,50.96959714655828,2.269537038263442
1,Céréales,BTH,214400.0,171520.0,21440.0,7.148550724637682,29716.30885085315,1040070.8097798603,,True,True,50.77824323859778,2.0315466673342306
25,Cultures permanentes,PTC,213200.0,106600.0,10660.0,7.148550724637682,18081.559786152775,632854.5925153472,,True,True,50.87970786522533,2.134778882441489
9,Fruits,LIF,212100.0,84840.0,16968.0,7.148550724637682,16025.595691083636,560895.8491879272,,True,True,51.05794574718167,2.4854010078473574
1,Céréales,BTH,212000.0,169600.0,21200.0,7.148550724637682,8900.543369171704,311519.0179210097,,True,True,50.889481174081126,2.4894793239815094
18,Semences,PPH,211500.0,158625.0,16920.0,7.148550724637682,20408.111863708767,714283.9152298069,,True,True,50.753886213127096,2.2981879173374113
2,Oléagineux,MIS,211500.0,169200.0,21150.0,7.148550724637682,24148.50780814202,845197.7732849708,,True,True,50.71948957854032,2.4645022510119454
1,Céréales,BTH,211000.0,168800.0,21100.0,7.148550724637682,25060.81105092428,877128.3867823498,,True,True,50.95674055997178,2.0248345832424257
1,Céréales,BTH,210400.0,168320.0,21040.0,7.148550724637682,16518.05528974633,578131.9351411216,,True,True,50.9029990492985,2.1482996594288957
25,Cultures permanentes,PTC,209700.0,104850.0,10485.0,7.148550724637682,9171.90510633992,321016.6787218972,,True,True,50.861535176539796,2.3070632713454895
25,Cultures permanentes,PTC,208600.0,104300.0,10430.0,7.148550724637682,24216.59179395462,847580.7127884116,,True,True,50.71289822099652,2.4072863714470882
1,Céréales,BTH,208299.99999999997,166640.0,20830.0,7.148550724637682,13269.738516733194,464440.84808566177,,True,True,51.03137284441477,2.4800161787941892
1,Céréales,BTH,206900.0,165520.0,20690.0,7.148550724637682,19703.897559919264,689636.4145971743,,True,True,50.75283350062313,2.385569834325646
1,Céréales,BTH,206200.0,164960.0,20620.0,7.148550724637682,19844.765511862923,694566.7929152023,,True,True,50.75266438320908,2.4117907529309424
1,Céréales,BTH,206200.0,164960.0,20620.0,7.148550724637682,25638.13995500941,897334.8984253294,,True,True,50.792042952009695,2.0873153278673717
1,Céréales,BTH,205600.0,164480.0,20560.0,7.148550724637682,8625.561363587683,301894.6477255689,,True,True,50.86159523501225,2.4379968201290905
25,Cultures permanentes,PTC,205600.0,102800.0,10280.0,7.148550724637682,5069.121618317659,177419.2566411181,,True,True,50.94614919759989,2.4476518281813835
25,Cultures permanentes,OIG,204000.0,102000.0,10200.0,7.148550724637682,26847.0995553956,939648.4844388461,,True,True,50.7590930264719,2.650092353689547
1,Céréales,BTH,203800.0,163040.0,20380.0,7.148550724637682,24674.21454140027,863597.5089490095,,True,True,50.74642872138484,2.1825919225251567
1,Céréales,BTH,203299.99999999997,162640.0,20330.0,7.148550724637682,7014.82362691246,245518.8269419361,,True,True,50.983598099452514,2.3271784931247645
1,Céréales,BTH,203100.0,162480.0,20310.0,7.148550724637682,20220.91708959345,707732.0981357708,,True,True,50.931402572521506,2.0914749191616706
1,Céréales,BTH,202300.0,161840.0,20230.0,7.148550724637682,14680.736004384298,513825.7601534504,,True,True,50.93264645835031,2.170558914495914
1,Céréales,BTH,201300.0,161040.0,20130.0,7.148550724637682,11106.710406417431,388734.8642246101,,True,True,51.01776294133243,2.455743446782254
1,Céréales,BTH,201200.0,160960.0,20120.0,7.148550724637682,6437.890630111803,225326.17205391312,,True,True,50.912168471485124,2.2926207510268766
25,Cultures permanentes,NVT,200300.0,100150.0,10015.0,7.148550724637682,21118.633855075666,739152.1849276483,,True,True,50.93338488076611,2.0786981783193768
25,Cultures permanentes,PTC,200300.0,100150.0,10015.0,7.148550724637682,21077.468781178693,737711.4073412543,,True,True,50.96740258393377,2.0850429809180455
1,Céréales,BTH,200100.00000000003,160080.00000000003,20010.000000000004,7.148550724637682,6170.348389102862,215962.19361860017,,True,True,50.96569476679207,2.312562877230506
25,Cultures permanentes,PTC,200000.0,100000.0,10000.0,7.148550724637682,8536.295218825459,298770.33265889104,,True,True,50.85330814638915,2.3854457766517663
2,Oléagineux,MIS,197399.99999999997,157920.0,19740.0,7.148550724637682,8005.796063150742,280202.86221027595,,True,True,50.98512525437628,2.306475068740858
1,Céréales,BTH,196500.0,157200.0,19650.0,7.148550724637682,23610.061193511523,826352.1417729033,,True,True,50.94476815020194,2.0438738899931694
1,Céréales,BTH,196500.0,157200.0,19650.0,7.148550724637682,27080.618468506083,947821.6463977129,,True,True,50.7719644253246,2.0864907908961277
1,Céréales,BTH,196200.0,156960.0,19620.0,7.148550724637682,4339.306969086092,151875.74391801324,,True,True,50.90882542644139,2.328002155930243
25,Cultures permanentes,PTC,194700.0,97350.0,9735.0,7.148550724637682,2544.468142829252,89056.38499902382,,True,True,50.90959053898853,2.3964149505508088
1,Céréales,BTH,194500.0,155600.0,19450.0,7.148550724637682,29681.872301895906,1038865.5305663567,,True,True,50.97662427937804,1.9627746784875093
1,Céréales,BTH,194500.0,155600.0,19450.0,7.148550724637682,29540.302905174725,1033910.6016811153,,True,True,50.709474377830254,2.6144849445173928
9,Fruits,LIF,194300.0,77720.0,15544.0,7.148550724637682,24124.423655462448,844354.8279411857,,True,True,50.96525659871223,2.040218826729807
1,Céréales,BTH,194200.00000000003,155360.00000000003,19420.000000000004,7.148550724637682,13219.690516007458,462689.16806026106,,True,True,50.830765550359,2.276228922810666
1,Céréales,BTH,194100.0,155280.0,19410.0,7.148550724637682,27521.63653853111,963257.2788485889,,True,True,50.97814085173171,1.994597847620317
24,Surfaces non agricoles,BTN,193800.0,116280.0,0.0,7.148550724637682,5223.780212480915,182832.30743683202,,True,False,50.95128248771484,2.4464650477832603
9,Fruits,LIF,193200.0,77280.0,15456.0,7.148550724637682,5492.820106258856,192248.70371905997,,True,True,50.95066783446855,2.4512022627177688
2,Oléagineux,MIS,193100.0,154480.0,19310.0,7.148550724637682,11455.983811457774,400959.4334010221,,True,True,51.01293337718958,2.477071222088394
2,Oléagineux,MIS,193000.0,154400.0,19300.0,7.148550724637682,28044.832697717808,981569.1444201233,,True,True,50.74035893717659,2.643282167291334
1,Céréales,BTH,192600.00000000003,154080.00000000003,19260.000000000004,7.148550724637682,21551.354526511474,754297.4084279016,,True,True,50.90793250415156,2.074559032974729
1,Céréales,BTH,192399.99999999997,153919.99999999997,19239.999999999996,7.148550724637682,16598.9791335623,580964.2696746805,,True,True,50.95093607235399,2.1454397780382077
1,Céréales,BTH,192300.0,153840.0,19230.0,7.148550724637682,28527.1191676243,998449.1708668505,,True,True,50.91292371221803,1.9739276694829366
9,Fruits,LIF,191700.00000000003,76680.00000000001,15336.000000000002,7.148550724637682,4729.131258052259,165519.59403182907,,True,True,50.97227661436476,2.3873597383394896
1,Céréales,BTH,191200.0,152960.0,19120.0,7.148550724637682,19704.4472281147,689655.6529840145,,True,True,50.9707910410979,2.10627037785363
1,Céréales,BTH,190799.99999999997,152639.99999999997,19079.999999999996,7.148550724637682,19501.785339515063,682562.4868830272,,True,True,50.90945282220599,2.103709172162976
25,Cultures permanentes,PTC,190300.0,95150.0,9515.0,7.148550724637682,1385.9107587709645,48506.876556983756,,True,True,50.94135064746454,2.371829975845545
9,Fruits,LIF,190200.0,76080.0,15216.0,7.148550724637682,10866.896315504764,380341.3710426667,,True,True,50.846602752047815,2.2992365943781743
1,Céréales,BTH,190000.0,152000.0,19000.0,7.148550724637682,27560.77388843568,964627.0860952488,,True,True,50.740978972744365,2.633868162088913
25,Cultures permanentes,PTC,189700.0,94850.0,9485.0,7.148550724637682,9219.956821676387,322698.48875867354,,True,True,50.86198377669188,2.455189033870732
25,Cultures permanentes,PTC,189600.0,94800.0,9480.0,7.148550724637682,18614.53862815696,651508.8519854936,,True,True,50.76600234180195,2.4332191731153134
1,Céréales,BTH,189100.0,151280.0,18910.0,7.148550724637682,9366.5712645152,327829.994258032,,True,True,50.94542822518924,2.2485888682828743
25,Cultures permanentes,PTC,188700.0,94350.0,9435.0,7.148550724637682,10979.788248985382,384292.5887144884,,True,True,50.83257931499544,2.354467289037803
3,Protéagineux,ORH,187700.0,150160.0,18770.0,7.148550724637682,7295.1894697875705,255331.63144256498,,True,True,50.97469011041264,2.4562457892256253
24,Surfaces non agricoles,BTN,187600.00000000003,112560.00000000001,0.0,7.148550724637682,15882.940715576942,555902.9250451929,,True,False,50.96665357774767,2.160870958098712
1,Céréales,BTH,187600.00000000003,150080.00000000003,18760.000000000004,7.148550724637682,8536.26830769633,298769.39076937153,,True,True,50.96007903618207,2.492100113992672
5,Sucre,CZH,187500.0,140625.0,15000.0,7.148550724637682,25431.528894166015,890103.5112958105,,True,True,50.9912147075137,2.0301300131910254
2,Oléagineux,MIS,187500.0,150000.0,18750.0,7.148550724637682,14250.068636508568,498752.40227779985,,True,True,50.908796552366184,2.580484008031458
1,Céréales,BTH,186600.0,149280.0,18660.0,7.148550724637682,3058.7499679550656,107056.2488784273,,True,True,50.95533247952141,2.3970159810955463
1,Céréales,BTH,185700.0,148560.0,18570.0,7.148550724637682,11642.99454917402,407504.8092210907,,True,True,50.84958734791559,2.4863132842062408
1,Céréales,BTH,185600.0,148480.0,18560.0,7.148550724637682,27594.390668477306,965803.6733967058,,True,True,50.90051884647021,1.9891715714445637
1,Céréales,BTH,185100.00000000003,148080.00000000003,18510.000000000004,7.148550724637682,26922.851482289887,942299.801880146,,True,True,50.74993298571251,2.6363194703513804
18,Semences,PPH,185100.00000000003,138825.00000000003,14808.000000000002,7.148550724637682,27558.634744717703,964552.2160651196,,True,True,50.685140400191926,2.3193516723549443
1,Céréales,BTH,185100.00000000003,148080.00000000003,18510.000000000004,7.148550724637682,11265.826693692672,394303.9342792435,,True,True,50.9820531160775,2.517989490307999
2,Oléagineux,MIS,185100.00000000003,148080.00000000003,18510.000000000004,7.148550724637682,4163.673666574761,145728.57833011664,,True,True,50.90725260449373,2.332819953669551
25,Cultures permanentes,PTC,184899.99999999997,92449.99999999999,9244.999999999998,7.148550724637682,11876.398930402935,415673.9625641027,,True,True,50.873540074424824,2.2362370907319877
20,Miscanthus/autres énergies,VRG,184100.0,156485.0,0.0,7.148550724637682,22950.032671818,803251.14351363,,True,False,50.79176108269909,2.6228062120732685
1,Céréales,BTH,183900.0,147120.0,18390.0,7.148550724637682,8664.818505148422,303268.64768019476,,True,True,50.952474705194156,2.4984116466082935
25,Cultures permanentes,PTC,183700.0,91850.0,9185.0,7.148550724637682,29080.884310029007,1017830.9508510153,,True,True,50.66847017553825,2.378944197143908
1,Céréales,BTH,183200.0,146560.0,18320.0,7.148550724637682,15441.360718558912,540447.6251495619,,True,True,51.052365812178756,2.484309662611894
1,Céréales,BTH,182600.00000000003,146080.00000000003,18260.000000000004,7.148550724637682,20680.636052696398,723822.2618443739,,True,True,50.744394061238616,2.3611963369944498
1,Céréales,BTH,182399.99999999997,145919.99999999997,18239.999999999996,7.148550724637682,8144.883623833148,285070.9268341602,,True,True,50.98274034695706,2.2993040022373203
9,Fruits,LIF,182399.99999999997,72959.99999999999,14591.999999999998,7.148550724637682,13130.133796630442,459554.6828820655,,True,True,50.81399549311083,2.3450534021231797
25,Cultures permanentes,PTC,182300.0,91150.0,9115.0,7.148550724637682,4671.487452681232,163502.06084384312,,True,True,50.91775434656258,2.4437538593546515
25,Cultures permanentes,PTC,181900.0,90950.0,9095.0,7.148550724637682,8598.721346155695,300955.24711544934,,True,True,50.9562085753661,2.4954648543925937
1,Céréales,BTH,181900.0,145520.0,18190.0,7.148550724637682,15112.449434714455,528935.7302150059,,True,True,50.957995290826226,2.5910765107160314
9,Fruits,LIF,181900.0,72760.0,14552.0,7.148550724637682,20151.855633732073,705314.9471806226,,True,True,50.91338390962875,2.093718364515031
2,Oléagineux,MIS,181500.0,145200.0,18150.0,7.148550724637682,25560.637541125874,894622.3139394056,,True,True,50.7541964184604,2.145459280408558
18,Semences,PPH,181300.0,135975.0,14504.0,7.148550724637682,16979.608914600823,594286.3120110289,,True,True,50.778038596767495,2.356217431730283
1,Céréales,BTH,181100.0,144880.0,18110.0,7.148550724637682,25540.60047971081,893921.0167898784,,True,True,50.74408918686861,2.1664044175137667
2,Oléagineux,MIS,180600.0,144480.0,18060.0,7.148550724637682,27731.624743416403,970606.8660195741,,True,True,50.74097540712288,2.1223932383340123
9,Fruits,LIF,180500.0,72200.0,14440.0,7.148550724637682,12173.354060768095,426067.3921268833,,True,True,51.009459576123405,2.4995900470722505
2,Oléagineux,MIS,180400.0,144320.0,18040.0,7.148550724637682,12704.014071041094,444640.4924864383,,True,True,50.87300017701377,2.5370041734362663
18,Semences,PPH,180400.0,135300.0,14432.0,7.148550724637682,4287.993737800909,150079.78082303182,,True,True,50.96156315927096,2.415164168076731
25,Cultures permanentes,PTC,180400.0,90200.0,9020.0,7.148550724637682,26351.635550415704,922307.2442645496,,True,True,50.95834970774015,2.006578473853856
1,Céréales,BTH,180300.0,144240.0,18030.0,7.148550724637682,8838.800026010884,309358.0009103809,,True,True,51.00173911169341,2.434360080561477
1,Céréales,BTH,179800.0,143840.0,17980.0,7.148550724637682,22836.126940485752,799264.4429170013,,True,True,50.88331322866195,2.0628450313382705
2,Oléagineux,MIS,179700.0,143760.0,17970.0,7.148550724637682,23158.315883264666,810541.0559142634,,True,True,50.735693615174036,2.498701476926593
9,Fruits,LIF,179600.0,71840.0,14368.0,7.148550724637682,4772.981084719418,167054.3379651796,,True,True,50.95241906028097,2.321908345443457
9,Fruits,LIF,179400.0,71760.0,14352.0,7.148550724637682,15572.270410828209,545029.4643789873,,True,True,50.87003025508697,2.1793340913887302
1,Céréales,BTH,179300.0,143440.0,17930.0,7.148550724637682,24813.031395933685,868456.0988576789,,True,True,50.92149402758299,2.026236018732261
9,Fruits,LIF,179000.0,71600.0,14320.0,7.148550724637682,20166.232585361606,705818.1404876562,,True,True,50.96891292059746,2.0988349303896454
9,Fruits,LIF,178900.0,71560.0,14312.0,7.148550724637682,26381.838915311542,923364.362035904,,True,True,50.93985849154078,2.0038464708012866
25,Cultures permanentes,PTC,178299.99999999997,89149.99999999999,8914.999999999998,7.148550724637682,21113.434268035195,738970.1993812318,,True,True,50.975933819505535,2.0875391611016783
24,Surfaces non agricoles,BTN,177900.0,106740.0,0.0,7.148550724637682,6994.579901503132,244810.2965526096,,True,False,50.992841229918426,2.3755476825842994
9,Fruits,LIF,177500.0,71000.0,14200.0,7.148550724637682,28981.78468515043,1014362.463980265,,True,True,50.67115280425071,2.331721100018969
1,Céréales,BTH,176500.0,141200.0,17650.0,7.148550724637682,13984.70236052029,489464.5826182102,,True,True,50.82557406846422,2.491082635703497
2,Oléagineux,MIS,176400.0,141120.0,17640.0,7.148550724637682,27401.8196230958,959063.6868083529,,True,True,50.68746376037982,2.4490553012132903
1,Céréales,BTH,176200.0,140960.0,17620.0,7.148550724637682,14090.69086754229,493174.1803639801,,True,True,50.81239738374962,2.4547925306188567
1,Céréales,BTH,176100.0,140880.0,17610.0,7.148550724637682,27132.938776856125,949652.8571899644,,True,True,50.72224292265934,2.582605542690669
25,Cultures permanentes,PTC,176000.0,88000.0,8800.0,7.148550724637682,27944.25568203423,978048.948871198,,True,True,50.686909502320226,2.480872149521717
1,Céréales,BTH,175300.0,140240.0,17530.0,7.148550724637682,15872.619916055794,555541.6970619528,,True,True,51.05776922191984,2.4811288391090054
2,Oléagineux,MIS,175300.0,140240.0,17530.0,7.148550724637682,28485.07801946237,996977.7306811829,,True,True,50.703241496803734,2.5686419351191567
25,Cultures permanentes,PTC,174700.0,87350.0,8735.0,7.148550724637682,28874.37476674074,1010603.116835926,,True,True,50.764293103371585,2.696648889966487
16,Gel,TRE,174600.0,157140.0,0.0,7.148550724637682,18238.787659450445,638357.5680807655,,True,False,50.782395860139204,2.266679553611611
9,Fruits,LIF,174500.0,69800.0,13960.0,7.148550724637682,21022.38848818154,735783.5970863539,,True,True,50.74120918918541,2.364063997465304
1,Céréales,BTH,174100.0,139280.0,17410.0,7.148550724637682,27995.390582127126,979838.6703744493,,True,True,50.68406518450629,2.4652688436679493
24,Surfaces non agricoles,BTN,174000.0,104400.0,0.0,7.148550724637682,27597.857981579393,965925.0293552787,,True,False,50.707496120313586,2.554055768455879
18,Semences,PPH,174000.0,130500.0,13920.0,7.148550724637682,26973.894166925336,944086.2958423868,,True,True,50.801146688688874,2.705649593194071
1,Céréales,BTH,173900.0,139120.0,17390.0,7.148550724637682,16861.90970106687,590166.8395373404,,True,True,50.77838073767211,2.3757681354283338
25,Cultures permanentes,PTC,173800.0,86900.0,8690.0,7.148550724637682,15614.74781453064,546516.1735085724,,True,True,50.8647739094085,2.5771732964935166
25,Cultures permanentes,PTC,173400.0,86700.0,8670.0,7.148550724637682,11227.484198774511,392961.94695710787,,True,True,50.930681601153786,2.5402007852554696
2,Oléagineux,MIS,173200.0,138560.0,17320.0,7.148550724637682,29298.008023190112,1025430.2808116539,,True,True,50.672771059395465,2.470296014470389
9,Fruits,LIF,173200.0,69280.0,13856.0,7.148550724637682,8248.81570254295,288708.54958900326,,True,True,50.89173664000667,2.2792054548060507
1,Céréales,BTH,173100.0,138480.0,17310.0,7.148550724637682,9478.53712074795,331748.7992261782,,True,True,50.85278791414496,2.322740224739446
18,Semences,PPH,172800.0,129600.0,13824.0,7.148550724637682,17606.952105277924,616243.3236847273,,True,True,50.771656902382325,2.380145945285249
1,Céréales,BTH,172100.0,137680.0,17210.0,7.148550724637682,13923.352984703419,487317.35446461965,,True,True,50.950097885726834,2.1838631841241583
1,Céréales,BTH,172000.0,137600.0,17200.0,7.148550724637682,25594.190448777987,895796.6657072295,,True,True,50.93371188350259,2.014833013725609
1,Céréales,BTH,171700.00000000003,137360.00000000003,17170.000000000004,7.148550724637682,7753.529249133503,271373.5237196726,,True,True,50.86068477384493,2.3679719641666033
9,Fruits,LIF,170799.99999999997,68319.99999999999,13663.999999999998,7.148550724637682,4347.564398923326,152164.7539623164,,True,True,50.91982115525664,2.439889062860724
25,Cultures permanentes,POR,170200.0,85100.0,8510.0,7.148550724637682,7177.187908370992,251201.5767929847,,True,True,50.89508245227857,2.4660988516420064
1,Céréales,BTH,170100.00000000003,136080.00000000003,17010.000000000004,7.148550724637682,18055.88509014807,631955.9781551824,,True,True,50.88583209508698,2.132194658393835
1,Céréales,BTH,169899.99999999997,135919.99999999997,16989.999999999996,7.148550724637682,22470.794728922407,786477.8155122843,,True,True,50.923350259154674,2.0595640034818867
1,Céréales,BTH,169899.99999999997,135919.99999999997,16989.999999999996,7.148550724637682,27549.79107697955,964242.6876942843,,True,True,50.70943898401273,2.2013486899601897
1,Céréales,BTH,169800.0,135840.0,16980.0,7.148550724637682,26437.91391386204,925326.9869851714,,True,True,50.71740473182784,2.211470680840447
2,Oléagineux,MIS,169600.0,135680.0,16960.0,7.148550724637682,4131.8063136805795,144613.2209788203,,True,True,50.931165890942104,2.3210721842511197
1,Céréales,BTH,169000.0,135200.0,16900.0,7.148550724637682,8972.521039125679,314038.2363693988,,True,True,50.9348616636784,2.2521983773937313
24,Surfaces non agricoles,BTN,168900.0,101340.0,0.0,7.148550724637682,12705.248561616172,444683.699656566,,True,False,50.91580755198809,2.5598579003986606
2,Oléagineux,MIS,168500.0,134800.0,16850.0,7.148550724637682,14199.956231457683,496998.4681010189,,True,True,51.00396734109035,2.5453001707809304
1,Céréales,BTH,168500.0,134800.0,16850.0,7.148550724637682,25622.13580251291,896774.7530879518,,True,True,50.717268572386075,2.2398234365095555
5,Sucre,CZH,168400.0,126300.0,13472.0,7.148550724637682,11166.701505584248,390834.5526954487,,True,True,50.846358394613,2.2918940941981147
1,Céréales,BTH,168299.99999999997,134639.99999999997,16829.999999999996,7.148550724637682,8085.659652894879,282998.0878513208,,True,True,51.00252265159091,2.371583745475002
1,Céréales,BTH,168100.0,134480.0,16810.0,7.148550724637682,28148.21746902182,985187.6114157637,,True,True,50.68961066926925,2.254445829525701
2,Oléagineux,MIS,168100.0,134480.0,16810.0,7.148550724637682,27278.23480909493,954738.2183183226,,True,True,50.69679614920347,2.5005052176665354
25,Cultures permanentes,PTC,167700.0,83850.0,8385.0,7.148550724637682,24856.601984610115,869981.069461354,,True,True,50.953819364364804,2.027253552564643
25,Cultures permanentes,PTC,167600.00000000003,83800.00000000001,8380.000000000002,7.148550724637682,10760.7492161701,376626.2225659535,,True,True,50.92272342343707,2.5330968481810534
1,Céréales,BTH,167600.00000000003,134080.00000000003,16760.000000000004,7.148550724637682,28781.201551489736,1007342.0543021407,,True,True,50.75831058979984,2.0732405307858377
25,Cultures permanentes,PTC,167600.00000000003,83800.00000000001,8380.000000000002,7.148550724637682,16129.766113269072,564541.8139644176,,True,True,50.90199149409121,2.1542457127104866
1,Céréales,BTH,167500.0,134000.0,16750.0,7.148550724637682,28835.14349214895,1009230.0222252132,,True,True,50.81308165090461,2.013208005233939
25,Cultures permanentes,PTC,167399.99999999997,83699.99999999999,8369.999999999998,7.148550724637682,22205.642531476235,777197.4886016682,,True,True,50.76206132308757,2.5511405140601497
2,Oléagineux,MIS,167300.0,133840.0,16730.0,7.148550724637682,9921.291750425436,347245.21126489027,,True,True,50.84172300950334,2.40055481690434
9,Fruits,LIF,167000.0,66800.0,13360.0,7.148550724637682,25863.995885665005,905239.8559982751,,True,True,50.97458870486994,2.017620816565341
1,Céréales,BTH,167000.0,133600.0,16700.0,7.148550724637682,11765.7025045438,411799.587659033,,True,True,50.95030507965062,2.5447988504050723
1,Céréales,BTH,166900.0,133520.0,16690.0,7.148550724637682,6441.377282087594,225448.20487306578,,True,True,50.91778023766892,2.290168965460543
5,Sucre,CZH,166800.0,125100.0,13344.0,7.148550724637682,16982.253127077463,594378.8594477113,,True,True,51.03633031595751,2.554141335675582
3,Protéagineux,ORH,166700.00000000003,133360.00000000003,16670.000000000004,7.148550724637682,15627.606250658542,546966.218773049,,True,True,50.98967738642813,2.5820164633443694
24,Surfaces non agricoles,BTN,166600.0,99960.0,0.0,7.148550724637682,20690.072715340408,724152.5450369143,,True,False,50.958685715987684,2.088215779900954
2,Oléagineux,MIS,166500.0,133200.0,16650.0,7.148550724637682,16428.861015332084,575010.135536623,,True,True,50.88047066081488,2.6007392116096244
25,Cultures permanentes,PTC,166400.0,83200.0,8320.0,7.148550724637682,3413.3682332269946,119467.88816294482,,True,True,50.90945092451065,2.343825639638529
25,Cultures permanentes,PTC,165900.0,82950.0,8295.0,7.148550724637682,14327.510904048446,501462.8816416956,,True,True,50.92095687290128,2.5839131578079364
2,Oléagineux,MIS,165600.0,132480.0,16560.0,7.148550724637682,7787.2634960281,272554.2223609835,,True,True,50.872211963095964,2.317269999772618
24,Surfaces non agricoles,BTN,165500.0,99300.0,0.0,7.148550724637682,29700.92895011748,1039532.5132541117,,True,False,50.82378531161988,1.991591928493425
5,Sucre,CZH,165200.0,123900.0,13216.0,7.148550724637682,19249.12055945843,673719.2195810451,,True,True,50.756909160910766,2.375764457163252
24,Surfaces non agricoles,BTN,165100.00000000003,99060.00000000001,0.0,7.148550724637682,21889.036890833286,766116.291179165,,True,False,50.82978419670469,2.111461167187285
2,Oléagineux,MIS,165100.00000000003,132080.00000000003,16510.000000000004,7.148550724637682,13631.624100087698,477106.8435030694,,True,True,51.02300288675196,2.506851331606214
1,Céréales,BTH,164700.0,131760.0,16470.0,7.148550724637682,13320.306479811323,466210.7267933963,,True,True,50.852695193616306,2.5250723536071034
25,Cultures permanentes,PTC,164700.0,82350.0,8235.0,7.148550724637682,5652.472690716176,197836.54417506614,,True,True,50.92174494385439,2.4595766108926456
2,Oléagineux,MIS,164700.0,131760.0,16470.0,7.148550724637682,28904.615144816125,1011661.5300685643,,True,True,50.74800671951241,2.67391513874552
24,Surfaces non agricoles,BTN,164600.0,98760.0,0.0,7.148550724637682,18746.326029306103,656121.4110257137,,True,False,50.76330208170343,2.4198886000174378
25,Cultures permanentes,PTC,164400.0,82200.0,8220.0,7.148550724637682,3889.5649897973117,136134.77464290592,,True,True,50.96313747703886,2.397779837420902
25,Cultures permanentes,PTC,164400.0,82200.0,8220.0,7.148550724637682,21981.86859931457,769365.4009760099,,True,True,50.760880480411465,2.5421237260117557
9,Fruits,LIF,164200.00000000003,65680.00000000001,13136.000000000002,7.148550724637682,20744.19677784435,726046.8872245522,,True,True,50.97669836502033,2.0932834231940816
1,Céréales,BTH,164200.00000000003,131360.00000000003,16420.000000000004,7.148550724637682,15119.699679397483,529189.4887789119,,True,True,50.937818086290015,2.1645980698497076
1,Céréales,BTH,164100.0,131280.0,16410.0,7.148550724637682,28364.914381478146,992772.0033517351,,True,True,50.85341865812057,1.9942515617283783
18,Semences,PPH,164000.0,123000.0,13120.0,7.148550724637682,26776.176723845114,937166.185334579,,True,True,50.7468609995832,2.1324111645694552
5,Sucre,CZH,163800.0,122850.0,13104.0,7.148550724637682,17071.77524496317,597512.1335737109,,True,True,50.79241269368685,2.272068037599551
2,Oléagineux,MIS,163800.0,131040.0,16380.0,7.148550724637682,16707.093352182423,584748.2673263848,,True,True,50.953466463966265,2.144475023781088
2,Oléagineux,MIS,163400.0,130720.0,16340.0,7.148550724637682,22550.40633054542,789264.2215690897,,True,True,50.7500953771095,2.528234352235979
25,Cultures permanentes,PTC,163299.99999999997,81649.99999999999,8164.999999999999,7.148550724637682,13696.875226232029,479390.632918121,,True,True,50.81528708414418,2.451116314104262
1,Céréales,BTH,163299.99999999997,130639.99999999999,16329.999999999998,7.148550724637682,25118.07723723831,879132.7033033408,,True,True,50.720353396964356,2.246837829874863
1,Céréales,BTH,162800.0,130240.0,16280.0,7.148550724637682,7923.121776319983,277309.2621711994,,True,True,50.978493622001444,2.2971242471236386
25,Cultures permanentes,PTC,162500.0,81250.0,8125.0,7.148550724637682,29872.27862197428,1045529.7517690999,,True,True,50.82951327856655,1.9851236810441695
1,Céréales,BTH,162300.0,129840.0,16230.0,7.148550724637682,29382.437277510366,1028385.3047128628,,True,True,50.727315991299356,2.111589544631227
1,Céréales,BTH,162100.0,129680.0,16210.0,7.148550724637682,20707.788533846906,724772.5986846418,,True,True,50.89848874089376,2.088882752379728
5,Sucre,CZH,162100.0,121575.0,12968.0,7.148550724637682,16687.86551154194,584075.2929039679,,True,True,50.96206557355095,2.147301671074204
25,Cultures permanentes,PTC,162000.0,81000.0,8100.0,7.148550724637682,11837.834183078414,414324.1964077445,,True,True,51.00826237659709,2.494606019783539
1,Céréales,BTH,162000.0,129600.0,16200.0,7.148550724637682,10040.501608058179,351417.55628203624,,True,True,50.839998813764105,2.3684357443609527
5,Sucre,CZH,162000.0,121500.0,12960.0,7.148550724637682,16876.736665076387,590685.7832776735,,True,True,50.77952993254858,2.411472910061499
1,Céréales,BTH,161900.0,129520.0,16190.0,7.148550724637682,26117.13145784811,914099.6010246839,,True,True,50.735156862730044,2.5876699581467566
1,Céréales,BTH,161600.0,129280.0,16160.0,7.148550724637682,24661.85939747812,863165.0789117343,,True,True,50.93477879639014,2.0281670405813683
1,Céréales,BTH,161500.0,129200.0,16150.0,7.148550724637682,3806.7007868875203,133234.5275410632,,True,True,50.94571732251229,2.3317374821201082
2,Oléagineux,MIS,161500.0,129200.0,16150.0,7.148550724637682,12234.823355061744,428218.81742716103,,True,True,50.97029853841864,2.542517112631697
25,Cultures permanentes,PTC,161400.0,80700.0,8070.0,7.148550724637682,13251.116736541768,463789.0857789619,,True,True,50.87097177033952,2.5441493264382706
25,Cultures permanentes,PTC,161200.0,80600.0,8060.0,7.148550724637682,13607.319090247878,476256.1681586757,,True,True,50.86435520030609,2.543745549341704
1,Céréales,BTH,160799.99999999997,128639.99999999999,16079.999999999998,7.148550724637682,9213.215491095296,322462.5421883353,,True,True,51.00304039125798,2.442115804624791
25,Cultures permanentes,PTC,160100.00000000003,80050.00000000001,8005.000000000002,7.148550724637682,15093.047409349087,528256.6593272181,,True,True,50.79652865149012,2.4191113595167613
2,Oléagineux,MIS,160000.0,128000.0,16000.0,7.148550724637682,8083.833669228513,282934.17842299794,,True,True,50.953316204888715,2.489281078665784
24,Surfaces non agricoles,BTN,159900.0,95940.0,0.0,7.148550724637682,28165.741688801965,985800.9591080688,,True,False,50.7663977998382,2.0737176255730243
9,Fruits,LIF,159500.0,63800.0,12760.0,7.148550724637682,16210.035178388129,567351.2312435845,,True,True,51.032402976734765,2.544805091440754
25,Cultures permanentes,PTC,159500.0,79750.0,7975.0,7.148550724637682,10621.802102163034,371763.07357570616,,True,True,50.83451938344474,2.3845710755421266
1,Céréales,BTH,159400.0,127520.0,15940.0,7.148550724637682,23127.378190089035,809458.2366531162,,True,True,50.902582900174345,2.052974797800047
1,Céréales,BTH,159100.0,127280.0,15910.0,7.148550724637682,18954.09183837065,663393.2143429727,,True,True,50.76285306572957,2.4329541348792167
9,Fruits,LIF,159000.0,63600.0,12720.0,7.148550724637682,25422.951113126135,889803.2889594147,,True,True,50.8107286633808,2.070910937467051
2,Oléagineux,MIS,158900.0,127120.0,15890.0,7.148550724637682,14602.006282700444,511070.2198945155,,True,True,51.01492644307062,2.5390627534968493
9,Fruits,LIF,158700.0,63480.0,12696.0,7.148550724637682,28285.37056820549,989987.9698871921,,True,True,50.68560779998265,2.268327959445292
1,Céréales,BTH,158700.0,126960.0,15870.0,7.148550724637682,25761.182242531908,901641.3784886168,,True,True,50.80973247977834,2.0662317570264923
25,Cultures permanentes,PTC,158600.0,79300.0,7930.0,7.148550724637682,11756.63633644401,411482.2717755403,,True,True,50.94656054960689,2.545712619585577
24,Surfaces non agricoles,BTN,158100.0,94860.0,0.0,7.148550724637682,22428.731711103588,785005.6098886256,,True,False,50.938750796796555,2.0602388919179693
2,Oléagineux,MIS,158000.0,126400.0,15800.0,7.148550724637682,9350.357516087608,327262.5130630663,,True,True,50.94203963914382,2.512061330577622
9,Fruits,LIF,158000.0,63200.0,12640.0,7.148550724637682,4817.875676096149,168625.6486633652,,True,True,50.90716604836677,2.3215898929928973
2,Oléagineux,MIS,157800.0,126240.0,15780.0,7.148550724637682,17851.428045649052,624799.9815977168,,True,True,50.77004495262251,2.4017194845458953
7,Légumes/fleurs,OEI,157700.0,78850.0,7885.0,7.148550724637682,23387.77006709951,818571.9523484829,,True,True,50.71969320672475,2.3749205068713057
1,Céréales,BTH,157600.0,126080.0,15760.0,7.148550724637682,24810.203483951693,868357.1219383093,,True,True,50.8264998440794,2.0667265906289773
24,Surfaces non agricoles,BTN,157600.0,94560.0,0.0,7.148550724637682,28496.709304556494,997384.8256594773,,True,False,50.69806467591133,2.5525341906536307
1,Céréales,BTH,157600.0,126080.0,15760.0,7.148550724637682,19048.085731704356,666683.0006096525,,True,True,50.871285283620075,2.124830379335168
1,Céréales,BTH,157500.0,126000.0,15750.0,7.148550724637682,15029.516512539647,526033.0779388876,,True,True,50.79608522218338,2.3509560823028335
1,Céréales,BTH,157200.0,125760.0,15720.0,7.148550724637682,14854.1342545062,519894.698907717,,True,True,51.00196838165555,2.5587014543886792
18,Semences,PPH,157100.0,117825.0,12568.0,7.148550724637682,28658.066922516096,1003032.3422880634,,True,True,50.706479412677794,2.5830860707884398
1,Céréales,BTH,157100.0,125680.0,15710.0,7.148550724637682,17262.08857027189,604173.0999595162,,True,True,51.035184699307884,2.561359633127386
1,Céréales,BTH,157000.0,125600.0,15700.0,7.148550724637682,11971.154423185955,418990.40481150843,,True,True,50.87604467761288,2.5277287682908427
9,Fruits,LIF,156900.0,62760.0,12552.0,7.148550724637682,5355.6965364248545,187449.3787748699,,True,True,50.89536694954665,2.3269114030828626
1,Céréales,BTH,156800.0,125440.0,15680.0,7.148550724637682,29189.4108993466,1021629.381477131,,True,True,50.667530075127345,2.386949852636356
1,Céréales,BTH,156600.0,125280.0,15660.0,7.148550724637682,11655.884088113206,407955.9430839622,,True,True,50.96368006567892,2.537554514868661
1,Céréales,BTH,156500.0,125200.0,15650.0,7.148550724637682,15394.931783463566,538822.6124212248,,True,True,51.00214898409909,2.5676286321574486
1,Céréales,BTH,156500.0,125200.0,15650.0,7.148550724637682,26427.098660414526,924948.4531145084,,True,True,50.738669015686305,2.1567672502101782
1,Céréales,BTH,156300.0,125040.0,15630.0,7.148550724637682,5064.755036465581,177266.42627629533,,True,True,50.8878480918704,2.407371298121445
2,Oléagineux,MIS,156300.0,125040.0,15630.0,7.148550724637682,15973.226264609086,559062.919261318,,True,True,50.93688536250132,2.6076744675869454
1,Céréales,BTP,156100.0,124880.0,15610.0,7.148550724637682,26478.20132290196,926737.0463015686,,True,True,50.697073627598996,2.4583130935039508
25,Cultures permanentes,PTC,156100.0,78050.0,7805.0,7.148550724637682,10309.172883497218,360821.05092240265,,True,True,50.922576473442454,2.2333839922813143
1,Céréales,BTH,155900.0,124720.0,15590.0,7.148550724637682,17251.298817877192,603795.4586257017,,True,True,51.044742525788685,2.545883725353675
9,Fruits,LIF,155900.0,62360.0,12472.0,7.148550724637682,8464.277729611234,296249.72053639323,,True,True,50.86165282660211,2.433132576899409
24,Surfaces non agricoles,BTN,155800.0,93480.0,0.0,7.148550724637682,22296.89520859116,780391.3323006906,,True,False,50.73020507666723,2.353011702867229
1,Céréales,BTH,155500.0,124400.0,15550.0,7.148550724637682,11663.824957396086,408233.873508863,,True,True,50.95800820393235,2.21956481374745
5,Sucre,CZH,155400.0,116550.0,12432.0,7.148550724637682,15382.002376513934,538370.0831779877,,True,True,50.939503658818055,2.1610127143039617
3,Protéagineux,ORP,155400.0,124320.0,15540.0,7.148550724637682,24791.57216930224,867705.0259255783,,True,True,50.76682569031731,2.6206384455510805
1,Céréales,BTH,155400.0,124320.0,15540.0,7.148550724637682,11954.247859728255,418398.6750904889,,True,True,51.021959732096064,2.468443930205497
25,Cultures permanentes,PTC,155300.0,77650.0,7765.0,7.148550724637682,25239.321100060508,883376.2385021178,,True,True,50.73990954128741,2.1835904887965647
9,Fruits,LIF,155300.0,62120.0,12424.0,7.148550724637682,1826.0880712185992,63913.082492650974,,True,True,50.946421626739784,2.379746358432383
1,Céréales,BTH,155100.0,124080.0,15510.0,7.148550724637682,17795.45292315969,622840.8523105892,,True,True,50.81011531478405,2.5479953142459397
1,Céréales,BTH,155000.0,124000.0,15500.0,7.148550724637682,23080.198473526918,807806.9465734421,,True,True,50.752964588669975,2.2084002599225974
1,Céréales,BTH,154700.0,123760.0,15470.0,7.148550724637682,8651.820893657568,302813.7312780149,,True,True,50.970333638368736,2.2743842891271053
1,Céréales,BTH,154300.0,123440.0,15430.0,7.148550724637682,27899.375592062188,976478.1457221765,,True,True,50.71677396727958,2.1706599804920876
1,Céréales,BTH,154300.0,123440.0,15430.0,7.148550724637682,18015.281804136175,630534.8631447661,,True,True,51.045050407128045,2.561213330461663
1,Céréales,BTH,154100.0,123280.0,15410.0,7.148550724637682,9364.66604882488,327763.3117088708,,True,True,50.93025168211586,2.2463772499229098
16,Gel,MLG,154000.0,138600.0,0.0,7.148550724637682,26924.96499867119,942373.7749534916,,True,False,50.689393383486305,2.4230851447892534
1,Céréales,BTH,153900.0,123120.0,15390.0,7.148550724637682,9225.11650390615,322879.07763671526,,True,True,50.9547973900136,2.505647846958324
1,Céréales,BTH,153900.0,123120.0,15390.0,7.148550724637682,17310.196585521397,605856.8804932489,,True,True,50.975565887025304,2.143704978093334
1,Céréales,BTH,153800.0,123040.0,15380.0,7.148550724637682,18961.23268891745,663643.1441121108,,True,True,50.87837140945158,2.1222865433043965
1,Céréales,BTH,153600.0,122880.0,15360.0,7.148550724637682,24762.726368889034,866695.4229111162,,True,True,50.72214899563996,2.2534345346530875
25,Cultures permanentes,PTC,153400.0,76700.0,7670.0,7.148550724637682,20849.31692852517,729726.092498381,,True,True,50.93806801602934,2.082753880437215
25,Cultures permanentes,PTC,153400.0,76700.0,7670.0,7.148550724637682,11996.548503445867,419879.19762060535,,True,True,50.822282986122296,2.3703902453567953
9,Fruits,LIF,153200.0,61280.0,12256.0,7.148550724637682,25765.154784333678,901780.4174516787,,True,True,50.735892204437654,2.1796455110455075
5,Sucre,CZH,153100.0,114825.0,12248.0,7.148550724637682,21569.506799151055,754932.737970287,,True,True,50.92304018867326,2.072449002565241
9,Fruits,LIF,153100.0,61240.0,12248.0,7.148550724637682,14398.029633034539,503931.0371562089,,True,True,51.0480380130572,2.464561203592199
1,Céréales,BTH,153000.0,122400.0,15300.0,7.148550724637682,15888.199436864168,556086.9802902458,,True,True,51.040355400438685,2.524179461388746
1,Céréales,BTH,153000.0,122400.0,15300.0,7.148550724637682,9345.596405205202,327095.8741821821,,True,True,50.96117041180568,2.5038825126962836
1,Céréales,BTH,152600.0,122080.0,15260.0,7.148550724637682,25518.344504012814,893142.0576404484,,True,True,50.90671987710565,2.0178512602904797
1,Céréales,BTH,152500.0,122000.0,15250.0,7.148550724637682,11870.687687201858,415474.069052065,,True,True,50.93354158038534,2.5492942511042145
24,Surfaces non agricoles,BTN,152500.0,91500.0,0.0,7.148550724637682,10726.552569419102,375429.3399296686,,True,False,50.96434955415854,2.2369234857513103
18,Semences,PPH,152300.0,114225.0,12184.0,7.148550724637682,28931.61632604957,1012606.5714117349,,True,True,50.80674537091431,2.016917474289163
1,Céréales,BTH,152300.0,121840.0,15230.0,7.148550724637682,7186.361680481663,251522.6588168582,,True,True,50.95440310932282,2.4749751658399
1,Céréales,BTH,152300.0,121840.0,15230.0,7.148550724637682,22267.020869714186,779345.7304399965,,True,True,50.94717646038688,2.0633875622773883
24,Surfaces non agricoles,BTN,152000.0,91200.0,0.0,7.148550724637682,26464.964023755943,926273.740831458,,True,False,50.96654523959878,2.0067066177999955
25,Cultures permanentes,PTC,151800.0,75900.0,7590.0,7.148550724637682,25782.322234602016,902381.2782110706,,True,True,50.70464342863749,2.4663496268324256
1,Céréales,BTH,151700.0,121360.0,15170.0,7.148550724637682,18182.230380301087,636378.0633105381,,True,True,50.76692248037946,2.398969377714298
3,Protéagineux,ORH,151700.0,121360.0,15170.0,7.148550724637682,14149.91329114226,495246.9651899791,,True,True,51.01552786682455,2.52963743253583
24,Surfaces non agricoles,BTN,151700.0,91020.0,0.0,7.148550724637682,23762.229108682208,831678.0188038773,,True,False,50.754837742212516,2.1861381513143505
1,Céréales,BTH,151600.0,121280.0,15160.0,7.148550724637682,18516.740126892037,648085.9044412213,,True,True,50.86177486207517,2.139156278154705
25,Cultures permanentes,PTC,151500.0,75750.0,7575.0,7.148550724637682,25179.71671486426,881290.085020249,,True,True,50.77565540771785,2.64246561670058
9,Fruits,LIF,151500.0,60600.0,12120.0,7.148550724637682,29078.841661804327,1017759.4581631514,,True,True,50.72724570580526,2.118514457895671
25,Cultures permanentes,OIG,151400.0,75700.0,7570.0,7.148550724637682,9873.72246215968,345580.2861755888,,True,True,50.919903133596435,2.2400423132983738
1,Céréales,BTH,151300.0,121040.0,15130.0,7.148550724637682,26150.529722948115,915268.5403031841,,True,True,50.92447337639881,2.006986955812138
9,Fruits,LIF,151200.0,60480.0,12096.0,7.148550724637682,5389.304430022154,188625.6550507754,,True,True,50.9062481532996,2.4470149966080914
1,Céréales,BTP,150700.0,120560.0,15070.0,7.148550724637682,11090.120307459161,388154.21076107066,,True,True,50.95279176536304,2.5340937091203486
2,Oléagineux,MIS,150100.0,120080.0,15010.0,7.148550724637682,13415.84982594699,469554.74390814465,,True,True,50.99327238178163,2.543104606527436
1,Céréales,BTH,150100.0,120080.0,15010.0,7.148550724637682,6279.950981430552,219798.28435006933,,True,True,50.87839611562523,2.3436077567404814
25,Cultures permanentes,PTC,150100.0,75050.0,7505.0,7.148550724637682,14389.535062746507,503633.72719612776,,True,True,50.80124426826637,2.4005636705753237
24,Surfaces non agricoles,BTN,150000.0,90000.0,0.0,7.148550724637682,8674.259993842703,303599.0997844946,,True,False,51.000065364570084,2.434458425511241
1,Céréales,BTH,150000.0,120000.0,15000.0,7.148550724637682,24756.582734189476,866480.3956966316,,True,True,50.756692575949856,2.1586604067211357
5,Sucre,CZH,149900.0,112425.0,11992.0,7.148550724637682,14394.250019451738,503798.75068081083,,True,True,51.01896297893061,2.529345007754495
5,Sucre,CZH,149700.0,112275.0,11976.0,7.148550724637682,28181.70637401253,986359.7230904385,,True,True,50.80969018067523,2.0265308058699336
2,Oléagineux,MIS,149700.0,119760.0,14970.0,7.148550724637682,14875.671428394002,520648.49999379006,,True,True,50.79642063459546,2.3683924709750923
3,Protéagineux,ORH,149600.0,119680.0,14960.0,7.148550724637682,20033.86420666391,701185.2472332369,,True,True,51.07264059950927,2.554901561073165
25,Cultures permanentes,PTC,149500.0,74750.0,7475.0,7.148550724637682,5117.628513307528,179116.99796576347,,True,True,50.893837352989,2.425151526944233
25,Cultures permanentes,NVT,149500.0,74750.0,7475.0,7.148550724637682,14238.793662298713,498357.7781804549,,True,True,50.898520565808184,2.183130234337968
9,Fruits,LIF,149400.0,59760.0,11952.0,7.148550724637682,21660.216419585377,758107.5746854881,,True,True,50.97899841077982,2.080713113851158
1,Céréales,BTH,149300.0,119440.0,14930.0,7.148550724637682,5870.609570401618,205471.33496405662,,True,True,50.95772977823577,2.308696415526746
9,Fruits,LIF,149300.0,59720.0,11944.0,7.148550724637682,20630.836441888794,722079.2754661078,,True,True,50.93587145341184,2.085750466533101
9,Fruits,LIF,149300.0,59720.0,11944.0,7.148550724637682,15071.44797105481,527500.6789869183,,True,True,51.035209208613615,2.5157364471078454
3,Protéagineux,ORH,149200.0,119360.0,14920.0,7.148550724637682,6499.902039692592,227496.5713892407,,True,True,50.96527453770799,2.4539840554550487
9,Fruits,LIF,149200.0,59680.0,11936.0,7.148550724637682,11130.93716636804,389582.8008228814,,True,True,50.9300872535942,2.2211742651719155
1,Céréales,BTH,149200.0,119360.0,14920.0,7.148550724637682,13439.474224181466,470381.5978463513,,True,True,50.95792503152363,2.1933667264830743
2,Oléagineux,MIS,149000.0,119200.0,14900.0,7.148550724637682,17347.333341499318,607156.6669524761,,True,True,50.78871230709931,2.484802902299683
1,Céréales,BTH,148800.0,119040.0,14880.0,7.148550724637682,25531.632165044382,893607.1257765534,,True,True,50.720788557555316,2.230217700340169
1,Céréales,BTH,148800.0,119040.0,14880.0,7.148550724637682,25879.464234638137,905781.2482123348,,True,True,50.77566041600305,2.1040608953705826
1,Céréales,BTH,148600.0,118880.0,14860.0,7.148550724637682,25454.41669375085,890904.5842812797,,True,True,50.98837586675401,2.0285819152631546
24,Surfaces non agricoles,BTN,148500.0,89100.0,0.0,7.148550724637682,12892.285798795563,451230.0029578447,,True,False,51.012131206180385,2.5099590926394755
2,Oléagineux,MIS,148500.0,118800.0,14850.0,7.148550724637682,13547.551217970566,474164.2926289698,,True,True,50.81407724996228,2.4394178636798847
2,Oléagineux,MIS,148400.0,118720.0,14840.0,7.148550724637682,9305.748615683264,325701.20154891425,,True,True,50.84719137748622,2.360812034578347
1,Céréales,BTH,148100.0,118480.0,14810.0,7.148550724637682,8181.004857454866,286335.1700109203,,True,True,50.997003658926694,2.4282528836410626
25,Cultures permanentes,PTC,148000.0,74000.0,7400.0,7.148550724637682,26112.58276367985,913940.3967287948,,True,True,50.742049539705036,2.602935665045372
1,Céréales,BTH,147900.0,118320.0,14790.0,7.148550724637682,10364.88494791472,362770.9731770152,,True,True,50.84060903380115,2.4218790767848084
25,Cultures permanentes,PTC,147800.0,73900.0,7390.0,7.148550724637682,21745.00879105844,761075.3076870454,,True,True,50.80016280995676,2.611699083418613
24,Surfaces non agricoles,BTN,147800.0,88680.0,0.0,7.148550724637682,15609.421541997217,546329.7539699026,,True,False,50.98593223379799,2.5844085209103875
25,Cultures permanentes,PTC,147700.0,73850.0,7385.0,7.148550724637682,11752.498866213133,411337.46031745966,,True,True,50.953987845617895,2.543360674388252
1,Céréales,BTH,147500.0,118000.0,14750.0,7.148550724637682,22289.664795505276,780138.2678426846,,True,True,50.75462440115042,2.5337514123898304
1,Céréales,BTH,147400.0,117920.0,14740.0,7.148550724637682,21523.526376147565,753323.4231651648,,True,True,50.83162735818873,2.1157811835804936
2,Oléagineux,MIS,147200.0,117760.0,14720.0,7.148550724637682,21640.7102949216,757424.860322256,,True,True,50.73947564440816,2.3171163827090013
1,Céréales,BTH,147200.0,117760.0,14720.0,7.148550724637682,29615.475139814556,1036541.6298935094,,True,True,50.733382827175824,2.095546696610772
3,Protéagineux,ORP,147200.0,117760.0,14720.0,7.148550724637682,23390.569976122213,818669.9491642774,,True,True,50.71980549803091,2.366935517595892
24,Surfaces non agricoles,BTN,147100.0,88260.0,0.0,7.148550724637682,5501.696421528268,192559.37475348936,,True,False,50.978908600622326,2.39188112369325
9,Fruits,LIF,147000.0,58800.0,11760.0,7.148550724637682,23328.49614005444,816497.3649019054,,True,True,50.94919141262598,2.048456238412036
25,Cultures permanentes,PTC,147000.0,73500.0,7350.0,7.148550724637682,9498.663952572171,332453.238340026,,True,True,50.92649456220286,2.5154157135154773
24,Surfaces non agricoles,BTN,146900.0,88140.0,0.0,7.148550724637682,11768.251109921368,411888.7888472479,,True,False,51.01011307121939,2.4898222605754254
1,Céréales,BTP,146800.0,117440.0,14680.0,7.148550724637682,20606.769298608815,721236.9254513085,,True,True,50.917933155602455,2.086627037898566
1,Céréales,BTH,146800.0,117440.0,14680.0,7.148550724637682,11069.331792481687,387426.61273685907,,True,True,50.87295784559844,2.5093659941780655
25,Cultures permanentes,PTC,146700.0,73350.0,7335.0,7.148550724637682,12891.942875361823,451218.0006376638,,True,True,50.99069035796402,2.5368393456763965
2,Oléagineux,MIS,146700.0,117360.0,14670.0,7.148550724637682,22518.10768763397,788133.7690671888,,True,True,50.72888954067672,2.417631324192446
18,Semences,PPH,146600.0,109950.0,11728.0,7.148550724637682,18332.81038029102,641648.3633101857,,True,True,50.76584443290404,2.4042988885893335
25,Cultures permanentes,PTC,146600.0,73300.0,7330.0,7.148550724637682,16409.21126304061,574322.3942064214,,True,True,50.969868522757324,2.1544693982549656
1,Céréales,BTH,146600.0,117280.0,14660.0,7.148550724637682,1996.593933442415,69880.78767048453,,True,True,50.94417005619016,2.397500198032398
1,Céréales,BTH,146600.0,117280.0,14660.0,7.148550724637682,10771.57335565785,377005.06744802475,,True,True,50.843274656833486,2.4484137694835884
1,Céréales,BTH,146600.0,117280.0,14660.0,7.148550724637682,15222.20613803311,532777.2148311589,,True,True,51.029625893629564,2.5291281550439666
2,Oléagineux,MIS,146400.0,117120.0,14640.0,7.148550724637682,26294.863791740325,920320.2327109114,,True,True,50.989069359829536,2.016465140479563
1,Céréales,BTH,146400.0,117120.0,14640.0,7.148550724637682,27206.888717721864,952241.1051202653,,True,True,50.83293874801275,2.0240116358304614
1,Céréales,BTH,146400.0,117120.0,14640.0,7.148550724637682,29417.48654685265,1029612.0291398428,,True,True,50.68461277735083,2.5364631361837944
3,Protéagineux,ORH,146400.0,117120.0,14640.0,7.148550724637682,11475.000633103768,401625.0221586319,,True,True,50.925181690909156,2.216452000755559
24,Surfaces non agricoles,BTN,146400.0,87840.0,0.0,7.148550724637682,29778.720906968607,1042255.2317439013,,True,False,50.91550335340329,1.9557805484458108
1,Céréales,BTH,146300.0,117040.0,14630.0,7.148550724637682,26838.58957242073,939350.6350347255,,True,True,50.69341646133613,2.304341974337336
25,Cultures permanentes,PTC,146300.0,73150.0,7315.0,7.148550724637682,17477.685643408655,611718.9975193029,,True,True,50.94788339708976,2.132185261741851
1,Céréales,BTH,146300.0,117040.0,14630.0,7.148550724637682,13533.376879655872,473668.19078795554,,True,True,51.03635038508475,2.474008003729577
1,Céréales,BTH,146100.0,116880.0,14610.0,7.148550724637682,25841.641818627722,904457.4636519703,,True,True,50.95004415052395,2.012564078736612
3,Protéagineux,ORH,146000.0,116800.0,14600.0,7.148550724637682,8411.236923061162,294393.29230714065,,True,True,51.00128188436942,2.4201983588552856
1,Céréales,BTH,146000.0,116800.0,14600.0,7.148550724637682,27590.179638905196,965656.2873616818,,True,True,50.69204798517726,2.2687162603181927
1,Céréales,BTH,146000.0,116800.0,14600.0,7.148550724637682,28908.49779810691,1011797.4229337418,,True,True,50.69814548283098,2.5661477733798392
25,Cultures permanentes,PTC,145900.0,72950.0,7295.0,7.148550724637682,29288.325242305462,1025091.3834806911,,True,True,50.69067535668035,2.5540911141789553
25,Cultures permanentes,PTC,145900.0,72950.0,7295.0,7.148550724637682,8378.495304168779,293247.33564590727,,True,True,50.856324893243126,2.405043988527896
25,Cultures permanentes,PTC,145800.0,72900.0,7290.0,7.148550724637682,2836.2706478037235,99269.47267313032,,True,True,50.91904495115707,2.4165433091611948
1,Céréales,BTH,145800.0,116640.0,14580.0,7.148550724637682,18058.11692042019,632034.0922147067,,True,True,50.88219816030491,2.133872765146168
1,Céréales,BTH,145800.0,116640.0,14580.0,7.148550724637682,29019.77199659247,1015692.0198807365,,True,True,50.84089739856794,1.99117375595845
18,Semences,PPH,145800.0,109350.0,11664.0,7.148550724637682,29044.532519388118,1016558.6381785842,,True,True,50.69417632074327,2.2022483668382793
1,Céréales,BTH,145700.0,116560.0,14570.0,7.148550724637682,24226.149219538907,847915.2226838617,,True,True,50.79220704477748,2.112632420151194
5,Sucre,CZH,145700.0,109275.0,11656.0,7.148550724637682,22282.03656634114,779871.2798219399,,True,True,50.985020999344755,2.0740994558660564
1,Céréales,BTH,145600.0,116480.0,14560.0,7.148550724637682,6185.084577364814,216477.9602077685,,True,True,50.982398831596456,2.3503695083273453
1,Céréales,BTH,145500.0,116400.0,14550.0,7.148550724637682,19946.2329875449,698118.1545640714,,True,True,50.787659156681755,2.5529362712923254
1,Céréales,BTH,145400.0,116320.0,14540.0,7.148550724637682,29829.651049875964,1044037.7867456587,,True,True,50.92133599815067,1.954626401696656
9,Fruits,LIF,145300.0,58120.0,11624.0,7.148550724637682,24894.043861744856,871291.53516107,,True,True,50.91030321776814,2.026242719996973
24,Surfaces non agricoles,BTN,145200.0,87120.0,0.0,7.148550724637682,20558.532549392483,719548.6392287369,,True,False,50.988517653120596,2.1015587073848785
18,Semences,PPH,145100.0,108825.0,11608.0,7.148550724637682,29496.472282104307,1032376.5298736508,,True,True,50.78109608675011,2.032239070741254
1,Céréales,BTH,145000.0,116000.0,14500.0,7.148550724637682,10005.708034675301,350199.7812136355,,True,True,50.937072336212985,2.2376609109692596
2,Oléagineux,MIS,145000.0,116000.0,14500.0,7.148550724637682,24657.619266207337,863016.6743172568,,True,True,50.75154412365815,2.588452219358612
1,Céréales,BTH,144900.0,115920.0,14490.0,7.148550724637682,22378.05582335656,783231.9538174797,,True,True,50.78643691591757,2.603428607936895
1,Céréales,BTH,144900.0,115920.0,14490.0,7.148550724637682,23658.250456684,828038.76598394,,True,True,50.76504050521291,2.167173374330609
2,Oléagineux,MIS,144900.0,115920.0,14490.0,7.148550724637682,5375.627578913659,188146.96526197807,,True,True,50.89526344712473,2.433327728102011
9,Fruits,LIF,144800.0,57920.0,11584.0,7.148550724637682,14691.738289312007,514210.84012592025,,True,True,50.95172407640631,2.1731704992792475
1,Céréales,BTH,144800.0,115840.0,14480.0,7.148550724637682,26194.646587488405,916812.6305620942,,True,True,50.92957587830247,2.0062345620868647
5,Sucre,CZH,144800.0,108600.0,11584.0,7.148550724637682,25523.722619256754,893330.2916739864,,True,True,50.979686419428916,2.0242500513612574
1,Céréales,BTH,144600.0,115680.0,14460.0,7.148550724637682,12944.882238269833,453070.87833944417,,True,True,50.99607090766,2.532187063229285
1,Céréales,BTH,144600.0,115680.0,14460.0,7.148550724637682,23083.248670600176,807913.7034710061,,True,True,50.76508755706791,2.180296668496766
25,Cultures permanentes,PTC,144400.0,72200.0,7220.0,7.148550724637682,9424.521967039074,329858.2688463676,,True,True,50.84531786761351,2.3856369217105176
25,Cultures permanentes,PTC,144400.0,72200.0,7220.0,7.148550724637682,21154.148046319286,740395.181621175,,True,True,50.73982586752425,2.388152838273089
1,Céréales,BTH,144400.0,115520.0,14440.0,7.148550724637682,26965.24716054837,943783.650619193,,True,True,50.69095908300775,2.444629434564123
1,Céréales,BTH,144400.0,115520.0,14440.0,7.148550724637682,23787.253120441594,832553.8592154558,,True,True,50.95828071668502,2.0434597775135805
1,Céréales,BTH,144300.0,115440.0,14430.0,7.148550724637682,25061.336574297176,877146.7801004011,,True,True,50.77085412134574,2.632780908427086
25,Cultures permanentes,PTC,144300.0,72150.0,7215.0,7.148550724637682,27185.95943510398,951508.5802286393,,True,True,50.7461333799458,2.6351747093159683
9,Fruits,LIF,144200.0,57680.0,11536.0,7.148550724637682,28926.356942817,1012422.492998595,,True,True,50.69364108462907,2.20802758090773
1,Céréales,BTH,144200.0,115360.0,14420.0,7.148550724637682,15263.68337049158,534228.9179672053,,True,True,50.96682640766092,2.170105709446506
1,Céréales,BTH,144200.0,115360.0,14420.0,7.148550724637682,22559.201103891,789572.038636185,,True,True,50.97872784897006,2.0673646120699467
1,Céréales,BTH,144100.0,115280.0,14410.0,7.148550724637682,14063.947608690338,492238.16630416183,,True,True,51.0241518357083,2.514134214351124
1,Céréales,BTH,143900.0,115120.0,14390.0,7.148550724637682,25398.93861025704,888962.8513589964,,True,True,50.982954191213814,2.0272587325451505
1,Céréales,BTH,143700.0,114960.0,14370.0,7.148550724637682,14575.780653627124,510152.3228769493,,True,True,50.983184283076724,2.5702007594336043
25,Cultures permanentes,PTC,143500.0,71750.0,7175.0,7.148550724637682,26233.67296860606,918178.5539012122,,True,True,50.70326588475229,2.483212044515684
3,Protéagineux,ORH,143500.0,114800.0,14350.0,7.148550724637682,22557.95122075304,789528.2927263563,,True,True,50.9100611621927,2.059750878197246
1,Céréales,BTH,143300.0,114640.0,14330.0,7.148550724637682,4899.688792292234,171489.1077302282,,True,True,50.89835388752326,2.428632446733298
25,Cultures permanentes,PTC,143200.0,71600.0,7160.0,7.148550724637682,9934.318655480214,347701.1529418075,,True,True,50.919212073343665,2.52069776830522
1,Céréales,BTH,143200.0,114560.0,14320.0,7.148550724637682,13981.668249927206,489358.38874745223,,True,True,50.93954186951115,2.578947464818425
24,Surfaces non agricoles,BTN,143100.0,85860.0,0.0,7.148550724637682,25460.175776380907,891106.1521733317,,True,False,50.73964445851939,2.1785202059157145
1,Céréales,BTH,143100.0,114480.0,14310.0,7.148550724637682,8886.55088063601,311029.28082226036,,True,True,50.99375859373087,2.4565045945631225
2,Oléagineux,MIS,143000.0,114400.0,14300.0,7.148550724637682,26148.771522126084,915207.003274413,,True,True,50.777267771844755,2.0967564814618656
18,Semences,PPH,143000.0,107250.0,11440.0,7.148550724637682,29123.835283573324,1019334.2349250664,,True,True,50.69996125597769,2.18179542618955
25,Cultures permanentes,PTC,143000.0,71500.0,7150.0,7.148550724637682,16874.945282791567,590623.0848977049,,True,True,51.0621830362152,2.498462479903405
1,Céréales,BTH,142800.0,114240.0,14280.0,7.148550724637682,29984.635690444553,1049462.2491655594,,True,True,50.67917004622252,2.536645901110284
2,Oléagineux,MIS,142800.0,114240.0,14280.0,7.148550724637682,7760.593174731525,271620.7611156034,,True,True,50.99228230753495,2.430004168622083
9,Fruits,LIF,142800.0,57120.0,11424.0,7.148550724637682,2936.107579296563,102763.7652753797,,True,True,50.907545500250045,2.3579619830253313
1,Céréales,BTH,142800.0,114240.0,14280.0,7.148550724637682,12954.334088395774,453401.6930938521,,True,True,51.03090757891078,2.4724818597181066
1,Céréales,BTH,142800.0,114240.0,14280.0,7.148550724637682,4930.212293429395,172557.43027002882,,True,True,50.96709750593925,2.3414563137154834
1,Céréales,BTH,142700.0,114160.0,14270.0,7.148550724637682,15531.467204034945,543601.352141223,,True,True,50.860829832842064,2.1876090253813874
1,Céréales,BTH,142700.0,114160.0,14270.0,7.148550724637682,28433.951536758323,995188.3037865413,,True,True,50.745290223432576,2.6600186331902984
1,Céréales,BTH,142600.0,114080.0,14260.0,7.148550724637682,29043.77258752985,1016532.0405635447,,True,True,50.968211454129346,1.969868527684432
3,Protéagineux,ORP,142500.0,114000.0,14250.0,7.148550724637682,25992.024016778218,909720.8405872376,,True,True,50.93709311872645,2.009265972310977
2,Oléagineux,MIS,142400.0,113920.0,14240.0,7.148550724637682,21844.364919852094,764552.7721948233,,True,True,50.73407428688602,2.402732668788933
1,Céréales,BTH,142200.0,113760.0,14220.0,7.148550724637682,8913.734983891072,311980.72443618753,,True,True,50.863737405524034,2.451530206972435
1,Céréales,BTH,142200.0,113760.0,14220.0,7.148550724637682,931.7735191970592,32612.07317189707,,True,True,50.933685142535765,2.3919411274803766
2,Oléagineux,MIS,142100.0,113680.0,14210.0,7.148550724637682,20499.133247464622,717469.6636612618,,True,True,50.795002254774886,2.5789052947458826
2,Oléagineux,MIS,142000.0,113600.0,14200.0,7.148550724637682,12056.582393672421,421980.3837785347,,True,True,50.880657780005194,2.533106952990049
1,Céréales,BTH,141900.0,113520.0,14190.0,7.148550724637682,9005.245307251762,315183.58575381164,,True,True,50.973463245630285,2.2715271024700834
1,Céréales,BTH,141500.0,113200.0,14150.0,7.148550724637682,26649.109819287187,932718.8436750516,,True,True,50.93507031315116,1.9998119499454836
1,Céréales,BTH,141300.0,113040.0,14130.0,7.148550724637682,25902.521368461777,906588.2478961622,,True,True,50.99322343905239,2.0240315380821277
24,Surfaces non agricoles,BTN,141200.0,84720.0,0.0,7.148550724637682,26610.79133114412,931377.6965900442,,True,False,50.739759244972156,2.150103223108558
25,Cultures permanentes,PTC,141200.0,70600.0,7060.0,7.148550724637682,24414.091755841815,854493.2114544635,,True,True,50.829588834786634,2.0705365299261875
1,Céréales,BTP,141200.0,112960.0,14120.0,7.148550724637682,13100.37763038767,458513.2170635684,,True,True,50.839694097537354,2.260065364121728
25,Cultures permanentes,PTC,141100.0,70550.0,7055.0,7.148550724637682,12228.106978680162,427983.74425380566,,True,True,50.84216231823949,2.484881630076022
25,Cultures permanentes,PTC,141100.0,70550.0,7055.0,7.148550724637682,8867.827319260508,310373.9561741178,,True,True,50.9209957512545,2.5057124098063093
25,Cultures permanentes,PTC,141000.0,70500.0,7050.0,7.148550724637682,8758.73579245614,306555.7527359649,,True,True,50.86441379388326,2.4491658212476506
3,Protéagineux,ORH,140800.0,112640.0,14080.0,7.148550724637682,29739.324617417893,1040876.3616096262,,True,True,50.70142716713501,2.160202962072495
1,Céréales,BTH,140700.0,112560.0,14070.0,7.148550724637682,10640.209168411777,372407.3208944122,,True,True,50.98072200807521,2.2511901638940994
1,Céréales,BTH,140700.0,112560.0,14070.0,7.148550724637682,778.9890203241295,27264.61571134453,,True,True,50.92322693934618,2.382839943036132
25,Cultures permanentes,PTC,140700.0,70350.0,7035.0,7.148550724637682,19534.62918025376,683712.0213088816,,True,True,50.87219957474348,2.116945004128772
25,Cultures permanentes,PTC,140600.0,70300.0,7030.0,7.148550724637682,4175.670094100267,146148.45329350934,,True,True,50.90545760446204,2.334915037798229
1,Céréales,BTH,140600.0,112480.0,14060.0,7.148550724637682,14661.745642580436,513161.09749031527,,True,True,50.96886763376826,2.579994247874632
2,Oléagineux,MIS,140500.0,112400.0,14050.0,7.148550724637682,26835.526878735353,939243.4407557374,,True,True,50.74000731362376,2.615637123593231
1,Céréales,BTH,140400.0,112320.0,14040.0,7.148550724637682,16912.2881170601,591930.0840971034,,True,True,50.81322662478741,2.2255720591442656
1,Céréales,BTH,140300.0,112240.0,14030.0,7.148550724637682,10626.05383124429,371911.88409355015,,True,True,50.83446118867101,2.376634937722027
25,Cultures permanentes,PTC,140300.0,70150.0,7015.0,7.148550724637682,14157.246378774826,495503.6232571189,,True,True,50.90334043611738,2.182527095402491
1,Céréales,BTH,140200.0,112160.0,14020.0,7.148550724637682,27215.2195985229,952532.6859483016,,True,True,50.685918646097235,2.4086601945015813
1,Céréales,BTH,140100.0,112080.0,14010.0,7.148550724637682,11390.662873831468,398673.2005841014,,True,True,50.93068697582825,2.2174708203773448
1,Céréales,BTH,140100.0,112080.0,14010.0,7.148550724637682,5592.044584935522,195721.56047274327,,True,True,50.889202799592425,2.3333640276035506
1,Céréales,BTH,140100.0,112080.0,14010.0,7.148550724637682,13283.235684156076,464913.24894546263,,True,True,50.82878656568401,2.279433146113165
9,Fruits,LIF,140100.0,56040.0,11208.0,7.148550724637682,28187.32366252089,986556.3281882311,,True,True,50.9311263748416,1.9777980544759688
1,Céréales,BTH,140000.0,112000.0,14000.0,7.148550724637682,20888.30350447436,731090.6226566025,,True,True,50.942048883057566,2.082523017051184
25,Cultures permanentes,PTC,139900.0,69950.0,6995.0,7.148550724637682,20565.68638769128,719799.0235691948,,True,True,50.993956240502264,2.104465030285796
1,Céréales,BTH,139800.0,111840.0,13980.0,7.148550724637682,13148.104519354772,460183.65817741706,,True,True,51.0158674272728,2.509098846819544
25,Cultures permanentes,PTC,139700.0,69850.0,6985.0,7.148550724637682,7411.5982206501285,259405.9377227545,,True,True,50.96903750252881,2.4657554119398095
1,Céréales,BTH,139500.0,111600.0,13950.0,7.148550724637682,9214.551124732217,322509.2893656276,,True,True,50.95517805348413,2.2547007284443277
2,Oléagineux,MIS,139500.0,111600.0,13950.0,7.148550724637682,29025.77242115765,1015902.0347405177,,True,True,50.69089356073001,2.5457347769592076
1,Céréales,BTH,139400.0,111520.0,13940.0,7.148550724637682,12295.057067033873,430326.99734618556,,True,True,50.83876882269391,2.4790264630694483
1,Céréales,BTH,139400.0,111520.0,13940.0,7.148550724637682,27337.495364464998,956812.337756275,,True,True,50.96995479072987,1.9949452970486452
24,Surfaces non agricoles,BTN,139300.0,83580.0,0.0,7.148550724637682,22328.71482615454,781505.0189154089,,True,False,50.96463078472437,2.066051585796722
2,Oléagineux,MIS,139300.0,111440.0,13930.0,7.148550724637682,5105.9619874627215,178708.66956119525,,True,True,50.97511790535009,2.3935562796004883
1,Céréales,BTH,139000.0,111200.0,13900.0,7.148550724637682,12087.156880470342,423050.49081646197,,True,True,50.957235601627026,2.212982527712851
25,Cultures permanentes,PTC,139000.0,69500.0,6950.0,7.148550724637682,7191.230957781983,251693.08352236942,,True,True,50.880527933386055,2.446053416719749
1,Céréales,BTH,138900.0,111120.0,13890.0,7.148550724637682,5991.100296239567,209688.51036838483,,True,True,50.98247606961639,2.399393527393032
1,Céréales,BTH,138700.0,110960.0,13870.0,7.148550724637682,14428.968426924477,505013.8949423567,,True,True,50.91100103647547,2.176375507831681
1,Céréales,BTH,138700.0,110960.0,13870.0,7.148550724637682,5763.198587415617,201711.9505595466,,True,True,50.95129285022339,2.305008692283234
5,Sucre,CZH,138700.0,104025.0,11096.0,7.148550724637682,15305.281557757575,535684.8545215151,,True,True,50.792859495351806,2.361370517931472
25,Cultures permanentes,PTC,138700.0,69350.0,6935.0,7.148550724637682,28229.697190726525,988039.4016754284,,True,True,50.688066663697185,2.2582266710887837
1,Céréales,BTH,138600.0,110880.0,13860.0,7.148550724637682,15764.455960084862,551755.9586029702,,True,True,51.014344188154325,2.5609675174577653
1,Céréales,BTH,138500.0,110800.0,13850.0,7.148550724637682,8012.406858759918,280434.2400565971,,True,True,50.990535517636225,2.3179450208559644
2,Oléagineux,MIS,138400.0,110720.0,13840.0,7.148550724637682,7745.998366713882,271109.94283498585,,True,True,50.89142782310931,2.4719983677163517
9,Fruits,LIF,138200.0,55280.0,11056.0,7.148550724637682,14370.040174184893,502951.40609647124,,True,True,51.0424319527484,2.481221536647001
1,Céréales,BTH,138200.0,110560.0,13820.0,7.148550724637682,29100.741502434008,1018525.9525851903,,True,True,50.72084065496039,2.6290213245254637
1,Céréales,BTH,138200.0,110560.0,13820.0,7.148550724637682,21641.303237135762,757445.6132997517,,True,True,50.79496129873665,2.60205126173069
3,Protéagineux,ORP,138100.0,110480.0,13810.0,7.148550724637682,15817.40954003782,553609.3339013237,,True,True,50.96891830514904,2.5971758806368532
1,Céréales,BTH,138100.0,110480.0,13810.0,7.148550724637682,9273.661996028786,324578.16986100754,,True,True,51.00073901396268,2.450144773799262
2,Oléagineux,MIS,137800.0,110240.0,13780.0,7.148550724637682,11611.765384137445,406411.78844481055,,True,True,51.02345591282242,2.4540017720129184
1,Céréales,BTH,137700.0,110160.0,13770.0,7.148550724637682,29660.890937106662,1038131.1827987331,,True,True,50.841977082697504,1.9808570081669952
1,Céréales,BTH,137700.0,110160.0,13770.0,7.148550724637682,10085.573411887392,352995.0694160587,,True,True,50.94439968164063,2.52210636209063
1,Céréales,BTH,137600.0,110080.0,13760.0,7.148550724637682,24236.657471760303,848283.0115116106,,True,True,50.74793482552258,2.1902323651091513
1,Céréales,BTH,137500.0,110000.0,13750.0,7.148550724637682,18005.609911814146,630196.3469134951,,True,True,50.79526750648684,2.5223074260235183
25,Cultures permanentes,PTC,137500.0,68750.0,6875.0,7.148550724637682,28414.539283945025,994508.8749380759,,True,True,50.69367879898126,2.5338638554960426
24,Surfaces non agricoles,BTN,137500.0,82500.0,0.0,7.148550724637682,27111.452132959617,948900.8246535866,,True,False,50.764794428485466,2.664006519688416
1,Céréales,BTH,137200.0,109760.0,13720.0,7.148550724637682,9262.599536717224,324190.98378510284,,True,True,50.891736327895615,2.4973498099249363
25,Cultures permanentes,PTC,137200.0,68600.0,6860.0,7.148550724637682,20837.923695105677,729327.3293286987,,True,True,50.8087791227118,2.6064550719801525
25,Cultures permanentes,PTC,137200.0,68600.0,6860.0,7.148550724637682,28705.643520402075,1004697.5232140726,,True,True,50.69919428884668,2.5630286410979704
9,Fruits,LIF,137000.0,54800.0,10960.0,7.148550724637682,20084.97655217659,702974.1793261807,,True,True,50.74946865262008,2.389381787543441
25,Cultures permanentes,PTC,137000.0,68500.0,6850.0,7.148550724637682,13314.531968443178,466008.6188955112,,True,True,51.014726758911976,2.514369527477944
9,Fruits,LIF,136800.0,54720.0,10944.0,7.148550724637682,4829.386262516017,169028.5191880606,,True,True,50.893196898457184,2.3434241167674688
24,Surfaces non agricoles,BTN,136800.0,82080.0,0.0,7.148550724637682,23426.34194687325,819921.9681405637,,True,False,50.80828177633415,2.107521511906372
24,Surfaces non agricoles,BTN,136700.0,82020.0,0.0,7.148550724637682,10421.174680396314,364741.113813871,,True,False,50.963069901356285,2.240817142734672
1,Céréales,BTH,136600.0,109280.0,13660.0,7.148550724637682,4905.897096636771,171706.39838228698,,True,True,50.949022259515,2.4431738721126046
9,Fruits,LIF,136600.0,54640.0,10928.0,7.148550724637682,24021.940757725195,840767.9265203818,,True,True,50.80321015506738,2.102852970208179
1,Céréales,BTH,136600.0,109280.0,13660.0,7.148550724637682,26126.43549540605,914425.2423392117,,True,True,50.71618256292913,2.2258013475851537
1,Céréales,BTH,136500.0,109200.0,13650.0,7.148550724637682,26741.22441986177,935942.8546951619,,True,True,50.6919108896979,2.326359381611001
18,Semences,PPH,136400.0,102300.0,10912.0,7.148550724637682,11683.035645629194,408906.2475970218,,True,True,50.900457129539866,2.539927116734114
2,Oléagineux,MIS,136200.0,108960.0,13620.0,7.148550724637682,15653.289784334993,547865.1424517247,,True,True,50.89280144701016,2.5953294201067854
1,Céréales,BTH,136200.0,108960.0,13620.0,7.148550724637682,23896.118737549157,836364.1558142205,,True,True,50.80789797231441,2.0997798119707047
25,Cultures permanentes,PTC,136100.0,68050.0,6805.0,7.148550724637682,12196.100819007572,426863.528665265,,True,True,50.8241719041597,2.334325421912255
18,Semences,PPH,136100.0,102075.0,10888.0,7.148550724637682,27610.42397271173,966364.8390449106,,True,True,50.682452602989855,2.3492990290854943
2,Oléagineux,MIS,136000.0,108800.0,13600.0,7.148550724637682,20819.486356946127,728682.0224931145,,True,True,50.78971449483571,2.576449337181433
18,Semences,PPH,136000.0,102000.0,10880.0,7.148550724637682,17352.597106890255,607340.8987411589,,True,True,50.77417951864717,2.3664345731984664
3,Protéagineux,ORH,135900.0,108720.0,13590.0,7.148550724637682,22860.399611788853,800113.9864126098,,True,True,50.818229800949894,2.1065536304832806
25,Cultures permanentes,PTC,135800.0,67900.0,6790.0,7.148550724637682,10639.790790350402,372392.6776622641,,True,True,50.84858731363029,2.4597009058535417
1,Céréales,BTH,135800.0,108640.0,13580.0,7.148550724637682,4703.671769803806,164628.5119431332,,True,True,50.968633619085864,2.407346886124546
1,Céréales,BTH,135700.0,108560.0,13570.0,7.148550724637682,17216.876783134892,602590.6874097212,,True,True,50.79949923784273,2.247975750744933
1,Céréales,BTH,135600.0,108480.0,13560.0,7.148550724637682,29723.37808133065,1040318.2328465728,,True,True,50.942492520985844,1.9562876529116795
1,Céréales,BTH,135600.0,108480.0,13560.0,7.148550724637682,29768.187199875927,1041886.5519956575,,True,True,50.75249239557966,2.697356890073723
1,Céréales,BTH,135600.0,108480.0,13560.0,7.148550724637682,5130.681963127709,179573.86870946983,,True,True,50.922286311707595,2.452172669293684
1,Céréales,BTH,135400.0,108320.0,13540.0,7.148550724637682,17222.80037839462,602798.0132438117,,True,True,51.06492667956827,2.500854862179362
3,Protéagineux,ORP,135400.0,108320.0,13540.0,7.148550724637682,21535.334123336055,753736.6943167619,,True,True,50.90170536895651,2.0761048676305194
25,Cultures permanentes,PTC,135400.0,67700.0,6770.0,7.148550724637682,6860.2430253608045,240108.50588762815,,True,True,50.91620753578192,2.4753961641803497
25,Cultures permanentes,PTC,135100.0,67550.0,6755.0,7.148550724637682,2311.415596265747,80899.54586930115,,True,True,50.927879662845854,2.3471915431965633
24,Surfaces non agricoles,BTN,135100.0,81060.0,0.0,7.148550724637682,29266.536888766343,1024328.791106822,,True,False,50.692922855751796,2.5609211480410488
1,Céréales,BTH,135100.0,108080.0,13510.0,7.148550724637682,7253.639127970675,253877.36947897362,,True,True,50.88105711579137,2.4483916448404326
5,Sucre,CZH,135000.0,101250.0,10800.0,7.148550724637682,27759.952392816438,971598.3337485753,,True,True,50.701061156105375,2.2224182331628075
18,Semences,PPH,134900.0,101175.0,10792.0,7.148550724637682,24253.47442547417,848871.604891596,,True,True,50.87018288443021,2.0474125812284187
9,Fruits,LIF,134900.0,53960.0,10792.0,7.148550724637682,13563.471969457058,474721.518930997,,True,True,50.915494635043444,2.572131898295889
2,Oléagineux,MIS,134800.0,107840.0,13480.0,7.148550724637682,13940.285519258974,487909.9931740641,,True,True,50.839518580727834,2.517548757355718
1,Céréales,BTH,134700.0,107760.0,13470.0,7.148550724637682,28383.864124094278,993435.2443432998,,True,True,50.737123903233275,2.1152558906608476
1,Céréales,BTP,134600.0,107680.0,13460.0,7.148550724637682,659.2863053610037,23075.02068763513,,True,True,50.93338141239989,2.3722723061422983
1,Céréales,BTH,134600.0,107680.0,13460.0,7.148550724637682,20602.559547332647,721089.5841566427,,True,True,50.77477082085846,2.219760636413781
9,Fruits,LIF,134600.0,53840.0,10768.0,7.148550724637682,9558.051133419453,334531.7896696808,,True,True,50.84407494421155,2.3762498166854362
3,Protéagineux,ORH,134500.0,107600.0,13450.0,7.148550724637682,16630.058749969485,582052.0562489319,,True,True,50.809028468182255,2.240653739154933
25,Cultures permanentes,LBF,134500.0,67250.0,6725.0,7.148550724637682,22022.785386673848,770797.4885335846,,True,True,50.9015519827608,2.0691136083710333
1,Céréales,BTH,134400.0,107520.0,13440.0,7.148550724637682,28943.154962015917,1013010.4236705571,,True,True,50.66973775112774,2.3737686248033354
18,Semences,PPH,134300.0,100725.0,10744.0,7.148550724637682,27690.126766977726,969154.4368442204,,True,True,50.68139216288838,2.3572472605493933
1,Céréales,BTH,134300.0,107440.0,13430.0,7.148550724637682,14304.742217507654,500665.9776127679,,True,True,50.80193544423648,2.3606483836002465
9,Fruits,LIF,134300.0,53720.0,10744.0,7.148550724637682,22617.720856261043,791620.2299691365,,True,True,50.72757574509556,2.3483980061580514
1,Céréales,BTH,134200.0,107360.0,13420.0,7.148550724637682,7911.626660193837,276906.9331067843,,True,True,50.86317913377902,2.418753098311198
25,Cultures permanentes,PTC,134200.0,67100.0,6710.0,7.148550724637682,20088.806099199504,703108.2134719826,,True,True,50.760662238120695,2.4797109781528484
24,Surfaces non agricoles,BTN,134100.0,80460.0,0.0,7.148550724637682,24534.77697463036,858717.1941120626,,True,False,50.945280335943536,2.030699856498199
18,Semences,PPH,134000.0,100500.0,10720.0,7.148550724637682,17159.54910752378,600584.2187633323,,True,True,50.810689095920615,2.2249086267138716
25,Cultures permanentes,PTC,134000.0,67000.0,6700.0,7.148550724637682,11385.082325962829,398477.88140869903,,True,True,50.955082526711486,2.222455478276216
24,Surfaces non agricoles,BTN,133900.0,80340.0,0.0,7.148550724637682,10454.928454713097,365922.4959149584,,True,False,50.99037328141232,2.4944375281580546
1,Céréales,BTH,133800.0,107040.0,13380.0,7.148550724637682,20718.654270547297,725152.8994691554,,True,True,50.97113641238872,2.091535709453775
1,Céréales,BTH,133800.0,107040.0,13380.0,7.148550724637682,22334.74723203675,781716.1531212862,,True,True,50.793055757511446,2.61279700756509
1,Céréales,BTH,133700.0,106960.0,13370.0,7.148550724637682,17082.177186124987,597876.2015143746,,True,True,50.86788099162582,2.1572211244923984
1,Céréales,BTH,133700.0,106960.0,13370.0,7.148550724637682,15939.33900407713,557876.8651426996,,True,True,50.962605810302975,2.1584480926917387
24,Surfaces non agricoles,BTN,133700.0,80220.0,0.0,7.148550724637682,7169.6739148757815,250938.58702065234,,True,False,50.88720898066626,2.4564919982265017
2,Oléagineux,MIS,133700.0,106960.0,13370.0,7.148550724637682,20371.54374613216,713004.0311146256,,True,True,50.768808831921646,2.5179137181430744
25,Cultures permanentes,CHU,133700.0,66850.0,6685.0,7.148550724637682,4838.005631597907,169330.19710592675,,True,True,50.89310195123762,2.4165669589505603
3,Protéagineux,ORP,133600.0,106880.0,13360.0,7.148550724637682,4794.6158823799415,167811.55588329796,,True,True,50.932555181894976,2.4482952820018253
1,Céréales,BTH,133600.0,106880.0,13360.0,7.148550724637682,21030.765073513863,736076.7775729852,,True,True,50.83218982970519,2.123427856913473
1,Céréales,BTH,133500.0,106800.0,13350.0,7.148550724637682,20777.445593116357,727210.5957590725,,True,True,50.74731115162323,2.4421411909334165
1,Céréales,BTH,133400.0,106720.0,13340.0,7.148550724637682,27840.45577870127,974415.9522545445,,True,True,50.738525980575645,2.1245640997425674
1,Céréales,BTH,133400.0,106720.0,13340.0,7.148550724637682,14333.382298374148,501668.3804430952,,True,True,51.03930597482822,2.4885329401165177
25,Cultures permanentes,PTC,133400.0,66700.0,6670.0,7.148550724637682,9472.027881637216,331520.97585730255,,True,True,50.876766485513976,2.4854531863906346
9,Fruits,LIF,133400.0,53360.0,10672.0,7.148550724637682,28771.107657522734,1006988.7680132957,,True,True,50.96928196709331,1.9740561738127007
1,Céréales,BTH,133400.0,106720.0,13340.0,7.148550724637682,12128.500520384025,424497.51821344084,,True,True,50.99797621280964,2.5154410918630754
5,Sucre,CZH,133300.0,99975.0,10664.0,7.148550724637682,25608.599994013723,896300.9997904802,,True,True,50.89717426667009,2.0184527691320753
1,Céréales,BTH,133300.0,106640.0,13330.0,7.148550724637682,11693.48346380039,409271.9212330137,,True,True,50.893340651174604,2.223675363494518
25,Cultures permanentes,PTC,133100.0,66550.0,6655.0,7.148550724637682,14181.40102658363,496349.035930427,,True,True,50.952126299860126,2.579331146926741
1,Céréales,BTH,133000.0,106400.0,13300.0,7.148550724637682,24943.11120084529,873008.8920295852,,True,True,50.71018573984834,2.450799839421298
24,Surfaces non agricoles,BTN,132900.0,79740.0,0.0,7.148550724637682,7699.210274159019,269472.35959556565,,True,False,50.890434857571805,2.2898814051426695
5,Sucre,CZH,132900.0,99675.0,10632.0,7.148550724637682,27971.49859531703,979002.450836096,,True,True,50.683171792533706,2.456794825086114
9,Fruits,LIF,132700.0,53080.0,10616.0,7.148550724637682,24241.53950629418,848453.8827202963,,True,True,50.96041298361315,2.037371200215027
25,Cultures permanentes,CHU,132600.0,66300.0,6630.0,7.148550724637682,13260.522396326109,464118.2838714138,,True,True,50.834487072470466,2.2668199185814446
3,Protéagineux,ORH,132600.0,106080.0,13260.0,7.148550724637682,17294.33865249854,605301.8528374489,,True,True,51.05943137364894,2.517024048774967
18,Semences,PPH,132400.0,99300.0,10592.0,7.148550724637682,29202.282956092797,1022079.9034632479,,True,True,50.71992450721306,2.130504894704079
1,Céréales,BTH,132400.0,105920.0,13240.0,7.148550724637682,6891.961760267229,241218.661609353,,True,True,50.90445594881137,2.290424144678546
1,Céréales,BTH,132400.0,105920.0,13240.0,7.148550724637682,27608.90445868121,966311.6560538423,,True,True,50.75194063545519,2.105967926518835
1,Céréales,BTH,132300.0,105840.0,13230.0,7.148550724637682,29712.335673003465,1039931.7485551212,,True,True,50.722365311285614,2.113734746004895
1,Céréales,BTH,132200.0,105760.0,13220.0,7.148550724637682,7362.503504305219,257687.6226506827,,True,True,50.91136237679174,2.4807865353501852
1,Céréales,BTH,132100.0,105680.0,13210.0,7.148550724637682,13796.122059708054,482864.2720897819,,True,True,50.83307234356625,2.5027589165597024
1,Céréales,BTP,132100.0,105680.0,13210.0,7.148550724637682,5569.292638003354,194925.24233011738,,True,True,50.98006704096647,2.3778210579734584
2,Oléagineux,MIS,131900.0,105520.0,13190.0,7.148550724637682,4390.733107564601,153675.65876476103,,True,True,50.91366471841164,2.4370283049680364
24,Surfaces non agricoles,BTN,131900.0,79140.0,0.0,7.148550724637682,14403.529417842177,504123.5296244762,,True,False,50.87687706583479,2.1926634470903705
25,Cultures permanentes,PTC,131800.0,65900.0,6590.0,7.148550724637682,26747.967540950245,936178.8639332586,,True,True,50.689451791284746,2.3784312433247115
25,Cultures permanentes,PTC,131800.0,65900.0,6590.0,7.148550724637682,23599.227634183222,825972.9671964127,,True,True,50.73431059394974,2.510066691578912
18,Semences,PPH,131800.0,98850.0,10544.0,7.148550724637682,20250.426072342365,708764.9125319828,,True,True,50.75730844783422,2.2884190917542027
2,Oléagineux,MIS,131700.0,105360.0,13170.0,7.148550724637682,29663.319015539182,1038216.1655438713,,True,True,50.73065277084279,2.0993325115212076
25,Cultures permanentes,PTC,131600.0,65800.0,6580.0,7.148550724637682,3827.123425785966,133949.3199025088,,True,True,50.96440217052644,2.3783356491613126
2,Oléagineux,MIS,131400.0,105120.0,13140.0,7.148550724637682,16443.453958052796,575520.8885318479,,True,True,50.965083373742175,2.151983369946113
1,Céréales,BTH,131300.0,105040.0,13130.0,7.148550724637682,26979.203800863448,944272.1330302206,,True,True,50.733094043200836,2.155546694180896
24,Surfaces non agricoles,BTN,131200.0,78720.0,0.0,7.148550724637682,14478.554939224145,506749.4228728451,,True,False,50.95513228278375,2.5827622984789116
1,Céréales,BTH,131200.0,104960.0,13120.0,7.148550724637682,14804.713426249875,518164.9699187456,,True,True,50.953243089326165,2.1719456493365
1,Céréales,BTH,131200.0,104960.0,13120.0,7.148550724637682,10100.153010190517,353505.3553566681,,True,True,50.892290987519516,2.5110584312627076
2,Oléagineux,MIS,131100.0,104880.0,13110.0,7.148550724637682,13589.094913145247,475618.3219600837,,True,True,50.85966786926329,2.5384521233561883
1,Céréales,BTH,131100.0,104880.0,13110.0,7.148550724637682,12278.594951306612,429750.8232957314,,True,True,51.02220784102703,2.4764912429866888
1,Céréales,BTH,131100.0,104880.0,13110.0,7.148550724637682,13814.681344702592,483513.8470645907,,True,True,50.98127661476406,2.559646348464892
1,Céréales,BTH,131000.0,104800.0,13100.0,7.148550724637682,16260.81861817494,569128.651636123,,True,True,50.94876591271305,2.149848708757755
1,Céréales,BTH,130800.0,104640.0,13080.0,7.148550724637682,4164.03821681743,145741.33758861004,,True,True,50.965810106288245,2.362612998604164
1,Céréales,BTH,130800.0,104640.0,13080.0,7.148550724637682,1679.8981511570087,58796.435290495305,,True,True,50.938438042243924,2.360115228093017
9,Fruits,LIF,130800.0,52320.0,10464.0,7.148550724637682,29444.189700509018,1030546.6395178157,,True,True,50.93947024493093,1.9600908832578476
1,Céréales,BTH,130700.0,104560.0,13070.0,7.148550724637682,17343.781028578112,607032.3360002339,,True,True,51.04629977093966,2.5451162503317875
3,Protéagineux,ORH,130700.0,104560.0,13070.0,7.148550724637682,7276.933795670652,254692.68284847282,,True,True,50.99237627015136,2.3485656886799693
5,Sucre,CZH,130700.0,98025.0,10456.0,7.148550724637682,14637.879801270832,512325.7930444791,,True,True,50.99560965856692,2.561203883755772
25,Cultures permanentes,PTC,130700.0,65350.0,6535.0,7.148550724637682,10778.787977834962,377257.5792242237,,True,True,50.85849299101298,2.4837602761012847
25,Cultures permanentes,PTC,130700.0,65350.0,6535.0,7.148550724637682,6498.508066713203,227447.7823349621,,True,True,50.87424434333176,2.352224404928545
9,Fruits,LIF,130600.0,52240.0,10448.0,7.148550724637682,23915.119374607024,837029.1781112459,,True,True,50.715831318664684,2.4112025377470476
1,Céréales,BTH,130500.0,104400.0,13050.0,7.148550724637682,24368.62767139834,852901.9684989419,,True,True,50.71420146259595,2.319541392545006
1,Céréales,BTH,130500.0,104400.0,13050.0,7.148550724637682,9815.426361219845,343539.92264269455,,True,True,50.98497233699506,2.270354365560029
1,Céréales,BTH,130399.99999999999,104320.0,13040.0,7.148550724637682,13845.903520055936,484606.62320195773,,True,True,50.881308358573534,2.1982611262669134
25,Cultures permanentes,PTC,130399.99999999999,65199.99999999999,6520.0,7.148550724637682,10737.828198010246,375823.9869303586,,True,True,50.97210423029913,2.242051503425673
25,Cultures permanentes,PTC,130300.0,65150.0,6515.0,7.148550724637682,6408.733612628079,224305.67644198277,,True,True,50.87988165294112,2.4251306437073366
25,Cultures permanentes,PTC,130100.0,65050.0,6505.0,7.148550724637682,28365.860864087474,992805.1302430616,,True,True,50.68125225346093,2.4695244115448456
25,Cultures permanentes,PTC,130100.0,65050.0,6505.0,7.148550724637682,29972.665386896013,1049043.2885413605,,True,True,50.76124450863384,2.712887126837439
24,Surfaces non agricoles,BTN,130000.0,78000.0,0.0,7.148550724637682,29087.50941888224,1018062.8296608784,,True,False,50.71251566270201,2.1499024194422796
9,Fruits,LIF,130000.0,52000.0,10400.0,7.148550724637682,11392.74139386513,398745.9487852795,,True,True,51.0043626379115,2.4919179318259044
1,Céréales,BTH,130000.0,104000.0,13000.0,7.148550724637682,10596.248000713926,370868.6800249874,,True,True,50.986256476238836,2.257887839152492
9,Fruits,LIF,130000.0,52000.0,10400.0,7.148550724637682,15829.980153102093,554049.3053585732,,True,True,51.05399408843455,2.4911272250158354
1,Céréales,BTH,129900.0,103920.0,12990.0,7.148550724637682,16567.140096112587,579849.9033639405,,True,True,50.801651903863124,2.260111753083704
24,Surfaces non agricoles,BTN,129900.0,77940.0,0.0,7.148550724637682,19638.298771147725,687340.4569901704,,True,False,50.753474949465854,2.3712519016250106
3,Protéagineux,ORH,129800.0,103840.0,12980.0,7.148550724637682,28595.595966722347,1000845.8588352822,,True,True,50.75342244387623,2.0839220495550768
25,Cultures permanentes,OIG,129800.0,64900.0,6490.0,7.148550724637682,8601.992604690558,301069.74116416957,,True,True,50.9463105332982,2.500002406699113
1,Céréales,BTH,129800.0,103840.0,12980.0,7.148550724637682,23354.93660567285,817422.7811985498,,True,True,50.945384431416805,2.047591922461087
1,Céréales,BTH,129800.0,103840.0,12980.0,7.148550724637682,12742.911858088342,446001.91503309197,,True,True,50.922523852421186,2.561424770996664
1,Céréales,BTH,129800.0,103840.0,12980.0,7.148550724637682,16872.280558385337,590529.8195434868,,True,True,50.78402169926862,2.4455874360141943
9,Fruits,LIF,129800.0,51920.0,10384.0,7.148550724637682,11108.324798863649,388791.3679602277,,True,True,50.99801123376286,2.4961841509760396
1,Céréales,BTH,129700.0,103760.0,12970.0,7.148550724637682,17788.844513565287,622609.5579747851,,True,True,51.0397740682742,2.564860125210113
2,Oléagineux,MIS,129500.0,103600.0,12950.0,7.148550724637682,9333.654182044118,326677.8963715441,,True,True,50.9234738886526,2.512768039094273
25,Cultures permanentes,PTC,129500.0,64750.0,6475.0,7.148550724637682,15239.283557399041,533374.9245089665,,True,True,51.003731709325386,2.5634426515467794
1,Céréales,BTH,129500.0,103600.0,12950.0,7.148550724637682,14746.18755047176,516116.5642665116,,True,True,50.828378263255125,2.515041263092005
25,Cultures permanentes,PTC,129400.0,64700.0,6470.0,7.148550724637682,14793.477450155564,517771.7107554447,,True,True,51.020409040588206,2.5350079706879494
1,Céréales,BTH,129400.0,103520.0,12940.0,7.148550724637682,14484.328456755879,506951.49598645576,,True,True,50.91888189434145,2.1741041001890533
9,Fruits,LIF,129400.0,51760.0,10352.0,7.148550724637682,11955.070781827879,418427.4773639758,,True,True,50.90472636363584,2.214240070764105
9,Fruits,LIF,129300.0,51720.0,10344.0,7.148550724637682,18520.57830029877,648220.240510457,,True,True,50.85763034632977,2.1421663436390013
25,Cultures permanentes,PTC,129100.0,64550.0,6455.0,7.148550724637682,21567.376894545032,754858.1913090762,,True,True,50.74374960162588,2.465730838192321
24,Surfaces non agricoles,BTN,129000.0,77400.0,0.0,7.148550724637682,15614.019827229951,546490.6939530483,,True,False,51.005042858660474,2.568462489338856
1,Céréales,BTH,128699.99999999999,102960.0,12870.0,7.148550724637682,29418.511600947855,1029647.906033175,,True,True,50.67789082607658,2.253050105888393
1,Céréales,BTH,128699.99999999999,102960.0,12870.0,7.148550724637682,11210.081792972367,392352.86275403283,,True,True,50.89667806736619,2.530910910193848
2,Oléagineux,MIS,128699.99999999999,102960.0,12870.0,7.148550724637682,14113.758885921316,493981.561007246,,True,True,50.99975772830704,2.548372770697046
2,Oléagineux,MIS,128699.99999999999,102960.0,12870.0,7.148550724637682,9399.424076410462,328979.84267436614,,True,True,50.84570472317151,2.390001139329543
1,Céréales,BTH,128600.0,102880.0,12860.0,7.148550724637682,9674.302318799148,338600.5811579702,,True,True,50.922633172105975,2.242465488108168
2,Oléagineux,MIS,128600.0,102880.0,12860.0,7.148550724637682,29683.082164612977,1038907.8757614542,,True,True,50.908641388534946,1.9579109036008486
2,Oléagineux,MIS,128600.0,102880.0,12860.0,7.148550724637682,2881.7431864211208,100861.01152473922,,True,True,50.91213588547479,2.350216063421805
9,Fruits,LIF,128500.0,51400.0,10280.0,7.148550724637682,15831.551284885876,554104.2949710056,,True,True,50.96016361366425,2.1591581188978934
25,Cultures permanentes,PTC,128500.0,64250.0,6425.0,7.148550724637682,23792.32019337278,832731.2067680473,,True,True,50.93919928563807,2.0407911356497697
18,Semences,PPH,128500.0,96375.0,10280.0,7.148550724637682,24924.387084348924,872353.5479522124,,True,True,50.72663411312714,2.2307639775466783
5,Sucre,CZH,128400.0,96300.0,10272.0,7.148550724637682,28340.22983787023,991908.044325458,,True,True,50.754154169038685,2.6721663063301166
1,Céréales,BTP,128300.0,102640.0,12830.0,7.148550724637682,17951.758772369747,628311.5570329411,,True,True,50.86110683979542,2.1485138479403476
1,Céréales,BTH,128300.0,102640.0,12830.0,7.148550724637682,16157.745796211977,565521.1028674192,,True,True,51.04879159744909,2.5129503648124336
1,Céréales,BTH,128300.0,102640.0,12830.0,7.148550724637682,25488.365949337593,892092.8082268158,,True,True,50.78827663825041,2.0945890302997867
24,Surfaces non agricoles,BTN,128200.0,76920.0,0.0,7.148550724637682,19352.270270942565,677329.4594829897,,True,False,50.91220608931998,2.105364856748564
9,Fruits,LIF,128200.0,51280.0,10256.0,7.148550724637682,25264.431799287835,884255.1129750742,,True,True,50.92814892377497,2.019524520606958
1,Céréales,BTH,128000.0,102400.0,12800.0,7.148550724637682,10032.486765637783,351137.0367973224,,True,True,50.909308143782205,2.2406944102492834
2,Oléagineux,MIS,127899.99999999999,102320.0,12790.0,7.148550724637682,20514.31313752817,718000.959813486,,True,True,50.7763045117108,2.541647690455128
1,Céréales,BTH,127800.0,102240.0,12780.0,7.148550724637682,27776.99830712791,972194.9407494768,,True,True,50.77269717205001,2.0726233287772233
9,Fruits,LIF,127700.0,51080.0,10216.0,7.148550724637682,5733.517188890316,200673.10161116105,,True,True,50.87947180997757,2.3962971400988153
1,Céréales,BTH,127700.0,102160.0,12770.0,7.148550724637682,7090.0292865052315,248151.0250276831,,True,True,50.87287687483147,2.4249207217181663
18,Semences,PPH,127700.0,95775.0,10216.0,7.148550724637682,17750.985139113218,621284.4798689627,,True,True,50.80099350654043,2.231015153556529
2,Oléagineux,MIS,127700.0,102160.0,12770.0,7.148550724637682,11000.67397866853,385023.58925339853,,True,True,50.955989341555096,2.531496189046661
1,Céréales,BTH,127500.0,102000.0,12750.0,7.148550724637682,23047.766324396034,806671.8213538612,,True,True,50.73527224987061,2.492442434817705
28,Surfaces non exploitées,BTA,127500.0,114750.0,0.0,7.148550724637682,20160.534296628593,705618.7003820008,,True,False,50.916797603065916,2.093136665777672
18,Semences,PPH,127500.0,95625.0,10200.0,7.148550724637682,29792.01697214237,1042720.594024983,,True,True,50.70693096711186,2.145096278956097
25,Cultures permanentes,PTC,127500.0,63750.0,6375.0,7.148550724637682,9409.111433608912,329318.9001763119,,True,True,50.84616404657,2.398196497745596
24,Surfaces non agricoles,BTN,127400.0,76440.0,0.0,7.148550724637682,12647.07862509168,442647.75187820883,,True,False,50.95669839586684,2.555467429519032
25,Cultures permanentes,PTC,127300.0,63650.0,6365.0,7.148550724637682,18666.16147534445,653315.6516370557,,True,True,50.76835439002434,2.4517241820761044
25,Cultures permanentes,PTC,127300.0,63650.0,6365.0,7.148550724637682,12513.174379651171,437961.10328779096,,True,True,50.911447340185724,2.203929700668193
1,Céréales,BTH,127300.0,101840.0,12730.0,7.148550724637682,20495.99684949233,717359.8897322316,,True,True,50.92676449277672,2.0876008375914226
2,Oléagineux,MIS,127200.0,101760.0,12720.0,7.148550724637682,7029.044609092157,246016.5613182255,,True,True,50.88551669702675,2.451226533397076
25,Cultures permanentes,PTC,127200.0,63600.0,6360.0,7.148550724637682,11929.21407532322,417522.4926363127,,True,True,50.84979777696055,2.4929548210729604
3,Protéagineux,ORH,127200.0,101760.0,12720.0,7.148550724637682,12590.928896667774,440682.51138337207,,True,True,51.03374933554272,2.452053964187264
1,Céréales,BTH,127100.00000000001,101680.00000000001,12710.000000000002,7.148550724637682,14126.042288507022,494411.4800977458,,True,True,50.944792591625095,2.5802230873541956
24,Surfaces non agricoles,BTN,127100.00000000001,76260.0,0.0,7.148550724637682,26677.812070978638,933723.4224842524,,True,False,50.73523267824786,2.1581833778128923
5,Sucre,CZH,127100.00000000001,95325.00000000001,10168.000000000002,7.148550724637682,8307.7313330511,290770.59665678855,,True,True,50.88437689728428,2.286172076118941
9,Fruits,CHV,127000.0,50800.0,10160.0,7.148550724637682,10408.257579670122,364289.01528845425,,True,True,50.97172369926185,2.246996929084475
25,Cultures permanentes,PTC,127000.0,63500.0,6350.0,7.148550724637682,4262.514415931669,149188.0045576084,,True,True,50.968256316079156,2.383864565993114
1,Céréales,BTH,127000.0,101600.0,12700.0,7.148550724637682,9675.848307587883,338654.6907655759,,True,True,50.84615185481054,2.4168858990694053
5,Sucre,CZH,127000.0,95250.0,10160.0,7.148550724637682,28283.506892153306,989922.7412253657,,True,True,50.722831951246086,2.146363156239314
9,Fruits,LIF,126900.0,50760.0,10152.0,7.148550724637682,14655.155860647845,512930.4551226746,,True,True,50.89932278200173,2.1766983010317706
25,Cultures permanentes,OIG,126900.0,63450.0,6345.0,7.148550724637682,28641.95492862705,1002468.4225019467,,True,True,50.681587270458756,2.4877928652868664
1,Céréales,BTH,126900.0,101520.0,12690.0,7.148550724637682,25041.777107925634,876462.1987773972,,True,True,50.93800329906087,2.0228773962166264
2,Oléagineux,MIS,126900.0,101520.0,12690.0,7.148550724637682,15999.627966498607,559986.9788274512,,True,True,50.78767785652937,2.3464614088583167
16,Gel,MLG,126700.0,114030.0,0.0,7.148550724637682,15386.974120195902,538544.0942068566,,True,False,50.82438011421992,2.2383107411614875
9,Fruits,LIF,126600.0,50640.0,10128.0,7.148550724637682,7654.746440095987,267916.12540335953,,True,True,50.86132086824146,2.3725246183558943
9,Fruits,LIF,126600.0,50640.0,10128.0,7.148550724637682,14038.238554988471,491338.34942459647,,True,True,51.02022958685768,2.5202396608889726
9,Fruits,LIF,126600.0,50640.0,10128.0,7.148550724637682,24809.970442243473,868348.9654785215,,True,True,50.97138608641102,2.0319783814463213
1,Céréales,BTH,126500.0,101200.0,12650.0,7.148550724637682,23948.419245374072,838194.6735880926,,True,True,50.72002913922443,2.455886104886826
25,Cultures permanentes,OIG,126500.0,63250.0,6325.0,7.148550724637682,24837.04227508368,869296.4796279288,,True,True,50.72393146020927,2.516439463096426
9,Fruits,LIF,126400.0,50560.0,10112.0,7.148550724637682,5572.39947627524,195033.9816696334,,True,True,50.97646872265257,2.4097846888411043
25,Cultures permanentes,PTC,126300.00000000001,63150.00000000001,6315.000000000001,7.148550724637682,20383.822535392977,713433.7887387542,,True,True,50.90989436330102,2.0909633213252397
25,Cultures permanentes,PTC,126300.00000000001,63150.00000000001,6315.000000000001,7.148550724637682,8442.487471075658,295487.061487648,,True,True,50.91993093257865,2.2606124069338507
25,Cultures permanentes,PTC,126199.99999999999,63099.99999999999,6310.0,7.148550724637682,9642.342068891918,337481.9724112171,,True,True,50.85066642272743,2.4355024239432725
2,Oléagineux,MIS,126100.0,100880.0,12610.0,7.148550724637682,18600.825945384582,651028.9080884603,,True,True,50.770552986650934,2.460135114403606
1,Céréales,BTH,126100.0,100880.0,12610.0,7.148550724637682,13039.233434518183,456373.1702081364,,True,True,50.82062600974124,2.4470173891490283
3,Protéagineux,ORH,126000.0,100800.0,12600.0,7.148550724637682,24289.225606415304,850122.8962245357,,True,True,50.80371389629388,2.6624062845503684
1,Céréales,BTH,126000.0,100800.0,12600.0,7.148550724637682,21859.722349887325,765090.2822460564,,True,True,50.79416974239773,2.1548408974127056
1,Céréales,BTH,126000.0,100800.0,12600.0,7.148550724637682,28263.34060362431,989216.9211268509,,True,True,50.73046451040955,2.13071108962641
1,Céréales,BTH,125900.0,100720.0,12590.0,7.148550724637682,10147.510862833291,355162.8801991652,,True,True,50.99524101753932,2.4813142078776176
4,Plantes à fibres,AVP,125800.0,94350.0,10064.0,7.148550724637682,29886.167555913835,1046015.8644569842,,True,True,50.724885687753044,2.105030229445071
2,Oléagineux,MIS,125800.0,100640.0,12580.0,7.148550724637682,3952.5935492701483,138340.77422445518,,True,True,50.92224401692927,2.324964532055226
9,Fruits,LIF,125700.0,50280.0,10056.0,7.148550724637682,29375.932099879017,1028157.6234957656,,True,True,50.83405854370224,1.9898585662905086
1,Céréales,BTH,125700.0,100560.0,12570.0,7.148550724637682,9448.874755191313,330710.61643169593,,True,True,50.91603013643143,2.512970165518281
1,Céréales,BTH,125600.0,100480.0,12560.0,7.148550724637682,26943.335791114267,943016.7526889993,,True,True,50.69797388762173,2.2694759738203776
1,Céréales,BTH,125600.0,100480.0,12560.0,7.148550724637682,2115.6661239085006,74048.31433679751,,True,True,50.94521259889529,2.3618657447523552
1,Céréales,BTH,125600.0,100480.0,12560.0,7.148550724637682,8353.929047981952,292387.51667936833,,True,True,50.99200273179733,2.447359292857318
1,Céréales,BTH,125600.0,100480.0,12560.0,7.148550724637682,12938.253942439833,452838.88798539416,,True,True,50.81649433740428,2.420566337752366
25,Cultures permanentes,PTC,125600.0,62800.0,6280.0,7.148550724637682,8655.607913075128,302946.2769576295,,True,True,50.89031487433457,2.4862043374438767
9,Fruits,LIF,125500.0,50200.0,10040.0,7.148550724637682,22906.407814045528,801724.2734915934,,True,True,50.78715573147151,2.1448527032792626
25,Cultures permanentes,PTC,125500.0,62750.0,6275.0,7.148550724637682,29006.73488383626,1015235.7209342691,,True,True,50.83089937443437,1.997543524716033
2,Oléagineux,MIS,125500.0,100400.0,12550.0,7.148550724637682,28555.99440908525,999459.8043179838,,True,True,50.73901621349782,2.6518468972341678
25,Cultures permanentes,PTC,125500.0,62750.0,6275.0,7.148550724637682,16027.070269029879,560947.4594160458,,True,True,50.78895185663176,2.427003499954137
4,Plantes à fibres,TTH,125399.99999999999,94049.99999999999,10031.999999999998,7.148550724637682,28348.421825593767,992194.7638957818,,True,True,50.70868970234291,2.5803306834244997
4,Plantes à fibres,AVP,125399.99999999999,94049.99999999999,10031.999999999998,7.148550724637682,29297.924604138436,1025427.3611448453,,True,True,50.69988975091792,2.176866730213384
3,Protéagineux,ORP,125300.0,100240.0,12530.0,7.148550724637682,20748.634960139872,726202.2236048955,,True,True,50.984090372886435,2.096487551504463
2,Oléagineux,MIS,125300.0,100240.0,12530.0,7.148550724637682,15254.832062549182,533919.1221892213,,True,True,50.80710550187656,2.47661801771323
1,Céréales,BTH,125200.0,100160.0,12520.0,7.148550724637682,15170.8785457759,530980.7491021565,,True,True,50.94254579130912,2.59558292779736
25,Cultures permanentes,PTC,125200.0,62600.0,6260.0,7.148550724637682,18750.573129290962,656270.0595251836,,True,True,50.89931089806442,2.117005689438775
3,Protéagineux,ORH,125100.0,100080.0,12510.0,7.148550724637682,14431.697061007982,505109.3971352794,,True,True,50.810846076844676,2.298472511955416
2,Oléagineux,MIS,125100.0,100080.0,12510.0,7.148550724637682,12573.89506466745,440086.3272633607,,True,True,50.837757768700136,2.4836775167999092
1,Céréales,BTH,125100.0,100080.0,12510.0,7.148550724637682,3086.5688505822104,108029.90977037736,,True,True,50.93574329226732,2.3369085802749745
9,Fruits,LIF,125100.0,50040.0,10008.0,7.148550724637682,12414.045507127867,434491.5927494753,,True,True,50.900737296102946,2.209112645529553
1,Céréales,BTH,125000.0,100000.0,12500.0,7.148550724637682,25908.19372118301,906786.7802414054,,True,True,50.76950309888059,2.1124725236092154
1,Céréales,BTH,125000.0,100000.0,12500.0,7.148550724637682,8379.010873130886,293265.38055958104,,True,True,50.88029490193414,2.2901875418818114
1,Céréales,BTH,125000.0,100000.0,12500.0,7.148550724637682,15439.79197267004,540392.7190434514,,True,True,50.8544792360563,2.564723301669588
9,Fruits,LIF,125000.0,50000.0,10000.0,7.148550724637682,5572.412863922379,195034.45023728328,,True,True,50.92450782423703,2.3009717105930942
18,Semences,PPH,124900.0,93675.0,9992.0,7.148550724637682,15850.754152956628,554776.395353482,,True,True,50.9096995658412,2.603818006920882
5,Sucre,CZH,124900.0,93675.0,9992.0,7.148550724637682,27262.501727782594,954187.5604723907,,True,True,50.75806068744368,2.1031966435590466
1,Céréales,BTH,124800.0,99840.0,12480.0,7.148550724637682,17892.591841978217,626240.7144692376,,True,True,50.83904113287521,2.590398298173074
5,Sucre,CZH,124600.00000000001,93450.00000000001,9968.000000000002,7.148550724637682,24005.208157737346,840182.2855208071,,True,True,50.76243273158649,2.164425365128016
25,Cultures permanentes,PTC,124600.00000000001,62300.00000000001,6230.000000000001,7.148550724637682,20063.77603243594,702232.1611352579,,True,True,50.75222711801151,2.428928658573348
1,Céréales,BTH,124500.0,99600.0,12450.0,7.148550724637682,18454.867587350946,645920.365557283,,True,True,50.81841169062347,2.1853068371893287
25,Cultures permanentes,PTC,124400.0,62200.0,6220.0,7.148550724637682,9724.287972403003,340350.0790341051,,True,True,50.848364260561574,2.4297158873920512
25,Cultures permanentes,PTC,124400.0,62200.0,6220.0,7.148550724637682,9964.585145593446,348760.4800957706,,True,True,50.99563351203635,2.4768764898957856
24,Surfaces non agricoles,BTN,124400.0,74640.0,0.0,7.148550724637682,8862.253201550719,310178.8620542752,,True,False,51.00671737641274,2.414299343257952
1,Céréales,BTH,124200.0,99360.0,12420.0,7.148550724637682,7856.331078105555,274971.5877336944,,True,True,50.94978126436776,2.4876404590323786
1,Céréales,BTH,124200.0,99360.0,12420.0,7.148550724637682,10356.888145695775,362491.0850993521,,True,True,50.9812549218918,2.256538790542787
1,Céréales,BTH,124200.0,99360.0,12420.0,7.148550724637682,25078.926145676538,877762.4150986788,,True,True,50.9611377355679,2.025460361291676
25,Cultures permanentes,PTC,124200.0,62100.0,6210.0,7.148550724637682,8296.750379872525,290386.2632955384,,True,True,50.857234120998555,2.3538317593949607
3,Protéagineux,ORH,124100.0,99280.0,12410.0,7.148550724637682,27409.547654778846,959334.1679172596,,True,True,50.77838071422693,2.072132773229644
9,Fruits,LIF,124100.0,49640.0,9928.0,7.148550724637682,10373.403323323819,363069.11631633365,,True,True,50.969483404998314,2.51416308947594
1,Céréales,BTH,124100.0,99280.0,12410.0,7.148550724637682,12229.546816263495,428034.13856922236,,True,True,50.856445013411964,2.509631712984447
1,Céréales,BTH,124000.0,99200.0,12400.0,7.148550724637682,27215.558002081674,952544.5300728586,,True,True,50.693508223418135,2.4798028536801735
25,Cultures permanentes,PTC,124000.0,62000.0,6200.0,7.148550724637682,15433.427289924337,540169.9551473518,,True,True,50.864881161775706,2.1856602422627156
3,Protéagineux,ORH,123800.00000000001,99040.00000000001,12380.000000000002,7.148550724637682,20462.770282257577,716196.9598790152,,True,True,50.963461141880394,2.0927835970084523
9,Fruits,LIF,123600.0,49440.0,9888.0,7.148550724637682,16857.98840087324,590029.5940305634,,True,True,51.03330688046852,2.556250615694613
1,Céréales,BTH,123600.0,98880.0,12360.0,7.148550724637682,10634.307015803603,372200.7455531261,,True,True,50.86586727390987,2.49248732150122
1,Céréales,BTH,123600.0,98880.0,12360.0,7.148550724637682,27327.433912600947,956460.1869410331,,True,True,50.71061346939604,2.5553254148607234
4,Plantes à fibres,SGH,123600.0,92700.0,9888.0,7.148550724637682,7970.134889209162,278954.7211223207,,True,True,50.88249132346258,2.2948883432659413
1,Céréales,BTH,123500.0,98800.0,12350.0,7.148550724637682,16627.277018575627,581954.6956501469,,True,True,50.78048124779537,2.3832346004409013
9,Fruits,LIF,123500.0,49400.0,9880.0,7.148550724637682,11020.844645695412,385729.5625993394,,True,True,50.840302697423745,2.4468329724457476
1,Céréales,BTH,123500.0,98800.0,12350.0,7.148550724637682,15576.252111866257,545168.823915319,,True,True,50.82682328818333,2.2298373344804707
9,Fruits,LIF,123400.0,49360.0,9872.0,7.148550724637682,15156.268870450804,530469.4104657781,,True,True,50.86975715245178,2.1861321287111544
1,Céréales,BTH,123400.0,98720.0,12340.0,7.148550724637682,14583.481094836405,510421.8383192742,,True,True,50.80013713414634,2.409068157628178
3,Protéagineux,ORH,123400.0,98720.0,12340.0,7.148550724637682,15055.107769735429,526928.7719407399,,True,True,50.80793349874449,2.4728179259577567
1,Céréales,BTH,123300.0,98640.0,12330.0,7.148550724637682,6351.167385211205,222290.85848239218,,True,True,50.87507684057251,2.404862764994078
9,Fruits,LIF,123300.0,49320.0,9864.0,7.148550724637682,10902.102945352524,381573.6030873383,,True,True,50.85397764363318,2.4781549838143557
2,Oléagineux,MIS,123200.0,98560.0,12320.0,7.148550724637682,26496.079179982804,927362.7712993982,,True,True,50.750140384098096,2.6275144392123155
1,Céréales,BTH,123100.0,98480.0,12310.0,7.148550724637682,16071.451289367471,562500.7951278614,,True,True,50.785615781820226,2.3695776101524935
24,Surfaces non agricoles,BTN,123100.0,73860.0,0.0,7.148550724637682,25134.596931211567,879710.8925924049,,True,False,50.72210541647125,2.239520568280718
1,Céréales,BTH,123100.0,98480.0,12310.0,7.148550724637682,27957.65307624432,978517.8576685513,,True,True,50.92956862000435,1.9810785370159072
1,Céréales,BTH,123100.0,98480.0,12310.0,7.148550724637682,28358.254367442278,992538.9028604797,,True,True,50.7434090910232,2.6552893246635167
25,Cultures permanentes,PTC,123100.0,61550.0,6155.0,7.148550724637682,12038.35114640906,421342.2901243171,,True,True,51.001681034101736,2.5088292936276693
1,Céréales,BTH,123100.0,98480.0,12310.0,7.148550724637682,14968.091848452412,523883.21469583444,,True,True,51.03731382668436,2.509085435557747
1,Céréales,BTH,122899.99999999999,98320.0,12290.0,7.148550724637682,11551.972024278917,404319.0208497621,,True,True,50.83571958293804,2.449165782730649
2,Oléagineux,MIS,122899.99999999999,98320.0,12290.0,7.148550724637682,3617.455979896628,126610.95929638197,,True,True,50.90810323453097,2.3418343092626004
1,Céréales,BTH,122800.0,98240.0,12280.0,7.148550724637682,29335.21873435047,1026732.6557022665,,True,True,50.748077017564874,2.6825499359756964
1,Céréales,BTH,122700.0,98160.0,12270.0,7.148550724637682,23514.25444225539,822998.9054789387,,True,True,50.719924508250635,2.4183651460896716
24,Surfaces non agricoles,BTN,122700.0,73620.0,0.0,7.148550724637682,28377.327001487647,993206.4450520676,,True,False,50.758391361200204,2.0808541281942547
1,Céréales,BTH,122700.0,98160.0,12270.0,7.148550724637682,1297.981276904761,45429.344691666636,,True,True,50.92021619390224,2.369899283412061
18,Semences,PPH,122600.0,91950.0,9808.0,7.148550724637682,15999.345515836683,559977.0930542839,,True,True,50.80035291179714,2.2811205080834087
24,Surfaces non agricoles,BTN,122600.0,73560.0,0.0,7.148550724637682,14803.90675057363,518136.736270077,,True,False,51.02626366600076,2.526070317856482
2,Oléagineux,MIS,122600.0,98080.0,12260.0,7.148550724637682,20277.026555186832,709695.9294315391,,True,True,50.75105113209987,2.435558631609923
3,Protéagineux,ORH,122600.0,98080.0,12260.0,7.148550724637682,25606.498334963806,896227.4417237332,,True,True,50.95852584210535,2.017327285985574
18,Semences,PPH,122500.0,91875.0,9800.0,7.148550724637682,20777.49921173254,727212.4724106388,,True,True,50.74324470402,2.389738645034513
9,Fruits,LIF,122400.0,48960.0,9792.0,7.148550724637682,8213.343471418431,287467.0214996451,,True,True,50.97901381643762,2.2922780525386397
5,Sucre,CZH,122400.0,91800.0,9792.0,7.148550724637682,23129.282376861844,809524.8831901646,,True,True,50.723896732566025,2.4244460991873296
25,Cultures permanentes,PTC,122400.0,61200.0,6120.0,7.148550724637682,29987.72808134565,1049570.4828470978,,True,True,50.93920225874801,1.9523160238245634
2,Oléagineux,MIS,122400.0,97920.0,12240.0,7.148550724637682,25091.802767125566,878213.0968493948,,True,True,50.705903508793135,2.4219191452443023
25,Cultures permanentes,CAR,122300.0,61150.0,6115.0,7.148550724637682,16300.179852776799,570506.2948471879,,True,True,50.97409202076497,2.601919694739876
1,Céréales,BTH,122200.0,97760.0,12220.0,7.148550724637682,28976.825840811332,1014188.9044283966,,True,True,50.76829399385534,2.7036724535348045
5,Sucre,CZH,122200.0,91650.0,9776.0,7.148550724637682,17361.477520105214,607651.7132036824,,True,True,50.87599348521485,2.147697939959886
19,Légumineuses,PTR,122200.0,97760.0,12220.0,7.148550724637682,26188.136534300254,916584.7787005089,,True,True,50.80638327057195,2.062357836046661
24,Surfaces non agricoles,BTN,122200.0,73320.0,0.0,7.148550724637682,7321.911675051865,256266.90862681528,,True,False,50.920502149883724,2.276627848533475
2,Oléagineux,MIS,122100.00000000001,97680.00000000001,12210.000000000002,7.148550724637682,20495.133848663696,717329.6847032293,,True,True,50.746000681083025,2.3971331615414058
2,Oléagineux,MIS,122100.00000000001,97680.00000000001,12210.000000000002,7.148550724637682,29540.28988491354,1033910.145971974,,True,True,50.83621866638828,1.9860271978237327
1,Céréales,BTH,122000.0,97600.0,12200.0,7.148550724637682,9728.812013654338,340508.4204779018,,True,True,50.976109806075335,2.261964901917551
1,Céréales,BTH,121900.0,97520.0,12190.0,7.148550724637682,21326.45684621958,746425.9896176852,,True,True,50.73958679282925,2.343632634898738
1,Céréales,BTH,121900.0,97520.0,12190.0,7.148550724637682,14318.104142649854,501133.6449927449,,True,True,51.00975705033791,2.5405315285226173
24,Surfaces non agricoles,BTN,121900.0,73140.0,0.0,7.148550724637682,9423.685751563411,329829.00130471936,,True,False,50.990878389808266,2.4736082556905097
1,Céréales,BTH,121800.0,97440.0,12180.0,7.148550724637682,16047.56400415346,561664.7401453712,,True,True,50.89719600397163,2.157091987298155
2,Oléagineux,MIS,121700.0,97360.0,12170.0,7.148550724637682,9259.23022284586,324073.05779960507,,True,True,51.00899828104656,2.4218094697832426
2,Oléagineux,MIS,121600.0,97280.0,12160.0,7.148550724637682,21126.51256941066,739427.9399293731,,True,True,50.76608407450456,2.5321620121160593
25,Cultures permanentes,PTC,121600.0,60800.0,6080.0,7.148550724637682,11859.827158882323,415093.9505608813,,True,True,50.975650386949894,2.226982535041729
9,Fruits,LIF,121600.0,48640.0,9728.0,7.148550724637682,5644.763337248254,197566.7168036889,,True,True,50.9573885158883,2.3121639635377385
1,Céréales,BTH,121600.0,97280.0,12160.0,7.148550724637682,5781.445751653735,202350.60130788072,,True,True,50.900722895533136,2.311848220825144
1,Céréales,BTH,121500.0,97200.0,12150.0,7.148550724637682,14500.865780683751,507530.3023239313,,True,True,50.912069730240916,2.584906123359133
25,Cultures permanentes,PTC,121400.0,60700.0,6070.0,7.148550724637682,3776.91424664278,132191.9986324973,,True,True,50.92253004141607,2.432568581790686
18,Semences,PPH,121300.00000000001,90975.00000000001,9704.000000000002,7.148550724637682,28981.95874426303,1014368.5560492061,,True,True,50.78913738232805,2.0325822577951795
25,Cultures permanentes,PTC,121100.0,60550.0,6055.0,7.148550724637682,16333.562998774207,571674.7049570972,,True,True,50.823694227823516,2.5406545748975735
1,Céréales,BTP,121100.0,96880.0,12110.0,7.148550724637682,12066.552698896026,422329.34446136095,,True,True,50.933289363732925,2.2078972237976475
1,Céréales,BTH,121100.0,96880.0,12110.0,7.148550724637682,20934.927309772364,732722.4558420327,,True,True,50.7439495596746,2.4256658490394774
25,Cultures permanentes,PTC,121100.0,60550.0,6055.0,7.148550724637682,28207.51403837728,987262.9913432049,,True,True,50.83745736590224,2.0056211342075754
1,Céréales,BTH,121000.0,96800.0,12100.0,7.148550724637682,28560.40431576643,999614.151051825,,True,True,50.844285352507725,1.9961906322203484
25,Cultures permanentes,OIG,121000.0,60500.0,6050.0,7.148550724637682,13590.599629793523,475670.98704277334,,True,True,50.808663148460084,2.3567183700612104
5,Sucre,CZH,120900.0,90675.0,9672.0,7.148550724637682,4030.064251474893,141052.24880162126,,True,True,50.965817457076064,2.3712080805776603
1,Céréales,BTH,120900.0,96720.0,12090.0,7.148550724637682,27142.77173968817,949997.0108890859,,True,True,50.965440175428995,1.996661155311076
25,Cultures permanentes,PTC,120800.0,60400.0,6040.0,7.148550724637682,17021.005194368143,595735.181802885,,True,True,51.03884076592682,2.5509758531498634
2,Oléagineux,MIS,120800.0,96640.0,12080.0,7.148550724637682,15820.320518730225,553711.2181555579,,True,True,50.90233555692002,2.601363513896842
2,Oléagineux,MIS,120800.0,96640.0,12080.0,7.148550724637682,23530.408835088347,823564.3092280921,,True,True,50.718390822663935,2.382273445220487
2,Oléagineux,MIS,120500.0,96400.0,12050.0,7.148550724637682,11426.308954491613,399920.81340720644,,True,True,50.830623330481124,2.4214435904879914
9,Fruits,LIF,120500.0,48200.0,9640.0,7.148550724637682,24788.713654829633,867604.9779190371,,True,True,50.75756230109166,2.156238433312551
9,Fruits,LIF,120399.99999999999,48160.0,9631.999999999998,7.148550724637682,7817.264968751944,273604.27390631806,,True,True,50.86849171584374,2.4339830074648203
3,Protéagineux,ORH,120300.0,96240.0,12030.0,7.148550724637682,21173.3245768485,741066.3601896975,,True,True,50.97912925398682,2.0879556596315294
2,Oléagineux,MIS,120300.0,96240.0,12030.0,7.148550724637682,5009.4853036859095,175331.98562900684,,True,True,50.96800142366528,2.4184080088683273
1,Céréales,BTH,120300.0,96240.0,12030.0,7.148550724637682,26473.029613463026,926556.0364712059,,True,True,50.70214939661721,2.489256938532113
2,Oléagineux,MIS,120300.0,96240.0,12030.0,7.148550724637682,25396.321197819438,888871.2419236803,,True,True,50.74331934404774,2.588357430315911
1,Céréales,BTH,120200.0,96160.0,12020.0,7.148550724637682,10737.817804529972,375823.623158549,,True,True,50.83371205073807,2.3683618677294294
24,Surfaces non agricoles,BTN,120200.0,72120.0,0.0,7.148550724637682,10679.035439083264,373766.2403679142,,True,False,50.97436604253831,2.5152083138480603
25,Cultures permanentes,PTC,120200.0,60100.0,6010.0,7.148550724637682,28604.915765498925,1001172.0517924624,,True,True,50.97123379515586,1.976938959038758
25,Cultures permanentes,PTC,120200.0,60100.0,6010.0,7.148550724637682,14582.487028123658,510387.045984328,,True,True,50.97260494739978,2.576879031553113
1,Céréales,BTH,120200.0,96160.0,12020.0,7.148550724637682,13179.597177694042,461285.9012192915,,True,True,50.863515271627044,2.5355755586555735
2,Oléagineux,MIS,120100.0,96080.0,12010.0,7.148550724637682,20200.83201124064,707029.1203934224,,True,True,50.765326211154004,2.5015186008737675
1,Céréales,BTH,120100.0,96080.0,12010.0,7.148550724637682,11043.299210854393,386515.4723799038,,True,True,50.84207702633956,2.3067922906425937
1,Céréales,BTH,120100.0,96080.0,12010.0,7.148550724637682,21569.73826649958,754940.8393274853,,True,True,50.75115074952183,2.4989449617587773
24,Surfaces non agricoles,BTN,120100.0,72060.0,0.0,7.148550724637682,16924.206476370306,592347.2266729607,,True,False,50.976884014717015,2.150137595620249
25,Cultures permanentes,PTC,120000.0,60000.0,6000.0,7.148550724637682,12508.878038188608,437810.7313366013,,True,True,50.884433134091026,2.54310955636625
9,Fruits,LIF,120000.0,48000.0,9600.0,7.148550724637682,6443.12236164679,225509.28265763764,,True,True,50.98378019810554,2.3457575441914833
1,Céréales,BTH,120000.0,96000.0,12000.0,7.148550724637682,16065.809852737388,562303.3448458086,,True,True,50.78553718859832,2.3838543987035945
25,Cultures permanentes,PTC,120000.0,60000.0,6000.0,7.148550724637682,9630.697797332454,337074.4229066359,,True,True,50.964756350598286,2.254084076926403
9,Fruits,LIF,119900.0,47960.0,9592.0,7.148550724637682,23216.898834581974,812591.4592103692,,True,True,50.9271419822585,2.0487626072644884
1,Céréales,BTP,119900.0,95920.0,11990.0,7.148550724637682,15851.493968368477,554802.2888928967,,True,True,50.986886285182344,2.587520829864442
1,Céréales,BTH,119800.0,95840.0,11980.0,7.148550724637682,29855.573241702517,1044945.0634595881,,True,True,50.69917020027716,2.5970591538363252
25,Cultures permanentes,CHU,119700.0,59850.0,5985.0,7.148550724637682,10082.318599469028,352881.150981416,,True,True,50.90669335913049,2.518994477277768
5,Sucre,CZH,119600.00000000001,89700.00000000001,9568.000000000002,7.148550724637682,28483.562443344872,996924.6855170705,,True,True,50.79066691209078,2.039463883878885
1,Céréales,BTH,119500.0,95600.0,11950.0,7.148550724637682,11048.741784852014,386705.9624698205,,True,True,50.90953265372789,2.2257619277861744
1,Céréales,BTH,119500.0,95600.0,11950.0,7.148550724637682,20363.38055143593,712718.3193002576,,True,True,50.76186393359979,2.494947956956981
1,Céréales,BTH,119500.0,95600.0,11950.0,7.148550724637682,27995.203955398953,979832.1384389633,,True,True,50.681048412175514,2.320587544808061
25,Cultures permanentes,PTC,119500.0,59750.0,5975.0,7.148550724637682,2254.9587310972256,78923.5555884029,,True,True,50.91881471035421,2.3531644008464294
25,Cultures permanentes,PTC,119500.0,59750.0,5975.0,7.148550724637682,17651.295405419412,617795.3391896795,,True,True,51.04384419815704,2.5557398672103577
1,Céréales,BTH,119400.0,95520.0,11940.0,7.148550724637682,4990.856644020987,174679.98254073455,,True,True,50.97485719699491,2.377544899443598
25,Cultures permanentes,PTC,119400.0,59700.0,5970.0,7.148550724637682,6433.409373675511,225169.3280786429,,True,True,50.93669098405885,2.471187961443235
1,Céréales,BTP,119400.0,95520.0,11940.0,7.148550724637682,13036.66087949356,456283.1307822746,,True,True,50.915900640866504,2.195359860119085
2,Oléagineux,MIS,119400.0,95520.0,11940.0,7.148550724637682,6522.832408623461,228299.13430182112,,True,True,50.87734489429892,2.4210020157471006
25,Cultures permanentes,PTC,119400.0,59700.0,5970.0,7.148550724637682,18605.5634057495,651194.7192012325,,True,True,50.80540009378155,2.5569553560860654
2,Oléagineux,MIS,119400.0,95520.0,11940.0,7.148550724637682,15934.626856894647,557711.9399913127,,True,True,51.014456612865146,2.5638524750899085
5,Sucre,CZH,119300.0,89475.0,9544.0,7.148550724637682,26356.52098812577,922478.234584402,,True,True,50.962732822297745,2.007394584057755
1,Céréales,BTH,119200.0,95360.0,11920.0,7.148550724637682,29690.92498478497,1039182.374467474,,True,True,50.91985625918305,1.9566961849203544
25,Cultures permanentes,PTC,119200.0,59600.0,5960.0,7.148550724637682,805.8605646783841,28205.11976374344,,True,True,50.92646692388369,2.390039372663067
1,Céréales,BTH,119200.0,95360.0,11920.0,7.148550724637682,6500.112172775794,227503.92604715278,,True,True,50.94354791996732,2.470236981870227
1,Céréales,BTH,119100.0,95280.0,11910.0,7.148550724637682,22055.182746946663,771931.3961431332,,True,True,50.95837084486729,2.068438687472228
25,Cultures permanentes,PTC,119000.0,59500.0,5950.0,7.148550724637682,29234.960892171686,1023223.631226009,,True,True,50.95857148646542,1.9651933663986576
2,Oléagineux,MIS,119000.0,95200.0,11900.0,7.148550724637682,13249.892857306662,463746.25000573316,,True,True,50.819117875918,2.449150775650157
1,Céréales,BTH,119000.0,95200.0,11900.0,7.148550724637682,19337.274145877735,676804.5951057207,,True,True,50.76086739985196,2.444075576848774
1,Céréales,BTH,118900.0,95120.0,11890.0,7.148550724637682,28815.811200241846,1008553.3920084646,,True,True,50.833722549441916,1.9986544278966625
1,Céréales,BTH,118900.0,95120.0,11890.0,7.148550724637682,11706.616539715073,409731.57889002754,,True,True,50.9616104205875,2.220613057128395
2,Oléagineux,MIS,118800.00000000001,95040.00000000001,11880.000000000002,7.148550724637682,24859.0614055389,870067.1491938615,,True,True,50.720070354260926,2.50169919481896
24,Surfaces non agricoles,BTN,118800.00000000001,71280.0,0.0,7.148550724637682,21302.33999145543,745581.89970094,,True,False,50.83117877207749,2.1198766003793836
20,Miscanthus/autres énergies,VRG,118800.00000000001,100980.00000000001,0.0,7.148550724637682,2282.883496152375,79900.92236533311,,True,False,50.935746134479515,2.348725813525207
3,Protéagineux,ORH,118699.99999999999,94960.0,11870.0,7.148550724637682,22751.591532860137,796305.7036501048,,True,True,50.762312180917704,2.5656871523573925
1,Céréales,BTH,118699.99999999999,94960.0,11870.0,7.148550724637682,26572.147328870557,930025.1565104695,,True,True,50.706503747243794,2.5138931069245034
25,Cultures permanentes,PTC,118600.0,59300.0,5930.0,7.148550724637682,14119.537870998915,494183.825484962,,True,True,50.827412411024596,2.4985984064855726
1,Céréales,BTH,118600.0,94880.0,11860.0,7.148550724637682,13577.617904830518,475216.6266690681,,True,True,50.92674911388239,2.57366153859434
2,Oléagineux,MIS,118600.0,94880.0,11860.0,7.148550724637682,20409.170945755744,714320.9831014511,,True,True,50.824786481852335,2.6183504248852034
25,Cultures permanentes,PTC,118600.0,59300.0,5930.0,7.148550724637682,29804.488717706256,1043157.1051197189,,True,True,50.84355542430097,1.977821197719822
9,Fruits,LIF,118400.0,47360.0,9472.0,7.148550724637682,13359.28177671504,467574.8621850264,,True,True,50.81462483057986,2.433101212998844
5,Sucre,CZH,118200.0,88650.0,9456.0,7.148550724637682,23214.659648338107,812513.0876918337,,True,True,50.929015702041966,2.048760531256732
1,Céréales,BTH,118200.0,94560.0,11820.0,7.148550724637682,6984.886860683813,244471.04012393346,,True,True,50.986822644797144,2.3374859228043396
1,Céréales,BTH,118100.0,94480.0,11810.0,7.148550724637682,6339.930156741651,221897.5554859578,,True,True,50.958569156171606,2.3016882029551287
24,Surfaces non agricoles,BTN,118100.0,70860.0,0.0,7.148550724637682,12871.108660835309,450488.8031292358,,True,False,50.84926079724757,2.2485116802952216
25,Cultures permanentes,PTC,118100.0,59050.0,5905.0,7.148550724637682,17843.582480114037,624525.3868039913,,True,True,50.81769682734795,2.561648448556716
3,Protéagineux,ORH,118100.0,94480.0,11810.0,7.148550724637682,29496.69039140939,1032384.1636993287,,True,True,50.74235257509398,2.0831039082776965
2,Oléagineux,MIS,118100.0,94480.0,11810.0,7.148550724637682,9958.561608248167,348549.6562886858,,True,True,50.9739407758363,2.256122696972311
25,Cultures permanentes,PTC,118100.0,59050.0,5905.0,7.148550724637682,4900.3199303663505,171511.19756282226,,True,True,50.91041642834889,2.317374379465787
25,Cultures permanentes,PTC,118000.0,59000.0,5900.0,7.148550724637682,28625.881829270813,1001905.8640244785,,True,True,50.68021336166459,2.478583228567612
1,Céréales,BTH,118000.0,94400.0,11800.0,7.148550724637682,24137.498003106768,844812.4301087369,,True,True,50.94604613745128,2.0364684729408387
2,Oléagineux,MIS,118000.0,94400.0,11800.0,7.148550724637682,15205.639095802164,532197.3683530757,,True,True,50.798512129085694,2.439511499004917
24,Surfaces non agricoles,BTN,117899.99999999999,70739.99999999999,0.0,7.148550724637682,10538.625088585193,368851.87810048176,,True,False,51.004096239891545,2.4738368832009416
9,Fruits,LIF,117899.99999999999,47160.0,9431.999999999998,7.148550724637682,15475.359119574905,541637.5691851217,,True,True,50.97991529996499,2.1737646047760992
1,Céréales,BTH,117899.99999999999,94320.0,11790.0,7.148550724637682,22756.42212241291,796474.7742844519,,True,True,50.76714046081503,2.5762945312513263
25,Cultures permanentes,CHU,117800.0,58900.0,5890.0,7.148550724637682,8387.803841027624,293573.13443596684,,True,True,50.97174953720015,2.4797266952356063
5,Sucre,CZH,117800.0,88350.0,9424.0,7.148550724637682,15123.307086388737,529315.7480236058,,True,True,51.041157189215504,2.504494339762523
1,Céréales,BTH,117700.0,94160.0,11770.0,7.148550724637682,27957.03516280178,978496.2306980623,,True,True,50.724332512078774,2.1510487163927894
2,Oléagineux,MIS,117700.0,94160.0,11770.0,7.148550724637682,20988.95776973899,734613.5219408646,,True,True,50.74157679008087,2.3977995333992026
3,Protéagineux,ORH,117700.0,94160.0,11770.0,7.148550724637682,25733.36851436454,900667.898002759,,True,True,50.78398586507965,2.0955694335531754
25,Cultures permanentes,OIG,117600.0,58800.0,5880.0,7.148550724637682,18881.67889402066,660858.7612907231,,True,True,50.81785680744991,2.582064130250971
1,Céréales,BTH,117600.0,94080.0,11760.0,7.148550724637682,19318.111970501745,676133.9189675611,,True,True,50.75840358119556,2.4230075197256844
2,Oléagineux,MIS,117600.0,94080.0,11760.0,7.148550724637682,10137.082675526015,354797.8936434105,,True,True,50.85009231367779,2.449567823668853
1,Céréales,BTH,117600.0,94080.0,11760.0,7.148550724637682,17228.219473409586,602987.6815693355,,True,True,50.77511104701478,2.3861178136641623
1,Céréales,BTH,117500.0,94000.0,11750.0,7.148550724637682,28317.934348836447,991127.7022092757,,True,True,50.73294762826742,2.124572658878292
2,Oléagineux,MIS,117500.0,94000.0,11750.0,7.148550724637682,15537.89123280106,543826.1931480371,,True,True,50.82338880192126,2.5231609400112722
25,Cultures permanentes,PTC,117500.0,58750.0,5875.0,7.148550724637682,29115.72710717783,1019050.4487512241,,True,True,50.9298941933726,1.9645521648681123
25,Cultures permanentes,EPI,117500.0,58750.0,5875.0,7.148550724637682,9516.559398957785,333079.57896352245,,True,True,50.9343023305504,2.2443750830195923
25,Cultures permanentes,LBF,117500.0,58750.0,5875.0,7.148550724637682,10368.613786588885,362901.482530611,,True,True,50.93686853383894,2.232442846203259
24,Surfaces non agricoles,BTN,117400.0,70440.0,0.0,7.148550724637682,29672.196569042695,1038526.8799164944,,True,False,50.90253116283569,1.9589848731931105
1,Céréales,BTH,117400.0,93920.0,11740.0,7.148550724637682,18013.02160696054,630455.7562436189,,True,True,50.77871720361342,2.471764207306445
9,Fruits,LIF,117400.0,46960.0,9392.0,7.148550724637682,16416.42339577959,574574.8188522857,,True,True,51.036759637006405,2.541982012361295
9,Fruits,LIF,117400.0,46960.0,9392.0,7.148550724637682,20340.612878115193,711921.4507340317,,True,True,50.85158431674894,2.1180027458714195
25,Cultures permanentes,PTC,117400.0,58700.0,5870.0,7.148550724637682,5737.43358149105,200810.17535218675,,True,True,50.93066017972955,2.2981395664193545
2,Oléagineux,MIS,117400.0,93920.0,11740.0,7.148550724637682,12019.217284229142,420672.60494801996,,True,True,51.02671624439154,2.456661642583197
3,Protéagineux,ORH,117300.0,93840.0,11730.0,7.148550724637682,11761.940999005481,411667.9349651918,,True,True,50.96615248410899,2.222215878550019
25,Cultures permanentes,PTC,117200.0,58600.0,5860.0,7.148550724637682,24443.447063106683,855520.647208734,,True,True,50.95436988886827,2.0332789540267333
2,Oléagineux,MIS,117200.0,93760.0,11720.0,7.148550724637682,12167.75290361232,425871.35162643116,,True,True,50.823801419992854,2.3381842654350695
1,Céréales,BTH,117200.0,93760.0,11720.0,7.148550724637682,26200.485235315788,917016.9832360526,,True,True,50.708549665643254,2.507414687146431
25,Cultures permanentes,PTC,117200.0,58600.0,5860.0,7.148550724637682,22707.810173823633,794773.3560838271,,True,True,50.78450526207968,2.152987659455254
2,Oléagineux,MIS,117200.0,93760.0,11720.0,7.148550724637682,13168.713384290282,460904.9684501599,,True,True,50.969406331777144,2.557270423336786
24,Surfaces non agricoles,BTN,117100.00000000001,70260.0,0.0,7.148550724637682,9568.09062580679,334883.17190323764,,True,False,51.0106711038449,2.4275450688983953
1,Céréales,BTH,117100.00000000001,93680.00000000001,11710.000000000002,7.148550724637682,7135.595155675374,249745.8304486381,,True,True,50.91511189180331,2.4790227918658765
24,Surfaces non agricoles,BTN,117100.00000000001,70260.0,0.0,7.148550724637682,16751.07021361651,586287.4574765778,,True,False,50.95632535257576,2.6154073512369815
24,Surfaces non agricoles,BTN,117100.00000000001,70260.0,0.0,7.148550724637682,26884.536026121048,940958.7609142367,,True,False,50.73069917504095,2.1632871034680647
1,Céréales,BTH,117000.0,93600.0,11700.0,7.148550724637682,20483.114680101542,716909.013803554,,True,True,50.75505427301362,2.471344864468179
1,Céréales,BTH,117000.0,93600.0,11700.0,7.148550724637682,6582.429666480536,230385.03832681876,,True,True,50.876147220269786,2.4189770220815774
1,Céréales,BTH,117000.0,93600.0,11700.0,7.148550724637682,19375.993110604995,678159.7588711749,,True,True,50.89140104407618,2.1105068052198903
25,Cultures permanentes,PTC,116900.0,58450.0,5845.0,7.148550724637682,27861.025629914548,975135.8970470092,,True,True,50.739733055870246,2.6381409959049495
1,Céréales,BTH,116900.0,93520.0,11690.0,7.148550724637682,13833.168790757903,484160.90767652664,,True,True,50.928074884005895,2.1826443204163057
1,Céréales,BTH,116700.0,93360.0,11670.0,7.148550724637682,28348.227160912764,992187.9506319468,,True,True,50.9072052811117,1.9772218172045757
2,Oléagineux,MIS,116600.0,93280.0,11660.0,7.148550724637682,25565.94138516325,894807.9484807138,,True,True,50.78340212569047,2.0994151065397846
1,Céréales,BTH,116600.0,93280.0,11660.0,7.148550724637682,28223.907869224142,987836.7754228449,,True,True,50.6963059703003,2.536783499125718
25,Cultures permanentes,CHU,116500.0,58250.0,5825.0,7.148550724637682,12453.925123028417,435887.3793059946,,True,True,51.0311663869121,2.456332686339963
24,Surfaces non agricoles,BTN,116500.0,69900.0,0.0,7.148550724637682,15443.977838669882,540539.2243534458,,True,False,51.040263733918565,2.5141572828486076
25,Cultures permanentes,CHU,116400.0,58200.0,5820.0,7.148550724637682,8110.254536699587,283858.90878448554,,True,True,50.90609193025128,2.2706977676912485
25,Cultures permanentes,PTC,116400.0,58200.0,5820.0,7.148550724637682,19160.20844419775,670607.2955469212,,True,True,50.77822565915616,2.5092324537764155
2,Oléagineux,MIS,116400.0,93120.0,11640.0,7.148550724637682,10940.091304042298,382903.19564148044,,True,True,50.998616159884165,2.4919564189834422
1,Céréales,BTH,116300.00000000001,93040.00000000001,11630.000000000002,7.148550724637682,15899.093671613633,556468.2785064771,,True,True,51.032028842018505,2.539110770674543
3,Protéagineux,ORH,116300.00000000001,93040.00000000001,11630.000000000002,7.148550724637682,26057.71456092173,912020.0096322605,,True,True,50.90700003114358,2.010072699251363
5,Sucre,CZH,116199.99999999999,87149.99999999999,9295.999999999998,7.148550724637682,8585.625152244245,300496.8803285486,,True,True,50.886193729113444,2.2791656347228453
25,Cultures permanentes,PTC,116100.0,58050.0,5805.0,7.148550724637682,11765.737798224221,411800.82293784776,,True,True,50.83269767020784,2.4458934348385934
1,Céréales,BTH,116100.0,92880.0,11610.0,7.148550724637682,19905.97807737642,696709.2327081747,,True,True,50.75098127834701,2.3801896680765546
9,Fruits,CHV,116000.0,46400.0,9280.0,7.148550724637682,1292.9418543677268,45252.96490287044,,True,True,50.94018898944252,2.388890033148725
2,Oléagineux,MIS,115900.0,92720.0,11590.0,7.148550724637682,12887.526527072065,451063.4284475223,,True,True,50.904625177617824,2.559379900780441
25,Cultures permanentes,NVT,115900.0,57950.0,5795.0,7.148550724637682,26767.069809483444,936847.4433319205,,True,True,50.8395819153289,2.0263743253803366
5,Sucre,CZH,115900.0,86925.0,9272.0,7.148550724637682,13255.260386904869,463934.11354167043,,True,True,50.85662238711933,2.2310580720756494
3,Protéagineux,ORP,115900.0,92720.0,11590.0,7.148550724637682,15450.244761702623,540758.5666595917,,True,True,50.92536815574233,2.159676266446237
1,Céréales,BTH,115900.0,92720.0,11590.0,7.148550724637682,1232.6545106645895,43142.90787326063,,True,True,50.919247537389005,2.3757214667198094
24,Surfaces non agricoles,BTN,115900.0,69540.0,0.0,7.148550724637682,12788.022911654512,447580.80190790794,,True,False,50.99348418813877,2.5322545569893613
25,Cultures permanentes,PTC,115900.0,57950.0,5795.0,7.148550724637682,21859.328602000318,765076.5010700112,,True,True,50.74015651059646,2.4608211625173215
1,Céréales,BTH,115800.0,92640.0,11580.0,7.148550724637682,7849.280634813185,274724.8222184615,,True,True,50.892599689113666,2.2850498466926155
1,Céréales,BTH,115800.0,92640.0,11580.0,7.148550724637682,20860.683551019596,730123.9242856859,,True,True,50.99272073526323,2.0992803556165125
2,Oléagineux,MIS,115800.0,92640.0,11580.0,7.148550724637682,1388.4906015010733,48597.17105253757,,True,True,50.930265247827826,2.360192256802647
1,Céréales,BTH,115700.0,92560.0,11570.0,7.148550724637682,13215.322162608043,462536.2756912815,,True,True,50.81369981288294,2.4187889232852133
25,Cultures permanentes,PTC,115700.0,57850.0,5785.0,7.148550724637682,5486.6044292833285,192031.1550249165,,True,True,50.881461815200645,2.3659319950218336
25,Cultures permanentes,PTC,115600.0,57800.0,5780.0,7.148550724637682,16173.208792754012,566062.3077463905,,True,True,50.78502991272778,2.398685830557887
1,Céréales,BTP,115600.0,92480.0,11560.0,7.148550724637682,16395.03388726837,573826.186054393,,True,True,50.970622050460456,2.604982860329141
9,Fruits,LIF,115600.0,46240.0,9248.0,7.148550724637682,27018.3958876867,945643.8560690345,,True,True,50.73062491039529,2.160106866204696
1,Céréales,BTH,115500.0,92400.0,11550.0,7.148550724637682,27715.97047796726,970058.9667288541,,True,True,50.97052470735972,1.9896163667664313
1,Céréales,BTH,115399.99999999999,92320.0,11540.0,7.148550724637682,9148.766621490016,320206.83175215055,,True,True,50.99123296329579,2.4672496211879102
1,Céréales,BTH,115399.99999999999,92320.0,11540.0,7.148550724637682,9554.447810082138,334405.6733528748,,True,True,50.96087343106716,2.252730998183255
1,Céréales,BTH,115300.0,92240.0,11530.0,7.148550724637682,6213.859401252201,217485.07904382702,,True,True,50.91000952625784,2.2972203148233605
1,Céréales,BTH,115200.0,92160.0,11520.0,7.148550724637682,26416.713865801747,924584.9853030611,,True,True,50.99172471522238,2.0157664573323415
18,Semences,PPH,115200.0,86400.0,9216.0,7.148550724637682,28773.79761432387,1007082.9165013355,,True,True,50.821002997972236,2.0080647770589453
1,Céréales,BTH,115200.0,92160.0,11520.0,7.148550724637682,11404.188936369257,399146.612772924,,True,True,50.88441367964518,2.2343047052006453
25,Cultures permanentes,PTC,115100.0,57550.0,5755.0,7.148550724637682,9094.579366410837,318310.2778243793,,True,True,50.976246327472644,2.272913711151708
24,Surfaces non agricoles,BTN,115100.0,69060.0,0.0,7.148550724637682,10916.977136626576,382094.19978193013,,True,False,50.84062766347391,2.315580691104733
1,Céréales,BTH,115100.0,92080.0,11510.0,7.148550724637682,6706.843858496359,234739.53504737257,,True,True,50.89858538148656,2.4616666295775627
9,Fruits,LIF,115000.0,46000.0,9200.0,7.148550724637682,6012.428130439356,210434.98456537747,,True,True,50.941314231257046,2.4639014487756943
25,Cultures permanentes,PTC,115000.0,57500.0,5750.0,7.148550724637682,21799.543737084143,762984.030797945,,True,True,50.73694014997797,2.4339898191082705
1,Céréales,BTH,115000.0,92000.0,11500.0,7.148550724637682,16284.34555519645,569952.0944318757,,True,True,50.956201691860954,2.1513258525064116
1,Céréales,BTH,115000.0,92000.0,11500.0,7.148550724637682,27759.1858707879,971571.5054775765,,True,True,50.743062994054384,2.1180034113164354
9,Fruits,LIF,115000.0,46000.0,9200.0,7.148550724637682,11920.648802465144,417222.70808628004,,True,True,50.97831528818219,2.228080793353462
5,Sucre,CZH,115000.0,86250.0,9200.0,7.148550724637682,10570.212174413311,369957.4261044659,,True,True,50.955795255352555,2.2347941154996374
25,Cultures permanentes,PTC,115000.0,57500.0,5750.0,7.148550724637682,24416.09236925429,854563.2329239001,,True,True,50.714741494162936,2.448613924490801
25,Cultures permanentes,PTC,114900.0,57450.0,5745.0,7.148550724637682,16498.1589987215,577435.5649552526,,True,True,50.78275024856161,2.408847298373787
1,Céréales,BTH,114900.0,91920.0,11490.0,7.148550724637682,19826.484052486463,693926.9418370262,,True,True,50.91485302170701,2.0981673211350014
1,Céréales,BTP,114900.0,91920.0,11490.0,7.148550724637682,20241.285853452413,708445.0048708344,,True,True,50.78276097853584,2.549561087846608
5,Sucre,CZH,114900.0,86175.0,9192.0,7.148550724637682,26227.42595955617,917959.908584466,,True,True,50.83588542658185,2.03719297145771
1,Céréales,BTH,114800.0,91840.0,11480.0,7.148550724637682,12200.670482304655,427023.4668806629,,True,True,51.00058595872543,2.5133853648836175
1,Céréales,BTH,114700.0,91760.0,11470.0,7.148550724637682,7805.520068165124,273193.20238577935,,True,True,50.97093372815265,2.289480736575926
1,Céréales,BTH,114700.0,91760.0,11470.0,7.148550724637682,11520.668806503718,403223.40822763013,,True,True,50.99560101849691,2.5073277022518776
2,Oléagineux,MIS,114700.0,91760.0,11470.0,7.148550724637682,17147.84198591029,600174.4695068601,,True,True,50.78646032565496,2.4693118730094548
1,Céréales,BTH,114600.00000000001,91680.00000000001,11460.000000000002,7.148550724637682,21415.87259022709,749555.5406579481,,True,True,50.742188492863235,2.4475638124300523
25,Cultures permanentes,PTC,114600.00000000001,57300.00000000001,5730.000000000001,7.148550724637682,22035.642946191845,771247.5031167145,,True,True,50.98153907173314,2.076227887762113
1,Céréales,BTH,114600.00000000001,91680.00000000001,11460.000000000002,7.148550724637682,13528.667325642502,473503.3563974876,,True,True,50.8087912915586,2.3632965843835803
25,Cultures permanentes,PTC,114500.0,57250.0,5725.0,7.148550724637682,13747.75225041257,481171.32876443997,,True,True,51.009207437954394,2.2292495125791985
25,Cultures permanentes,PTC,114500.0,57250.0,5725.0,7.148550724637682,21653.39653736113,757868.8788076396,,True,True,50.76225201875634,2.53663995942507
2,Oléagineux,MIS,114500.0,91600.0,11450.0,7.148550724637682,26997.665155466424,944918.2804413248,,True,True,50.70263996425013,2.514834690318195
1,Céréales,BTH,114400.0,91520.0,11440.0,7.148550724637682,12226.409020053596,427924.31570187584,,True,True,50.821743820258426,2.4105103856176884
18,Semences,PPH,114400.0,85800.0,9152.0,7.148550724637682,18095.388887931662,633338.6110776082,,True,True,50.80833024258402,2.2087553344482336
5,Sucre,CZH,114300.0,85725.0,9144.0,7.148550724637682,13874.454189358354,485605.8966275424,,True,True,51.0035817373864,2.54001209452193
1,Céréales,BTH,114300.0,91440.0,11430.0,7.148550724637682,18969.085523139034,663917.9933098662,,True,True,50.76350518337134,2.4388667787128506
1,Céréales,BTH,114300.0,91440.0,11430.0,7.148550724637682,29323.53699677488,1026323.7948871208,,True,True,50.88327232658077,1.9684139105585992
1,Céréales,BTH,114300.0,91440.0,11430.0,7.148550724637682,5262.947926570911,184203.17742998188,,True,True,50.91754184762355,2.452438402325481
25,Cultures permanentes,PTC,114300.0,57150.0,5715.0,7.148550724637682,10668.386294136359,373393.5202947726,,True,True,50.87734546275909,2.2528194265159716
1,Céréales,BTH,114300.0,91440.0,11430.0,7.148550724637682,24802.50588210712,868087.7058737492,,True,True,50.72021632122155,2.2600208344088824
1,Céréales,BTH,114300.0,91440.0,11430.0,7.148550724637682,24390.569251367357,853669.9237978575,,True,True,50.71325863566568,2.433386595715645
1,Céréales,BTH,114300.0,91440.0,11430.0,7.148550724637682,26986.792117824116,944537.7241238441,,True,True,50.95163161158234,1.9963725631557423
25,Cultures permanentes,PTC,114200.0,57100.0,5710.0,7.148550724637682,17615.090798886387,616528.1779610235,,True,True,50.85009177006561,2.596841768573448
25,Cultures permanentes,PTC,114100.0,57050.0,5705.0,7.148550724637682,22701.780935138515,794562.332729848,,True,True,50.937070813349905,2.056241269120203
9,Fruits,LIF,114100.0,45640.0,9128.0,7.148550724637682,28508.706336406187,997804.7217742165,,True,True,50.835316451739935,2.0023532844257126
1,Céréales,BTH,114100.0,91280.0,11410.0,7.148550724637682,7531.852391844418,263614.8337145546,,True,True,50.98090564165584,2.30906335361289
18,Semences,PPH,114000.0,85500.0,9120.0,7.148550724637682,6105.64357953612,213697.5252837642,,True,True,50.962845925622204,2.44983941137523
1,Céréales,BTH,113900.0,91120.0,11390.0,7.148550724637682,24313.230502355174,850963.0675824311,,True,True,50.719505217960645,2.4736755349584945
16,Gel,TRE,113900.0,102510.0,0.0,7.148550724637682,18526.40475649753,648424.1664774135,,True,False,50.78032099816034,2.264072494915707
1,Céréales,BTH,113900.0,91120.0,11390.0,7.148550724637682,16359.194290230678,572571.8001580738,,True,True,50.78822608074087,2.442269230354027
1,Céréales,BTH,113900.0,91120.0,11390.0,7.148550724637682,24727.161646521956,865450.6576282685,,True,True,50.78101227616585,2.1184855726404734
25,Cultures permanentes,PTC,113900.0,56950.0,5695.0,7.148550724637682,19209.646041736825,672337.6114607889,,True,True,50.758636401670394,2.414672943984925
18,Semences,PPH,113900.0,85425.0,9112.0,7.148550724637682,6983.909439592667,244436.83038574335,,True,True,50.9538168613666,2.2877667058803977
2,Oléagineux,MIS,113900.0,91120.0,11390.0,7.148550724637682,25427.555527932233,889964.4434776282,,True,True,50.78287275398745,2.1026832834568308
3,Protéagineux,ORH,113900.0,91120.0,11390.0,7.148550724637682,25409.144460941585,889320.0561329555,,True,True,50.78133645051109,2.1050968139911435
1,Céréales,BTH,113800.00000000001,91040.00000000001,11380.000000000002,7.148550724637682,29573.556695832864,1035074.4843541502,,True,True,50.700877304721715,2.166253198146636
2,Oléagineux,MIS,113800.00000000001,91040.00000000001,11380.000000000002,7.148550724637682,3897.321423595064,136406.24982582725,,True,True,50.902354345695386,2.345826541773691
2,Oléagineux,MIS,113699.99999999999,90960.0,11370.0,7.148550724637682,28725.3087599338,1005385.806597683,,True,True,50.771415048989056,2.703007678108671
9,Fruits,LIF,113699.99999999999,45480.0,9095.999999999998,7.148550724637682,7210.26275988811,252359.19659608384,,True,True,50.914372041115094,2.2801673497904473
24,Surfaces non agricoles,BTN,113500.0,68100.0,0.0,7.148550724637682,9266.727823211479,324335.47381240176,,True,False,50.998874948589375,2.4544982869838092
3,Protéagineux,ORH,113500.0,90800.0,11350.0,7.148550724637682,9858.241855102664,345038.46492859325,,True,True,50.95756704654838,2.246267453522621
25,Cultures permanentes,PTC,113500.0,56750.0,5675.0,7.148550724637682,19805.12984551733,693179.5445931066,,True,True,50.75408174264796,2.424131534765953
3,Protéagineux,ORH,113500.0,90800.0,11350.0,7.148550724637682,25322.556183334465,886289.4664167063,,True,True,50.807857898208105,2.075442047927709
18,Semences,PPH,113500.0,85125.0,9080.0,7.148550724637682,10446.041977101557,365611.46919855446,,True,True,50.99818087410975,2.4826152255539875
1,Céréales,BTH,113500.0,90800.0,11350.0,7.148550724637682,19578.541468233285,685248.951388165,,True,True,50.75581947070202,2.4207840326215226
2,Oléagineux,MIS,113400.0,90720.0,11340.0,7.148550724637682,19915.378849234465,697038.2597232063,,True,True,50.80700920423251,2.17369877643735
25,Cultures permanentes,PTC,113400.0,56700.0,5670.0,7.148550724637682,5851.929664304414,204817.53825065447,,True,True,50.92932548126673,2.2965071830413826
1,Céréales,BTH,113200.0,90560.0,11320.0,7.148550724637682,12629.040127192351,442016.4044517323,,True,True,50.91766935601354,2.2008870415279542
19,Légumineuses,PTR,113000.0,90400.0,11300.0,7.148550724637682,16166.153918192,565815.38713672,,True,True,50.98193128167085,2.164424807693024
2,Oléagineux,MIS,113000.0,90400.0,11300.0,7.148550724637682,2682.885529088809,93900.99351810831,,True,True,50.9338645176858,2.417789016947275
25,Cultures permanentes,PTC,113000.0,56500.0,5650.0,7.148550724637682,9557.200159763748,334502.00559173117,,True,True,50.922801665644194,2.515880612489331
1,Céréales,BTH,113000.0,90400.0,11300.0,7.148550724637682,28679.02441502651,1003765.8545259278,,True,True,50.764360132441915,2.0668843733969777
2,Oléagineux,MIS,112899.99999999999,90320.0,11290.0,7.148550724637682,24007.901218757357,840276.5426565075,,True,True,50.74364776049807,2.55265650276404
25,Cultures permanentes,PTC,112899.99999999999,56449.99999999999,5645.0,7.148550724637682,13586.825632525817,475538.8971384036,,True,True,50.84758900080512,2.523009729596892
1,Céréales,BTH,112899.99999999999,90320.0,11290.0,7.148550724637682,23430.597228637147,820070.9030023002,,True,True,50.75719137768915,2.18904525110099
1,Céréales,BTH,112800.0,90240.0,11280.0,7.148550724637682,19128.84969137856,669509.7391982496,,True,True,50.9229690197756,2.1073019276076996
1,Céréales,BTH,112800.0,90240.0,11280.0,7.148550724637682,26349.697373368475,922239.4080678966,,True,True,50.78576022534201,2.0821548276504376
1,Céréales,BTH,112800.0,90240.0,11280.0,7.148550724637682,23776.67328116858,832183.5648409002,,True,True,50.90383524559846,2.043378145866243
1,Céréales,BTH,112800.0,90240.0,11280.0,7.148550724637682,27405.369019023692,959187.9156658292,,True,True,50.688226888282436,2.3042787689954487
24,Surfaces non agricoles,BTN,112700.0,67620.0,0.0,7.148550724637682,27011.48314165205,945401.9099578217,,True,False,50.6917997413999,2.4554148037362964
2,Oléagineux,MIS,112600.0,90080.0,11260.0,7.148550724637682,27449.86696602769,960745.3438109691,,True,True,50.697249432320724,2.5102060694871295
1,Céréales,BTH,112500.0,90000.0,11250.0,7.148550724637682,22556.04983337607,789461.7441681625,,True,True,50.974112894368574,2.06570426083051
1,Céréales,BTH,112500.0,90000.0,11250.0,7.148550724637682,19859.168989284553,695070.9146249593,,True,True,50.92435533488792,2.096791172416059
25,Cultures permanentes,OIG,112400.0,56200.0,5620.0,7.148550724637682,20030.311289829657,701060.895144038,,True,True,50.75172896017431,2.420951912633941
25,Cultures permanentes,PTC,112400.0,56200.0,5620.0,7.148550724637682,24277.966630092877,849728.8320532506,,True,True,50.80731769755435,2.666183791275719
3,Protéagineux,ORH,112300.0,89840.0,11230.0,7.148550724637682,28444.574248276855,995560.0986896899,,True,True,50.93091813219457,1.9741268798854474
9,Fruits,LIF,112300.0,44920.0,8984.0,7.148550724637682,15611.212607402775,546392.4412590971,,True,True,50.902847397610664,2.1615153650165837
1,Céréales,BTH,112300.0,89840.0,11230.0,7.148550724637682,9491.041688967347,332186.4591138571,,True,True,50.9367777333056,2.244991574510425
1,Céréales,BTH,112300.0,89840.0,11230.0,7.148550724637682,21165.42214123193,740789.7749431176,,True,True,50.940697615379435,2.078436313568488
1,Céréales,BTH,112200.0,89760.0,11220.0,7.148550724637682,25080.77861286481,877827.2514502684,,True,True,50.71015463298345,2.3001634073559294
2,Oléagineux,MIS,112100.00000000001,89680.00000000001,11210.000000000002,7.148550724637682,17943.61438940024,628026.5036290084,,True,True,50.77113312798683,2.424851933019565
1,Céréales,BTH,112100.00000000001,89680.00000000001,11210.000000000002,7.148550724637682,20538.624485208293,718851.8569822903,,True,True,50.90928002617686,2.0888519302175172
24,Surfaces non agricoles,BTN,112100.00000000001,67260.0,0.0,7.148550724637682,14118.09286998592,494133.2504495072,,True,False,50.91562399299349,2.179877455429673
25,Cultures permanentes,PTC,112000.0,56000.0,5600.0,7.148550724637682,27109.293553488103,948825.2743720836,,True,True,50.71398149511937,2.201088772258479
2,Oléagineux,MIS,112000.0,89600.0,11200.0,7.148550724637682,28731.449753986988,1005600.7413895446,,True,True,50.75669507516919,2.076487452201385
20,Miscanthus/autres énergies,VRG,112000.0,95200.0,0.0,7.148550724637682,7702.703041387756,269594.60644857143,,True,False,50.91200108703286,2.486113295607043
25,Cultures permanentes,PTC,112000.0,56000.0,5600.0,7.148550724637682,11995.61130421328,419846.3956474648,,True,True,50.823655673228195,2.4087367187653155
25,Cultures permanentes,PTC,112000.0,56000.0,5600.0,7.148550724637682,14367.48654315635,502862.02901047224,,True,True,50.947169387327506,2.176772957471761
1,Céréales,BTH,112000.0,89600.0,11200.0,7.148550724637682,26113.294869269703,913965.3204244396,,True,True,50.70191210496542,2.2914944214961857
1,Céréales,BTH,112000.0,89600.0,11200.0,7.148550724637682,29606.16445815705,1036215.7560354968,,True,True,50.73490808199518,2.09311627586553
2,Oléagineux,MIS,111900.0,89520.0,11190.0,7.148550724637682,24967.247576168404,873853.6651658941,,True,True,50.706622843957604,2.4160592012909583
1,Céréales,BTH,111900.0,89520.0,11190.0,7.148550724637682,20364.564675382335,712759.7636383817,,True,True,50.74729826091924,2.359881993884223
3,Protéagineux,ORP,111700.0,89360.0,11170.0,7.148550724637682,24774.51012556091,867107.8543946319,,True,True,50.813401600091254,2.079144520937318
24,Surfaces non agricoles,BTN,111700.0,67020.0,0.0,7.148550724637682,8023.931458158033,280837.60103553114,,True,False,51.00177119749294,2.368107253365273
1,Céréales,BTH,111700.0,89360.0,11170.0,7.148550724637682,14768.74234773634,516905.9821707719,,True,True,50.949258443315884,2.17145089743836
24,Surfaces non agricoles,BTN,111600.0,66960.0,0.0,7.148550724637682,28386.115234020035,993514.0331907013,,True,False,50.84177810593292,2.000277723685893
9,Fruits,LIF,111600.0,44640.0,8928.0,7.148550724637682,12471.847604606592,436514.6661612307,,True,True,50.913644632064674,2.203974197257768
1,Céréales,BTH,111600.0,89280.0,11160.0,7.148550724637682,5636.977191218107,197294.20169263374,,True,True,50.8795756280073,2.3882886316891954
9,Fruits,LIF,111500.0,44600.0,8920.0,7.148550724637682,26735.537493025196,935743.8122558818,,True,True,50.96568403233375,2.0025942626650663
1,Céréales,BTH,111500.0,89200.0,11150.0,7.148550724637682,4917.533442323348,172113.67048131718,,True,True,50.9254909453117,2.4497984745253785
1,Céréales,BTH,111400.0,89120.0,11140.0,7.148550724637682,10536.695782182758,368784.35237639653,,True,True,50.85069359658859,2.462216246690305
1,Céréales,BTH,111400.0,89120.0,11140.0,7.148550724637682,29314.327105003817,1026001.4486751335,,True,True,50.96032222998039,1.9643583130833833
24,Surfaces non agricoles,BTN,111400.0,66840.0,0.0,7.148550724637682,25066.162459806645,877315.6860932326,,True,False,50.745245231876446,2.1754771985762926
25,Cultures permanentes,PTC,111400.0,55700.0,5570.0,7.148550724637682,14542.49340536303,508987.26918770606,,True,True,50.93524962096485,2.172650880475498
9,Fruits,LIF,111400.0,44560.0,8912.0,7.148550724637682,6507.714733616797,227770.0156765879,,True,True,50.9677225603672,2.30897591785277
24,Surfaces non agricoles,BTN,111400.0,66840.0,0.0,7.148550724637682,15072.134114440332,527524.6940054116,,True,False,51.02665740184676,2.530930658833657
1,Céréales,BTH,111400.0,89120.0,11140.0,7.148550724637682,21161.22404538013,740642.8415883046,,True,True,50.78862619403256,2.5818271808689315
24,Surfaces non agricoles,BTN,111300.00000000001,66780.0,0.0,7.148550724637682,23855.270622663444,834934.4717932205,,True,False,50.74848668329338,2.1989048335526826
25,Cultures permanentes,PTC,111199.99999999999,55599.99999999999,5560.0,7.148550724637682,12166.550538413254,425829.26884446386,,True,True,50.82067638328879,2.372859893625075
1,Céréales,BTH,111199.99999999999,88960.0,11120.0,7.148550724637682,13342.55045453738,466989.26590880833,,True,True,51.02820902933471,2.489502687936627
1,Céréales,BTH,111100.0,88880.0,11110.0,7.148550724637682,21555.661775314034,754448.1621359912,,True,True,50.9431072264896,2.073085995800412
1,Céréales,BTH,111000.0,88800.0,11100.0,7.148550724637682,9938.010798436091,347830.3779452632,,True,True,50.930263196983965,2.238196257594244
1,Céréales,BTH,111000.0,88800.0,11100.0,7.148550724637682,14816.99969671705,518594.98938509676,,True,True,50.92138542339518,2.590959734392571
1,Céréales,BTH,111000.0,88800.0,11100.0,7.148550724637682,8441.838046238052,295464.33161833184,,True,True,51.003424941641065,2.4106470223118834
25,Cultures permanentes,PTC,111000.0,55500.0,5550.0,7.148550724637682,10747.88230779548,376175.8807728418,,True,True,50.860893130078004,2.487143975864502
25,Cultures permanentes,PTC,110900.0,55450.0,5545.0,7.148550724637682,7470.376299555408,261463.17048443927,,True,True,50.864902248795175,2.4063309528583177
1,Céréales,BTH,110900.0,88720.0,11090.0,7.148550724637682,15044.576424056275,526560.1748419696,,True,True,51.00665844712515,2.5570337886025514
1,Céréales,BTH,110800.0,88640.0,11080.0,7.148550724637682,29619.81215260448,1036693.4253411569,,True,True,50.72859040798127,2.1039995791885695
2,Oléagineux,MIS,110800.0,88640.0,11080.0,7.148550724637682,26293.510660495234,920272.8731173332,,True,True,50.78894079086181,2.0793427441583296
9,Fruits,LIF,110800.0,44320.0,8864.0,7.148550724637682,7885.166069499153,275980.8124324704,,True,True,50.96948823983603,2.286506533724264
1,Céréales,BTH,110700.0,88560.0,11070.0,7.148550724637682,4258.279219922502,149039.77269728758,,True,True,50.968257711586055,2.3772958462396896
5,Sucre,CZH,110700.0,83025.0,8856.0,7.148550724637682,29805.425067697506,1043189.8773694127,,True,True,50.70250954914932,2.604379005839004
1,Céréales,BTH,110700.0,88560.0,11070.0,7.148550724637682,27031.697591655644,946109.4157079476,,True,True,50.700945416019934,2.5088985056603947
1,Céréales,BTH,110700.0,88560.0,11070.0,7.148550724637682,13472.925901510376,471552.4065528632,,True,True,50.829349329334775,2.2730874532786665
25,Cultures permanentes,PTC,110700.0,55350.0,5535.0,7.148550724637682,26030.448284529826,911065.6899585439,,True,True,50.70129018271977,2.4590330485776417
9,Fruits,LIF,110700.0,44280.0,8856.0,7.148550724637682,3474.798520743327,121617.94822601645,,True,True,50.950646874591726,2.417226160138466
1,Céréales,BTH,110600.0,88480.0,11060.0,7.148550724637682,23996.415360170166,839874.5376059558,,True,True,50.76760218655647,2.1548978267757075
25,Cultures permanentes,PTC,110600.0,55300.0,5530.0,7.148550724637682,2129.2207331374125,74522.72565980944,,True,True,50.94684442372132,2.3944515243249063
2,Oléagineux,MIS,110600.0,88480.0,11060.0,7.148550724637682,14375.571645526596,503145.00759343087,,True,True,50.99962568977406,2.552964194857994
9,Fruits,LIF,110600.0,44240.0,8848.0,7.148550724637682,2082.4579399240965,72886.02789734337,,True,True,50.947618515242205,2.3699226358844516
9,Fruits,LIF,110600.0,44240.0,8848.0,7.148550724637682,23218.6682962459,812653.3903686065,,True,True,50.98300209508964,2.0593638508898793
9,Fruits,LIF,110600.0,44240.0,8848.0,7.148550724637682,23791.030881235485,832686.080843242,,True,True,50.83383677290748,2.077061636306511
1,Céréales,BTH,110399.99999999999,88320.0,11040.0,7.148550724637682,3855.810023601654,134953.3508260579,,True,True,50.898513129889395,2.40303984765187
25,Cultures permanentes,PTC,110399.99999999999,55199.99999999999,5520.0,7.148550724637682,28617.82277604171,1001623.7971614598,,True,True,50.753692355294156,2.67691659574815
1,Céréales,BTH,110300.0,88240.0,11030.0,7.148550724637682,9190.274646289245,321659.61262012355,,True,True,50.93249536867545,2.5110783547618354
1,Céréales,BTH,110300.0,88240.0,11030.0,7.148550724637682,24413.90763326909,854486.7671644181,,True,True,50.76506368714707,2.1504694737742756
1,Céréales,BTH,110300.0,88240.0,11030.0,7.148550724637682,10833.405884781027,379169.2059673359,,True,True,50.838041416123716,2.431010063250552
2,Oléagineux,MIS,110300.0,88240.0,11030.0,7.148550724637682,20879.117589692847,730769.1156392497,,True,True,50.770955451727126,2.5380951993508183
25,Cultures permanentes,PTC,110200.0,55100.0,5510.0,7.148550724637682,13559.295270862318,474575.3344801811,,True,True,50.84246396470078,2.5145703693543364
1,Céréales,BTH,110200.0,88160.0,11020.0,7.148550724637682,10784.871115197044,377470.4890318965,,True,True,50.969118313826286,2.2391244580172223
2,Oléagineux,MIS,110200.0,88160.0,11020.0,7.148550724637682,20885.3135428258,730985.973998903,,True,True,50.76037644845685,2.5077491530486977
1,Céréales,BTH,110100.0,88080.0,11010.0,7.148550724637682,7053.981827269625,246889.36395443688,,True,True,50.92244649085519,2.2800719769758415
3,Protéagineux,ORP,110000.0,88000.0,11000.0,7.148550724637682,12339.63060417002,431887.07114595076,,True,True,50.93521470749121,2.2041123266428833
1,Céréales,BTH,110000.0,88000.0,11000.0,7.148550724637682,8848.41432019438,309694.5012068033,,True,True,50.90306597910595,2.2612297564153843
24,Surfaces non agricoles,BTN,110000.0,66000.0,0.0,7.148550724637682,16211.104076742673,567388.6426859936,,True,False,50.8062581917784,2.257851442108663
25,Cultures permanentes,PTC,110000.0,55000.0,5500.0,7.148550724637682,18002.789896741906,630097.6463859667,,True,True,50.774819994496205,2.453133819878912
2,Oléagineux,MIS,109900.0,87920.0,10990.0,7.148550724637682,25412.53324735023,889438.6636572581,,True,True,50.76197296320187,2.625344183265495
1,Céréales,BTH,109900.0,87920.0,10990.0,7.148550724637682,1029.6100939507994,36036.35328827798,,True,True,50.93673193842546,2.3699121072191573
25,Cultures permanentes,PTC,109900.0,54950.0,5495.0,7.148550724637682,13769.60978716518,481936.3425507813,,True,True,50.82516091740359,2.275552040250125
25,Cultures permanentes,PTC,109900.0,54950.0,5495.0,7.148550724637682,20982.12268015771,734374.2938055198,,True,True,50.76078050081054,2.512233225590212
5,Sucre,CZH,109900.0,82425.0,8792.0,7.148550724637682,28363.56823147767,992724.8881017185,,True,True,50.76854445363278,2.067217780006785
1,Céréales,BTH,109800.0,87840.0,10980.0,7.148550724637682,28894.812260369945,1011318.429112948,,True,True,50.67847946609258,2.2766825607261625
25,Cultures permanentes,PTC,109800.0,54900.0,5490.0,7.148550724637682,8559.83088895747,299594.0811135114,,True,True,50.8531201391704,2.3737645931011113
1,Céréales,BTH,109800.0,87840.0,10980.0,7.148550724637682,19736.3753439882,690773.1370395869,,True,True,50.755642703761524,2.432606879887402
24,Surfaces non agricoles,BTN,109700.0,65820.0,0.0,7.148550724637682,24749.269269580076,866224.4244353026,,True,False,50.759056094602606,2.1542545640935193
1,Céréales,BTH,109700.0,87760.0,10970.0,7.148550724637682,19132.67593484642,669643.6577196247,,True,True,50.82158294476294,2.5917436493276784
1,Céréales,BTH,109700.0,87760.0,10970.0,7.148550724637682,29254.281932187834,1023899.8676265742,,True,True,50.81297535751265,2.006612322195776
1,Céréales,BTH,109600.00000000001,87680.00000000001,10960.000000000002,7.148550724637682,5551.001505811946,194285.05270341813,,True,True,50.97538922601818,2.412991918792949
18,Semences,PPH,109600.00000000001,82200.00000000001,8768.000000000002,7.148550724637682,29658.942755494274,1038062.9964422996,,True,True,50.71517447272407,2.129737000160628
1,Céréales,BTH,109600.00000000001,87680.00000000001,10960.000000000002,7.148550724637682,13996.151107503092,489865.28876260825,,True,True,50.92265209417958,2.1806473547282588
25,Cultures permanentes,PTC,109500.0,54750.0,5475.0,7.148550724637682,16492.407050026177,577234.2467509162,,True,True,51.03194298927882,2.551119313040633
2,Oléagineux,MIS,109400.0,87520.0,10940.0,7.148550724637682,27570.454128041856,964965.894481465,,True,True,50.6884932393115,2.468850343119659
1,Céréales,BTH,109400.0,87520.0,10940.0,7.148550724637682,10240.446075412083,358415.6126394229,,True,True,51.019183685876484,2.4164816166508736
2,Oléagineux,MIS,109400.0,87520.0,10940.0,7.148550724637682,13619.523740590308,476683.3309206608,,True,True,50.89611778528546,2.566683482344594
25,Cultures permanentes,PTC,109400.0,54700.0,5470.0,7.148550724637682,10210.52476005411,357368.36660189385,,True,True,50.94871886453608,2.52266181736295
2,Oléagineux,MIS,109400.0,87520.0,10940.0,7.148550724637682,10998.062748084929,384932.1961829725,,True,True,50.83584408822861,2.4280093181029594
1,Céréales,BTH,109300.0,87440.0,10930.0,7.148550724637682,25444.904015435648,890571.6405402477,,True,True,50.70165500165273,2.3563949841374305
25,Cultures permanentes,PTC,109300.0,54650.0,5465.0,7.148550724637682,8953.98710938823,313389.54882858804,,True,True,50.97843161841791,2.277875288466975
25,Cultures permanentes,PTC,109300.0,54650.0,5465.0,7.148550724637682,13575.261574272554,475134.1550995394,,True,True,50.832619209475496,2.496705504121937
1,Céréales,BTH,109300.0,87440.0,10930.0,7.148550724637682,18464.970046053837,646273.9516118843,,True,True,50.7680326122229,2.4380291435870185
9,Fruits,LIF,109200.0,43680.0,8736.0,7.148550724637682,8469.117865560067,296419.12529460236,,True,True,50.87279281860361,2.3002687379098634
1,Céréales,BTH,109200.0,87360.0,10920.0,7.148550724637682,12752.437682769685,446335.318896939,,True,True,50.84810489853216,2.252727341889192
1,Céréales,BTH,109100.0,87280.0,10910.0,7.148550724637682,23960.65532581273,838622.9364034456,,True,True,50.74661092397127,2.200835916956552
2,Oléagineux,MIS,109000.0,87200.0,10900.0,7.148550724637682,7446.978128858448,260644.23451004567,,True,True,50.93486691639407,2.485984378543653
25,Cultures permanentes,PTC,109000.0,54500.0,5450.0,7.148550724637682,15307.39346645957,535758.771326085,,True,True,50.96027808656083,2.593139758337891
5,Sucre,CZH,109000.0,81750.0,8720.0,7.148550724637682,23719.357189569186,830177.5016349215,,True,True,50.75165073997283,2.1946850618362332
1,Céréales,BTH,108900.0,87120.0,10890.0,7.148550724637682,29902.36961054452,1046582.9363690582,,True,True,50.66617801882442,2.4624404897590613
24,Surfaces non agricoles,BTN,108900.0,65340.0,0.0,7.148550724637682,10245.838919399679,358604.36217898875,,True,False,50.96307938066428,2.516499041083188
1,Céréales,BTH,108900.0,87120.0,10890.0,7.148550724637682,11184.417159073686,391454.60056757904,,True,True,50.996519100188124,2.499792489908664
5,Sucre,CZH,108900.0,81675.0,8712.0,7.148550724637682,29700.447940235324,1039515.6779082364,,True,True,50.69092086691024,2.191515520083242
5,Sucre,CZH,108800.00000000001,81600.00000000001,8704.000000000002,7.148550724637682,25517.405023920146,893109.1758372051,,True,True,50.785677136670905,2.097352797059071
1,Céréales,BTH,108800.00000000001,87040.00000000001,10880.000000000002,7.148550724637682,17072.745577511556,597546.0952129045,,True,True,50.78297190804397,2.450077193159549
1,Céréales,BTH,108800.00000000001,87040.00000000001,10880.000000000002,7.148550724637682,9449.309624260097,330725.8368491034,,True,True,50.972368015783054,2.263068485780563
1,Céréales,BTH,108800.00000000001,87040.00000000001,10880.000000000002,7.148550724637682,13861.643121612142,485157.50925642496,,True,True,50.8173739206773,2.295315703826811
9,Fruits,CHV,108699.99999999999,43480.0,8695.999999999998,7.148550724637682,7437.268831573278,260304.40910506473,,True,True,50.877471620506,2.4456569634674907
25,Cultures permanentes,PTC,108699.99999999999,54349.99999999999,5435.0,7.148550724637682,11715.1806608199,410031.32312869653,,True,True,50.963970196398776,2.221707566151786
1,Céréales,BTH,108699.99999999999,86960.0,10870.0,7.148550724637682,26333.432219751063,921670.1276912872,,True,True,50.70550863615159,2.499378088999792
3,Protéagineux,ORH,108699.99999999999,86960.0,10870.0,7.148550724637682,20140.185274510408,704906.4846078643,,True,True,50.82646640462993,2.6155377329023546
25,Cultures permanentes,LBF,108699.99999999999,54349.99999999999,5435.0,7.148550724637682,19925.14322680807,697380.0129382825,,True,True,50.825740724392276,2.6109722219832086
2,Oléagineux,MIS,108600.0,86880.0,10860.0,7.148550724637682,25451.620531019536,890806.7185856837,,True,True,50.70148477294208,2.400775781810431
24,Surfaces non agricoles,BTN,108600.0,65160.0,0.0,7.148550724637682,14067.214072447854,492352.4925356749,,True,False,50.80520457901013,2.3471142577782573
2,Oléagineux,MIS,108600.0,86880.0,10860.0,7.148550724637682,16367.951304153185,572878.2956453614,,True,True,50.81022908842857,2.244400541959724
24,Surfaces non agricoles,BTN,108500.0,65100.0,0.0,7.148550724637682,20087.481912208375,703061.8669272931,,True,False,50.8887676621081,2.101063953155341
9,Fruits,LIF,108500.0,43400.0,8680.0,7.148550724637682,10190.26431618362,356659.2510664267,,True,True,50.98387911841689,2.2623125376655957
9,Fruits,LIF,108500.0,43400.0,8680.0,7.148550724637682,28423.99148746406,994839.7020612421,,True,True,50.680537279177294,2.2917326950920023
1,Céréales,BTH,108400.0,86720.0,10840.0,7.148550724637682,8786.383065582459,307523.4072953861,,True,True,50.88635557914585,2.2755365845705273
2,Oléagineux,MIS,108400.0,86720.0,10840.0,7.148550724637682,29349.56134313217,1027234.6470096259,,True,True,50.758599233459144,2.697887489253077
25,Cultures permanentes,PTC,108400.0,54200.0,5420.0,7.148550724637682,16979.27585895122,594274.6550632927,,True,True,51.04049005219439,2.547425868771252
9,Fruits,LIF,108400.0,43360.0,8672.0,7.148550724637682,18058.239768283267,632038.3918899144,,True,True,50.884453175615036,2.132791894570753
9,Fruits,LIF,108300.0,43320.0,8664.0,7.148550724637682,18012.733512712486,630445.672944937,,True,True,51.06385295573697,2.52497403321871
2,Oléagineux,MIS,108300.0,86640.0,10830.0,7.148550724637682,24024.32263275429,840851.2921464002,,True,True,50.915560459071656,2.0380198617853407
2,Oléagineux,MIS,108300.0,86640.0,10830.0,7.148550724637682,24841.20958721116,869442.3355523907,,True,True,50.723109810332936,2.2465572072863607
5,Sucre,CZH,108300.0,81225.0,8664.0,7.148550724637682,29155.146547430213,1020430.1291600574,,True,True,50.940285994905906,1.9642634526988008
1,Céréales,BTP,108300.0,86640.0,10830.0,7.148550724637682,25535.544482233716,893744.05687818,,True,True,50.774905091684836,2.6482657387543274
24,Surfaces non agricoles,BTN,108300.0,64980.0,0.0,7.148550724637682,13561.872004792222,474665.5201677278,,True,False,50.97883805227016,2.5574140240492897
25,Cultures permanentes,PTC,108300.0,54150.0,5415.0,7.148550724637682,3371.293104881354,117995.25867084738,,True,True,50.958441650935214,2.363331571208644
25,Cultures permanentes,PTC,108300.0,54150.0,5415.0,7.148550724637682,17945.594697994977,628095.8144298242,,True,True,51.04291507169248,2.563176665621853
1,Céréales,BTH,108300.0,86640.0,10830.0,7.148550724637682,26896.8750716338,941390.627507183,,True,True,50.79434759660844,2.0627054641929115
24,Surfaces non agricoles,BTN,108300.0,64980.0,0.0,7.148550724637682,18069.36136270819,632427.6476947867,,True,False,50.771445949295746,2.3236111442870055
25,Cultures permanentes,PTC,108300.0,54150.0,5415.0,7.148550724637682,21437.290293608457,750305.160276296,,True,True,50.79725392957146,2.1584915016997974
25,Cultures permanentes,PTC,108200.0,54100.0,5410.0,7.148550724637682,13946.00655991258,488110.2295969403,,True,True,51.01204844493295,2.5306373229630554
18,Semences,PPH,108200.0,81150.0,8656.0,7.148550724637682,17499.98263119811,612499.3920919338,,True,True,50.77294005886552,2.3640819923227077
9,Fruits,LIF,108200.0,43280.0,8656.0,7.148550724637682,25719.70108954018,900189.5381339063,,True,True,50.73928840030518,2.587236363563206
19,Légumineuses,PTR,108200.0,86560.0,10820.0,7.148550724637682,13885.59760928488,485995.9163249708,,True,True,50.87775154050934,2.2001456837092346
1,Céréales,BTH,108200.0,86560.0,10820.0,7.148550724637682,26175.817330752234,916153.6065763282,,True,True,50.77952656504408,2.093230908418564
24,Surfaces non agricoles,BTN,108200.0,64920.0,0.0,7.148550724637682,13074.923409995052,457622.31934982684,,True,False,50.92896190444922,2.1934452490839833
19,Légumineuses,PTR,108100.0,86480.0,10810.0,7.148550724637682,8285.433749608279,289990.1812362898,,True,True,50.87935501482813,2.293329420853659
1,Céréales,BTH,108100.0,86480.0,10810.0,7.148550724637682,5991.523682592521,209703.32889073825,,True,True,50.928237190196356,2.294555255892976
1,Céréales,BTH,108100.0,86480.0,10810.0,7.148550724637682,28715.52544317557,1005043.390511145,,True,True,50.74520179801854,2.665642614169867
1,Céréales,BTH,108000.0,86400.0,10800.0,7.148550724637682,22088.67952283988,773103.7832993958,,True,True,50.77075187730305,2.5680874634930393
2,Oléagineux,MIS,108000.0,86400.0,10800.0,7.148550724637682,28103.59100665416,983625.6852328955,,True,True,50.67970462049636,2.4355090047110544
1,Céréales,BTH,108000.0,86400.0,10800.0,7.148550724637682,6339.123114631388,221869.30901209856,,True,True,50.96376361090347,2.3070914340864155
25,Cultures permanentes,PTC,107899.99999999999,53949.99999999999,5395.0,7.148550724637682,13089.502030757512,458132.5710765129,,True,True,50.926953385630696,2.5667034467838454
25,Cultures permanentes,PTC,107899.99999999999,53949.99999999999,5395.0,7.148550724637682,19138.055035089965,669831.9262281487,,True,True,50.776475313516315,2.503237244844761
18,Semences,PPH,107899.99999999999,80924.99999999999,8631.999999999998,7.148550724637682,15695.804607900864,549353.1612765302,,True,True,50.82997546962944,2.222142800488676
25,Cultures permanentes,PTC,107899.99999999999,53949.99999999999,5395.0,7.148550724637682,9587.410667616285,335559.37336657,,True,True,50.885764071762466,2.497368881511279
25,Cultures permanentes,PTC,107800.0,53900.0,5390.0,7.148550724637682,29857.50222988433,1045012.5780459516,,True,True,50.93322632708085,1.9539833202530423
24,Surfaces non agricoles,BTN,107700.0,64620.0,0.0,7.148550724637682,27151.804220839862,950313.1477293952,,True,False,50.714927703312405,2.1969713831702227
25,Cultures permanentes,PTC,107700.0,53850.0,5385.0,7.148550724637682,7098.400566074053,248444.01981259187,,True,True,50.98517950319992,2.4309616514124235
3,Protéagineux,ORH,107600.0,86080.0,10760.0,7.148550724637682,11134.609982034988,389711.3493712246,,True,True,50.93804802521276,2.2216222115817406
24,Surfaces non agricoles,BTN,107600.0,64560.0,0.0,7.148550724637682,17718.007153686223,620130.2503790178,,True,False,51.063840015480004,2.517389770209224
25,Cultures permanentes,PTC,107500.0,53750.0,5375.0,7.148550724637682,8039.246801075417,281373.6380376396,,True,True,50.869413478924606,2.4425529901558694
1,Céréales,BTH,107500.0,86000.0,10750.0,7.148550724637682,24058.157468751084,842035.5114062879,,True,True,50.93839795960814,2.036945291574747
1,Céréales,BTH,107500.0,86000.0,10750.0,7.148550724637682,10520.165439207029,368205.790372246,,True,True,50.861552939202916,2.4835544701402132
1,Céréales,BTH,107300.0,85840.0,10730.0,7.148550724637682,21680.467061703122,758816.3471596093,,True,True,50.93529205490061,2.070740928366251
9,Fruits,LIF,107300.0,42920.0,8584.0,7.148550724637682,25159.670736555814,880588.4757794535,,True,True,50.89864493813368,2.024583667346062
24,Surfaces non agricoles,BTN,107300.0,64380.0,0.0,7.148550724637682,26555.09601436617,929428.3605028159,,True,False,50.77484930981531,2.0924237308048528
25,Cultures permanentes,CHU,107300.0,53650.0,5365.0,7.148550724637682,15516.340360992555,543071.9126347394,,True,True,50.96760299754308,2.5932964174841566
9,Fruits,LIF,107300.0,42920.0,8584.0,7.148550724637682,14524.614022686037,508361.4907940113,,True,True,51.03881702419427,2.494780669339792
25,Cultures permanentes,PTC,107300.0,53650.0,5365.0,7.148550724637682,13875.490836527115,485642.17927844904,,True,True,50.8277565501692,2.266621075815026
5,Sucre,CZH,107300.0,80475.0,8584.0,7.148550724637682,11868.681977604041,415403.86921614147,,True,True,50.89111379435362,2.2223521265720736
1,Céréales,BTH,107200.0,85760.0,10720.0,7.148550724637682,15348.968393101783,537213.8937585624,,True,True,50.944111273405426,2.16210223088536
3,Protéagineux,ORH,107200.0,85760.0,10720.0,7.148550724637682,26501.98085651423,927569.329977998,,True,True,50.88036719124452,2.0103344820398226
25,Cultures permanentes,PTC,107200.0,53600.0,5360.0,7.148550724637682,7715.858311226592,270055.04089293076,,True,True,50.99104808107234,2.327627319549437
20,Miscanthus/autres énergies,VRG,107100.00000000001,91035.00000000001,0.0,7.148550724637682,3716.559825079198,130079.59387777194,,True,False,50.91223152218815,2.424908087459903
3,Protéagineux,ORP,107000.0,85600.0,10700.0,7.148550724637682,16957.15530956909,593500.4358349182,,True,True,51.04193429105753,2.5445249737265527
1,Céréales,BTH,107000.0,85600.0,10700.0,7.148550724637682,29937.021234860073,1047795.7432201025,,True,True,50.9305009494417,1.9528311313072613
2,Oléagineux,MIS,107000.0,85600.0,10700.0,7.148550724637682,12422.455996765539,434785.95988679386,,True,True,50.89459179034445,2.211948229761667
1,Céréales,BTH,106900.0,85520.0,10690.0,7.148550724637682,21795.49195787107,762842.2185254875,,True,True,50.92480122734013,2.069130054601163
1,Céréales,BTH,106900.0,85520.0,10690.0,7.148550724637682,22606.179876360304,791216.2956726106,,True,True,50.95693689567052,2.060186952520708
2,Oléagineux,MIS,106900.0,85520.0,10690.0,7.148550724637682,24184.53663084864,846458.7820797025,,True,True,50.762023797937125,2.1611827664539685
25,Cultures permanentes,PTC,106900.0,53450.0,5345.0,7.148550724637682,22990.04518604565,804651.5815115977,,True,True,50.757041235161935,2.559401896506582
1,Céréales,BTH,106900.0,85520.0,10690.0,7.148550724637682,14256.434624598838,498975.21186095936,,True,True,50.80313069451111,2.3506856704472057
1,Céréales,BTH,106900.0,85520.0,10690.0,7.148550724637682,28482.25824842357,996879.038694825,,True,True,50.682360912038305,2.276400092703304
1,Céréales,BTH,106800.0,85440.0,10680.0,7.148550724637682,23754.275433712657,831399.640179943,,True,True,50.95182818483703,2.0427485109658274
25,Cultures permanentes,PTC,106800.0,53400.0,5340.0,7.148550724637682,16386.801848136984,573538.0646847944,,True,True,51.02929914486431,2.5529564591612517
16,Gel,LUZ,106800.0,96120.0,0.0,7.148550724637682,25038.02246135232,876330.7861473312,,True,False,50.7405395960423,2.572677291411099
1,Céréales,BTH,106700.0,85360.0,10670.0,7.148550724637682,15744.257771043138,551049.0219865098,,True,True,51.02110160407756,2.5521447776713853
1,Céréales,BTH,106700.0,85360.0,10670.0,7.148550724637682,14049.048603914709,491716.70113701484,,True,True,50.956261587528495,2.183859029645678
1,Céréales,BTH,106700.0,85360.0,10670.0,7.148550724637682,14307.632468853024,500767.13640985586,,True,True,50.98650271624839,2.563528455336247
1,Céréales,BTH,106700.0,85360.0,10670.0,7.148550724637682,29167.185198615032,1020851.4819515261,,True,True,50.73460007600283,2.6570726017091304
1,Céréales,BTH,106600.0,85280.0,10660.0,7.148550724637682,19931.131075921738,697589.5876572608,,True,True,50.84350652576473,2.1311381143465202
25,Cultures permanentes,PTC,106600.0,53300.0,5330.0,7.148550724637682,10267.341712720123,359356.9599452043,,True,True,50.93075606694837,2.233500590600858
25,Cultures permanentes,PTC,106600.0,53300.0,5330.0,7.148550724637682,7800.934024191188,273032.69084669155,,True,True,50.921138100584216,2.2695918068468623
1,Céréales,BTH,106600.0,85280.0,10660.0,7.148550724637682,4549.937588243979,159247.81558853926,,True,True,50.89101365391498,2.360293587299119
1,Céréales,BTH,106600.0,85280.0,10660.0,7.148550724637682,26555.498539246222,929442.4488736178,,True,True,50.9371573190706,2.001224356044531
2,Oléagineux,MIS,106600.0,85280.0,10660.0,7.148550724637682,10263.656672095478,359227.9835233417,,True,True,50.967001531558466,2.245778071450979
9,Fruits,LIF,106600.0,42640.0,8528.0,7.148550724637682,1218.256832600741,42638.98914102594,,True,True,50.94095506455935,2.3802328041246774
1,Céréales,BTH,106500.0,85200.0,10650.0,7.148550724637682,24711.965118103024,864918.7791336059,,True,True,50.75998963641408,2.153315032480008
25,Cultures permanentes,PTC,106500.0,53250.0,5325.0,7.148550724637682,3921.5687861996835,137254.90751698893,,True,True,50.91909338416621,2.4332070175696825
24,Surfaces non agricoles,BTN,106500.0,63900.0,0.0,7.148550724637682,26932.761082261542,942646.637879154,,True,False,50.9773225463766,2.002914378485848
1,Céréales,BTH,106500.0,85200.0,10650.0,7.148550724637682,20324.447858413732,711355.6750444806,,True,True,50.74875885484112,2.4175056543859816
5,Sucre,CZH,106500.0,79875.0,8520.0,7.148550724637682,11781.43893993068,412350.3628975738,,True,True,51.0294210611185,2.4381745995034767
25,Cultures permanentes,PTC,106500.0,53250.0,5325.0,7.148550724637682,5497.457262261319,192411.00417914614,,True,True,50.939414341241665,2.457014877548975
9,Fruits,LIF,106400.0,42560.0,8512.0,7.148550724637682,21695.678726547507,759348.7554291628,,True,True,50.99477903423286,2.087783722585143
1,Céréales,BTH,106400.0,85120.0,10640.0,7.148550724637682,11511.939891610586,402917.8962063705,,True,True,50.99899813733744,2.5025551203215026
24,Surfaces non agricoles,BTN,106400.0,63840.0,0.0,7.148550724637682,5502.45303044466,192585.8560655631,,True,False,50.97936202118595,2.3744708664618046
3,Protéagineux,ORH,106300.00000000001,85040.00000000001,10630.000000000002,7.148550724637682,16685.482550856796,583991.8892799879,,True,True,50.78073501403976,2.355622991300524
2,Oléagineux,MIS,106300.00000000001,85040.00000000001,10630.000000000002,7.148550724637682,17141.23887713555,599943.3606997443,,True,True,51.03221357651488,2.563290721494377
1,Céréales,BTH,106300.00000000001,85040.00000000001,10630.000000000002,7.148550724637682,28165.304882376007,985785.6708831602,,True,True,50.79841535048324,2.0370812116974784
3,Protéagineux,ORH,106300.00000000001,85040.00000000001,10630.000000000002,7.148550724637682,7806.223473141783,273217.8215599624,,True,True,50.99317437373341,2.3313875972423093
1,Céréales,BTH,106199.99999999999,84960.0,10620.0,7.148550724637682,20030.422411745,701064.784411075,,True,True,50.75338765337294,2.43616274737831
2,Oléagineux,MIS,106199.99999999999,84960.0,10620.0,7.148550724637682,15606.720093384909,546235.2032684719,,True,True,50.9366936147445,2.6024525715692217
2,Oléagineux,MIS,106100.0,84880.0,10610.0,7.148550724637682,4566.151865040935,159815.31527643272,,True,True,50.89845354694545,2.421696418213661
1,Céréales,BTH,106100.0,84880.0,10610.0,7.148550724637682,23759.995046190143,831599.826616655,,True,True,50.81417058726709,2.0954580116172186
24,Surfaces non agricoles,BTN,106000.0,63600.0,0.0,7.148550724637682,29911.12164111523,1046889.2574390331,,True,False,50.825785218182915,1.9869735822018892
24,Surfaces non agricoles,BTN,106000.0,63600.0,0.0,7.148550724637682,17652.926273262932,617852.4195642027,,True,False,51.03720271802303,2.5660001966372525
1,Céréales,BTH,106000.0,84800.0,10600.0,7.148550724637682,28650.27169686633,1002759.5093903216,,True,True,50.798508677713784,2.0289311967570467
25,Cultures permanentes,PTC,106000.0,53000.0,5300.0,7.148550724637682,1524.422364630475,53354.78276206662,,True,True,50.94266156838147,2.388341699883676
1,Céréales,BTH,106000.0,84800.0,10600.0,7.148550724637682,29489.9233635133,1032147.3177229655,,True,True,50.69867318166383,2.5852865663611846
1,Céréales,BTH,105900.0,84720.0,10590.0,7.148550724637682,17066.58328447415,597330.4149565952,,True,True,50.81582770550045,2.5425504303002904
1,Céréales,BTH,105900.0,84720.0,10590.0,7.148550724637682,25795.571477412166,902845.0017094258,,True,True,50.72029952390079,2.2229428187301754
24,Surfaces non agricoles,BTN,105900.0,63540.0,0.0,7.148550724637682,28355.220653453627,992432.7228708769,,True,False,50.69033289922973,2.242153646241826
9,Fruits,LIF,105800.0,42320.0,8464.0,7.148550724637682,29357.76190931894,1027521.6668261628,,True,True,50.73228704043579,2.1029668757964433
25,Cultures permanentes,PTC,105800.0,52900.0,5290.0,7.148550724637682,21236.737454103244,743285.8108936135,,True,True,50.9010424695816,2.080572597963651
25,Cultures permanentes,PTC,105800.0,52900.0,5290.0,7.148550724637682,14767.813698809807,516873.47945834324,,True,True,50.818628305389694,2.4946589869966562
1,Céréales,BTH,105800.0,84640.0,10580.0,7.148550724637682,5149.482958954399,180231.90356340396,,True,True,50.976206351760595,2.384925428799698
1,Céréales,BTH,105800.0,84640.0,10580.0,7.148550724637682,3254.5544924814594,113909.40723685108,,True,True,50.92481954236727,2.4257030007014397
9,Fruits,LIF,105700.0,42280.0,8456.0,7.148550724637682,3522.4691141620756,123286.41899567265,,True,True,50.91338745139924,2.3372117461306874
1,Céréales,BTH,105700.0,84560.0,10570.0,7.148550724637682,9556.017066229482,334460.5973180319,,True,True,50.84407145707437,2.382157966343743
25,Cultures permanentes,OIG,105700.0,52850.0,5285.0,7.148550724637682,6884.0500288683825,240941.75101039337,,True,True,50.93326067258153,2.281905445383624
25,Cultures permanentes,CHU,105700.0,52850.0,5285.0,7.148550724637682,13514.992506132703,473024.7377146446,,True,True,50.90296142469879,2.567956439969693
1,Céréales,BTH,105700.0,84560.0,10570.0,7.148550724637682,28198.51918563184,986948.1714971145,,True,True,50.702210541829906,2.2035912824666153
9,Fruits,LIF,105700.0,42280.0,8456.0,7.148550724637682,15608.59529851211,546300.8354479239,,True,True,50.944231329331984,2.6016030519711655
18,Semences,PPH,105700.0,79275.0,8456.0,7.148550724637682,18701.12084915315,654539.2297203603,,True,True,50.76785411996778,2.309268158332675
1,Céréales,BTH,105700.0,84560.0,10570.0,7.148550724637682,10650.064899570192,372752.2714849567,,True,True,50.87361649727914,2.502767479492422
25,Cultures permanentes,PTC,105600.0,52800.0,5280.0,7.148550724637682,25117.158524334398,879100.5483517039,,True,True,50.70750815343331,2.318269518747597
9,Fruits,LIF,105600.0,42240.0,8448.0,7.148550724637682,5681.862464400264,198865.18625400923,,True,True,50.94770393615939,2.303933481125135
2,Oléagineux,MIS,105600.0,84480.0,10560.0,7.148550724637682,14046.409631769728,491624.3371119405,,True,True,50.97129453529699,2.5694987661343025
9,Fruits,LIF,105500.0,42200.0,8440.0,7.148550724637682,6820.571352015928,238719.99732055748,,True,True,50.97075635277876,2.3072360653951316
9,Fruits,LIF,105399.99999999999,42160.0,8431.999999999998,7.148550724637682,3385.655328920548,118497.93651221918,,True,True,50.95594336828859,2.4052945680156212
24,Surfaces non agricoles,BTN,105399.99999999999,63239.999999999985,0.0,7.148550724637682,13881.071874195102,485837.5155968286,,True,False,51.00575974590092,2.5375511804791655
1,Céréales,BTH,105399.99999999999,84320.0,10540.0,7.148550724637682,27617.336675266924,966606.7836343424,,True,True,50.737028081688166,2.627573919531228
1,Céréales,BTH,105399.99999999999,84320.0,10540.0,7.148550724637682,10834.440164982207,379205.4057743772,,True,True,50.98619157974244,2.2536263068844775
1,Céréales,BTH,105399.99999999999,84320.0,10540.0,7.148550724637682,28093.963026034733,983288.7059112156,,True,True,50.71721897763238,2.5956547750332017
24,Surfaces non agricoles,BTN,105399.99999999999,63239.999999999985,0.0,7.148550724637682,29664.863324813155,1038270.2163684604,,True,False,50.70453854535362,2.154263889904759
25,Cultures permanentes,PTC,105399.99999999999,52699.99999999999,5270.0,7.148550724637682,22414.625783549953,784511.9024242484,,True,True,50.92056646994167,2.060551739806868
1,Céréales,BTH,105300.0,84240.0,10530.0,7.148550724637682,6075.968050144347,212658.88175505216,,True,True,50.87547927811614,2.3742186326290566
18,Semences,PPH,105300.0,78975.0,8424.0,7.148550724637682,19854.169016221233,694895.9155677431,,True,True,50.77707050809582,2.234014525142749
1,Céréales,BTH,105300.0,84240.0,10530.0,7.148550724637682,9976.863758919051,349190.23156216677,,True,True,50.849585956099894,2.316907804979125
1,Céréales,BTH,105200.0,84160.0,10520.0,7.148550724637682,19825.934826828132,693907.7189389847,,True,True,50.79600941275791,2.1936321319187315
2,Oléagineux,MIS,105200.0,84160.0,10520.0,7.148550724637682,9936.009409196324,347760.32932187134,,True,True,50.840818635644766,2.3711318510848725
24,Surfaces non agricoles,BTN,105100.0,63060.0,0.0,7.148550724637682,16909.056984669547,591816.9944634341,,True,False,50.801129774502606,2.2520943128300748
18,Semences,PPH,105100.0,78825.0,8408.0,7.148550724637682,29978.31454130926,1049241.008945824,,True,True,50.66098594576148,2.408140482757107
25,Cultures permanentes,OIG,105100.0,52550.0,5255.0,7.148550724637682,4557.914042925526,159526.99150239342,,True,True,50.88993315079239,2.366278841967369
24,Surfaces non agricoles,BTN,105100.0,63060.0,0.0,7.148550724637682,21810.784559276846,763377.4595746896,,True,False,50.737534444683135,2.3200939922252193
25,Cultures permanentes,PTC,105000.0,52500.0,5250.0,7.148550724637682,12832.643052096924,449142.50682339235,,True,True,51.009370201693194,2.513040873395241
24,Surfaces non agricoles,BTN,105000.0,63000.0,0.0,7.148550724637682,20595.752170928496,720851.3259824973,,True,False,50.74499408732675,2.3941648252077434
25,Cultures permanentes,PTC,105000.0,52500.0,5250.0,7.148550724637682,21108.17775885128,738786.2215597949,,True,True,50.96214233010374,2.083056754383742
25,Cultures permanentes,CHU,105000.0,52500.0,5250.0,7.148550724637682,955.0361599272925,33426.26559745524,,True,True,50.938434326060545,2.3774264866178485
25,Cultures permanentes,PTC,105000.0,52500.0,5250.0,7.148550724637682,28202.019258629687,987070.674052039,,True,True,50.757467555835774,2.67440975079611
9,Fruits,LIF,104900.0,41960.0,8392.0,7.148550724637682,3561.208305164205,124642.29068074717,,True,True,50.94149613026987,2.4274336763065647
18,Semences,PPH,104900.0,78675.0,8392.0,7.148550724637682,17768.465032235286,621896.276128235,,True,True,50.770281963754705,2.372112665146948
1,Céréales,BTH,104900.0,83920.0,10490.0,7.148550724637682,12787.372687487963,447558.0440620787,,True,True,50.84359192830535,2.259710501233345
1,Céréales,BTH,104900.0,83920.0,10490.0,7.148550724637682,15555.9729334694,544459.052671429,,True,True,51.01522989702871,2.5561793837068043
25,Cultures permanentes,PTC,104900.0,52450.0,5245.0,7.148550724637682,14057.519054807417,492013.1669182596,,True,True,51.017785868617864,2.524477694314617
1,Céréales,BTH,104800.0,83840.0,10480.0,7.148550724637682,10474.77468441732,366617.1139546062,,True,True,50.91939810366165,2.528496455021751
9,Fruits,LIF,104800.0,41920.0,8384.0,7.148550724637682,6032.288733145449,211130.10566009072,,True,True,50.935677081393074,2.294393575391124
2,Oléagineux,MIS,104800.0,83840.0,10480.0,7.148550724637682,11498.885221627446,402460.9827569606,,True,True,50.989849446584905,2.5138911098170267
25,Cultures permanentes,PTC,104800.0,52400.0,5240.0,7.148550724637682,14507.03975001167,507746.3912504085,,True,True,51.024760712861976,2.522424814452373
19,Légumineuses,PTR,104700.0,83760.0,10470.0,7.148550724637682,17296.718514382985,605385.1480034045,,True,True,50.774447814172206,2.3791430178368573
25,Cultures permanentes,PTC,104700.0,52350.0,5235.0,7.148550724637682,13219.56187546723,462684.66564135306,,True,True,50.990428361114084,2.54254973847779
1,Céréales,BTH,104700.0,83760.0,10470.0,7.148550724637682,25208.92613082859,882312.4145790007,,True,True,50.96919642617332,2.0255648917318863
1,Céréales,BTH,104700.0,83760.0,10470.0,7.148550724637682,17209.782531065193,602342.3885872818,,True,True,50.77810101279822,2.427012946565762
25,Cultures permanentes,PTC,104700.0,52350.0,5235.0,7.148550724637682,8686.248595436664,304018.70084028324,,True,True,50.8588939558295,2.4312812768999166
5,Sucre,CZH,104600.00000000001,78450.00000000001,8368.000000000002,7.148550724637682,6602.088229442032,231073.08803047112,,True,True,50.97989646195977,2.328913491308849
3,Protéagineux,ORH,104600.00000000001,83680.00000000001,10460.000000000002,7.148550724637682,14869.039942087074,520416.3979730476,,True,True,51.00605001371364,2.554653913786705
9,Fruits,LIF,104500.0,41800.0,8360.0,7.148550724637682,16969.99313928288,593949.7598749008,,True,True,50.930885128767805,2.1378594606366668
9,Fruits,LIF,104500.0,41800.0,8360.0,7.148550724637682,17504.642019017643,612662.4706656175,,True,True,50.82250068469781,2.562257580662781
2,Oléagineux,MIS,104500.0,83600.0,10450.0,7.148550724637682,16247.246923699631,568653.6423294871,,True,True,50.79207042782785,2.456391536725534
9,Fruits,LIF,104500.0,41800.0,8360.0,7.148550724637682,29559.776518891078,1034592.1781611877,,True,True,50.72195798044098,2.1180088545923894
2,Oléagineux,MIS,104400.0,83520.0,10440.0,7.148550724637682,8677.558601645467,303714.55105759134,,True,True,50.995469548420935,2.447434136932857
1,Céréales,BTH,104400.0,83520.0,10440.0,7.148550724637682,23468.784592635482,821407.4607422418,,True,True,50.763859921794165,2.5861602185868993
24,Surfaces non agricoles,BTN,104400.0,62640.0,0.0,7.148550724637682,13990.778876158403,489677.26066554413,,True,False,50.842235210779,2.5229127600914607
24,Surfaces non agricoles,BTN,104400.0,62640.0,0.0,7.148550724637682,6170.013129999759,215950.4595499916,,True,False,50.94439821017812,2.29496338927507
25,Cultures permanentes,PTC,104300.0,52150.0,5215.0,7.148550724637682,14287.661938685578,500068.1678539952,,True,True,50.83465745272915,2.2434689686848985
1,Céréales,BTH,104300.0,83440.0,10430.0,7.148550724637682,29127.53936370485,1019463.8777296698,,True,True,50.68838250588175,2.540131661281379
2,Oléagineux,MIS,104300.0,83440.0,10430.0,7.148550724637682,19385.943620774367,678508.0267271028,,True,True,50.75681322871715,2.4117316702094174
25,Cultures permanentes,PTC,104300.0,52150.0,5215.0,7.148550724637682,17764.503833257833,621757.6341640241,,True,True,50.77439437080291,2.437333707566824
2,Oléagineux,MIS,104300.0,83440.0,10430.0,7.148550724637682,7284.610170309786,254961.35596084248,,True,True,50.8754071745795,2.437424320927573
5,Sucre,CZH,104200.0,78150.0,8336.0,7.148550724637682,8931.002566425577,312585.0898248952,,True,True,50.999212626157885,2.444705036711758
2,Oléagineux,MIS,104200.0,83360.0,10420.0,7.148550724637682,28593.672380880085,1000778.533330803,,True,True,50.73416824859141,2.6438724434155483
1,Céréales,BTH,104200.0,83360.0,10420.0,7.148550724637682,29277.222365560512,1024702.7827946179,,True,True,50.97862261393268,1.969217508478683
25,Cultures permanentes,CHU,104200.0,52100.0,5210.0,7.148550724637682,12382.177380841376,433376.2083294482,,True,True,50.832126647646454,2.2958198761294617
25,Cultures permanentes,PTC,104200.0,52100.0,5210.0,7.148550724637682,12547.879453561516,439175.7808746531,,True,True,50.8235423989926,2.3206816302779725
1,Céréales,BTH,104200.0,83360.0,10420.0,7.148550724637682,10852.316181799893,379831.0663629963,,True,True,50.90272789766697,2.2313620431302303
1,Céréales,BTH,104100.0,83280.0,10410.0,7.148550724637682,20620.77050799372,721726.9677797802,,True,True,50.96493064642062,2.0909233913372223
18,Semences,PPH,104000.0,78000.0,8320.0,7.148550724637682,24267.860565952098,849375.1198083234,,True,True,50.756700378885256,2.169909604632269
25,Cultures permanentes,PTC,104000.0,52000.0,5200.0,7.148550724637682,7176.046862400999,251161.64018403497,,True,True,50.9876074559847,2.3338161160019646
16,Gel,LUZ,104000.0,93600.0,0.0,7.148550724637682,24767.11803072188,866849.1310752657,,True,False,50.71717505402891,2.4840085102081764
24,Surfaces non agricoles,BTN,104000.0,62400.0,0.0,7.148550724637682,10386.16649154526,363515.8272040841,,True,False,50.92841926186029,2.5281748815538165
3,Protéagineux,ORH,104000.0,83200.0,10400.0,7.148550724637682,4660.428098715208,163114.98345503228,,True,True,50.960715402935364,2.3347398653585336
1,Céréales,BTH,104000.0,83200.0,10400.0,7.148550724637682,21426.54030871197,749928.910804919,,True,True,50.824225951300775,2.12473688016442
1,Céréales,BTH,103900.0,83120.0,10390.0,7.148550724637682,9820.065785520672,343702.3024932235,,True,True,50.91042501570721,2.5166068764518656
1,Céréales,BTH,103900.0,83120.0,10390.0,7.148550724637682,10074.119746420503,352594.1911247176,,True,True,50.9704581877261,2.25132701906311
24,Surfaces non agricoles,BTN,103900.0,62340.0,0.0,7.148550724637682,2617.6280812927716,91616.98284524701,,True,False,50.946831484881564,2.3538821916596064
1,Céréales,BTH,103900.0,83120.0,10390.0,7.148550724637682,26201.754437957912,917061.405328527,,True,True,50.759210720110325,2.6371112374479457
9,Fruits,LIF,103900.0,41560.0,8312.0,7.148550724637682,26487.380810148978,927058.3283552142,,True,True,50.95358351082501,2.0038167162379965
2,Oléagineux,MIS,103900.0,83120.0,10390.0,7.148550724637682,15636.023906536138,547260.8367287648,,True,True,51.01781588501491,2.554417900401337
25,Cultures permanentes,PTC,103800.00000000001,51900.00000000001,5190.000000000001,7.148550724637682,10142.976212532345,355004.16743863205,,True,True,50.84804491938708,2.4434899863360764
9,Fruits,LIF,103800.00000000001,41520.00000000001,8304.000000000002,7.148550724637682,12305.889757018864,430706.14149566024,,True,True,50.91483639364165,2.553906478544907
9,Fruits,LIF,103800.00000000001,41520.00000000001,8304.000000000002,7.148550724637682,19515.815010122114,683053.525354274,,True,True,50.7884647605131,2.544419364919457
2,Oléagineux,MIS,103800.00000000001,83040.00000000001,10380.000000000002,7.148550724637682,13177.898054273057,461226.431899557,,True,True,50.90571676223801,2.5639958277673514
1,Céréales,BTH,103800.00000000001,83040.00000000001,10380.000000000002,7.148550724637682,8529.729992762357,298540.5497466825,,True,True,51.00368511918614,2.4138662856286444
3,Protéagineux,ORH,103800.00000000001,83040.00000000001,10380.000000000002,7.148550724637682,26777.93664971084,937227.7827398793,,True,True,50.98980301339463,2.009640039434264
1,Céréales,BTH,103800.00000000001,83040.00000000001,10380.000000000002,7.148550724637682,29450.184399672824,1030756.4539885488,,True,True,50.67509140071536,2.2662491248201064
1,Céréales,BTH,103699.99999999999,82960.0,10370.0,7.148550724637682,21797.145544128423,762900.0940444948,,True,True,50.94774486179186,2.070197507986751
1,Céréales,BTH,103699.99999999999,82960.0,10370.0,7.148550724637682,29648.46747122509,1037696.3614928781,,True,True,50.758921935017085,2.703894542581962
25,Cultures permanentes,PTC,103699.99999999999,51849.99999999999,5185.0,7.148550724637682,13232.344453640766,463132.0558774268,,True,True,50.84267367325078,2.508145626206795
9,Fruits,LIF,103699.99999999999,41480.0,8295.999999999998,7.148550724637682,3686.441940584243,129025.46792044851,,True,True,50.955907430186855,2.347169437959619
1,Céréales,BTH,103699.99999999999,82960.0,10370.0,7.148550724637682,7277.934820382052,254727.7187133718,,True,True,50.96326423551291,2.469468313376516
1,Céréales,BTH,103699.99999999999,82960.0,10370.0,7.148550724637682,14159.180904342009,495571.33165197034,,True,True,50.81395230151244,2.4630624223276074
1,Céréales,BTH,103699.99999999999,82960.0,10370.0,7.148550724637682,27332.41874658786,956634.6561305751,,True,True,50.69030203080879,2.466182366690792
25,Cultures permanentes,PTC,103699.99999999999,51849.99999999999,5185.0,7.148550724637682,12330.519375716727,431568.17815008544,,True,True,51.014022226535964,2.4949241780620808
1,Céréales,BTH,103699.99999999999,82960.0,10370.0,7.148550724637682,8902.634832875701,311592.21915064956,,True,True,50.85478165937056,2.4234839540658526
1,Céréales,BTH,103699.99999999999,82960.0,10370.0,7.148550724637682,10057.549991703278,352014.2497096147,,True,True,50.88391167830192,2.256579222509241
1,Céréales,BTH,103600.0,82880.0,10360.0,7.148550724637682,28841.74471100743,1009461.0648852601,,True,True,50.92464700233255,1.9685724090363228
24,Surfaces non agricoles,BTN,103600.0,62160.0,0.0,7.148550724637682,6572.509920376887,230037.84721319104,,True,False,50.905701335053024,2.4654690101687895
25,Cultures permanentes,PTC,103600.0,51800.0,5180.0,7.148550724637682,9207.912884690411,322276.9509641644,,True,True,50.9470375862219,2.5085988943650275
25,Cultures permanentes,PTC,103600.0,51800.0,5180.0,7.148550724637682,2940.594943294197,102920.82301529689,,True,True,50.90505722470405,2.39393846960858
1,Céréales,BTH,103600.0,82880.0,10360.0,7.148550724637682,27422.21260183777,959777.441064322,,True,True,50.70751581558127,2.548401728300348
25,Cultures permanentes,PTC,103600.0,51800.0,5180.0,7.148550724637682,8864.871597795149,310270.5059228302,,True,True,50.854396913954155,2.4201075098867
1,Céréales,BTH,103600.0,82880.0,10360.0,7.148550724637682,29648.13497550527,1037684.7241426844,,True,True,50.82746847615451,1.9899135594681672
5,Sucre,CZH,103500.0,77625.0,8280.0,7.148550724637682,22754.367922836154,796402.8772992654,,True,True,50.904602890328015,2.057919344069052
1,Céréales,BTH,103500.0,82800.0,10350.0,7.148550724637682,19448.055953805793,680681.9583832028,,True,True,50.79065352999472,2.5474577215560372
24,Surfaces non agricoles,BTN,103500.0,62100.0,0.0,7.148550724637682,24731.52197539053,865603.2691386685,,True,False,50.958308096723165,2.029872760389255
1,Céréales,BTH,103400.0,82720.0,10340.0,7.148550724637682,26539.64317765934,928887.5112180769,,True,True,50.723965876967604,2.570742066999254
1,Céréales,BTH,103400.0,82720.0,10340.0,7.148550724637682,25799.371614324256,902978.0065013489,,True,True,50.72710350195618,2.2018240889068856
1,Céréales,BTH,103400.0,82720.0,10340.0,7.148550724637682,10656.19910730403,372966.968755641,,True,True,50.83563433278327,2.35351642413116
1,Céréales,BTH,103400.0,82720.0,10340.0,7.148550724637682,14614.216874110354,511497.5905938624,,True,True,50.90820412243216,2.1744075810630132
1,Céréales,BTH,103400.0,82720.0,10340.0,7.148550724637682,24345.57988171946,852095.2958601811,,True,True,50.74571339276771,2.5671965792728497
2,Oléagineux,MIS,103300.0,82640.0,10330.0,7.148550724637682,25837.60564850691,904316.1976977418,,True,True,50.74027531511422,2.16758112184129
25,Cultures permanentes,PTC,103300.0,51650.0,5165.0,7.148550724637682,4249.105756049097,148718.7014617184,,True,True,50.96778392909442,2.370934807688893
9,Fruits,LIF,103300.0,41320.0,8264.0,7.148550724637682,14098.470548807521,493446.46920826327,,True,True,50.90110835832559,2.1841842414847688
9,Fruits,LIF,103300.0,41320.0,8264.0,7.148550724637682,29427.367759392142,1029957.8715787249,,True,True,50.9747911213895,1.9659631331425893
1,Céréales,BTH,103200.0,82560.0,10320.0,7.148550724637682,14517.459548499319,508111.08419747616,,True,True,50.807532501544586,2.451695356155083
1,Céréales,BTH,103200.0,82560.0,10320.0,7.148550724637682,27275.733187484246,954650.6615619486,,True,True,50.7695600475102,2.673894729949512
24,Surfaces non agricoles,BTN,103100.0,61860.0,0.0,7.148550724637682,20282.141831905883,709874.9641167059,,True,False,50.89821812156949,2.0951213736733942
1,Céréales,BTH,103100.0,82480.0,10310.0,7.148550724637682,16706.31941056218,584721.1793696763,,True,True,50.88193570762193,2.1542638986259237
5,Sucre,CZH,103100.0,77325.0,8248.0,7.148550724637682,18892.57474018613,661240.1159065146,,True,True,50.760496531699374,2.398488825977606
9,Fruits,LIF,103100.0,41240.0,8248.0,7.148550724637682,29420.71899249198,1029725.1647372193,,True,True,50.94311464774012,1.9606566422431704
24,Surfaces non agricoles,BTN,103000.0,61800.0,0.0,7.148550724637682,27904.2000101456,976647.000355096,,True,False,50.67907575237162,2.3855204903736884
5,Sucre,CZH,103000.0,77250.0,8240.0,7.148550724637682,25943.384888088665,908018.4710831033,,True,True,50.77180749754182,2.1083619988620224
1,Céréales,BTH,102899.99999999999,82320.0,10290.0,7.148550724637682,15111.30021819197,528895.5076367189,,True,True,50.794244142656666,2.3898859740525684
9,Fruits,CHV,102899.99999999999,41160.0,8231.999999999998,7.148550724637682,8847.39080211861,309658.6780741514,,True,True,50.97598555716271,2.2769265065744286
2,Oléagineux,MIS,102899.99999999999,82320.0,10290.0,7.148550724637682,23116.92772737529,809092.4704581351,,True,True,50.72283797195018,2.4076225177418142
1,Céréales,BTH,102899.99999999999,82320.0,10290.0,7.148550724637682,23689.374728556977,829128.1154994942,,True,True,50.891996106789634,2.0475370844700067
3,Protéagineux,ORH,102800.0,82240.0,10280.0,7.148550724637682,28516.340867080617,998071.9303478216,,True,True,50.8055181687132,2.024728462369914
25,Cultures permanentes,PTC,102800.0,51400.0,5140.0,7.148550724637682,22634.656495564337,792212.9773447518,,True,True,50.86413337257388,2.0746205759546195
25,Cultures permanentes,PTC,102800.0,51400.0,5140.0,7.148550724637682,22035.842825778593,771254.4989022508,,True,True,50.848959195511334,2.093316279329641
25,Cultures permanentes,PTC,102800.0,51400.0,5140.0,7.148550724637682,13505.386958915899,472688.54356205644,,True,True,50.868690315133215,2.21375679260606
5,Sucre,CZH,102800.0,77100.0,8224.0,7.148550724637682,12492.579724545718,437240.29035910015,,True,True,50.88752777120179,2.544951018082496
1,Céréales,BTH,102800.0,82240.0,10280.0,7.148550724637682,6068.536741243593,212398.78594352573,,True,True,50.891998497867746,2.4421246843343245
1,Céréales,BTH,102700.0,82160.0,10270.0,7.148550724637682,11166.894640508448,390841.3124177957,,True,True,50.92568676347162,2.5391843085443604
25,Cultures permanentes,PTC,102700.0,51350.0,5135.0,7.148550724637682,1404.4852926599533,49156.98524309837,,True,True,50.92050066403657,2.3667931773798663
24,Surfaces non agricoles,BTN,102700.0,61620.0,0.0,7.148550724637682,8446.946888240625,295643.14108842186,,True,False,50.86444114560146,2.3191539044759697
1,Céréales,BTH,102700.0,82160.0,10270.0,7.148550724637682,9089.547106131742,318134.14871461096,,True,True,50.961476738502284,2.2602630779572137
1,Céréales,BTH,102700.0,82160.0,10270.0,7.148550724637682,3412.369094618676,119432.91831165366,,True,True,50.91392583986264,2.4214697665117577
1,Céréales,BTH,102600.0,82080.0,10260.0,7.148550724637682,25860.988932678494,905134.6126437472,,True,True,50.75231536994414,2.142361229978925
18,Semences,PPH,102600.0,76950.0,8208.0,7.148550724637682,28364.762434421547,992766.6852047541,,True,True,50.746171129545,2.099948243147434
19,Légumineuses,PTR,102600.0,82080.0,10260.0,7.148550724637682,13255.787452155564,463952.56082544476,,True,True,50.88713921507098,2.2035841406678474
1,Céréales,BTH,102600.0,82080.0,10260.0,7.148550724637682,23398.129143041755,818934.5200064614,,True,True,50.780455609240896,2.6145024267023134
18,Semences,PPH,102600.0,76950.0,8208.0,7.148550724637682,26911.335436634,941896.7402821899,,True,True,50.89575612103178,2.0000089610350176
3,Protéagineux,ORH,102600.0,82080.0,10260.0,7.148550724637682,28047.324066845034,981656.3423395762,,True,True,50.727758077558505,2.141358088377686
24,Surfaces non agricoles,BTN,102600.0,61560.0,0.0,7.148550724637682,11240.835913373621,393429.25696807675,,True,False,50.95990451559879,2.53326457328624
25,Cultures permanentes,PTC,102600.0,51300.0,5130.0,7.148550724637682,7456.710330134501,260984.86155470755,,True,True,50.96697100858051,2.2911965296584955
1,Céréales,BTH,102500.0,82000.0,10250.0,7.148550724637682,28036.013715950172,981260.4800582561,,True,True,50.68729074034083,2.2719283380014383
25,Cultures permanentes,PTC,102500.0,51250.0,5125.0,7.148550724637682,25157.74884558876,880521.2095956067,,True,True,50.70471265861352,2.412983638170072
24,Surfaces non agricoles,BTN,102500.0,61500.0,0.0,7.148550724637682,10439.280810233167,365374.82835816086,,True,False,50.96895957320363,2.244418116620976
2,Oléagineux,MIS,102500.0,82000.0,10250.0,7.148550724637682,21783.24769522027,762413.6693327095,,True,True,50.77648554161675,2.572773165043048
1,Céréales,BTH,102500.0,82000.0,10250.0,7.148550724637682,6179.0827422375905,216267.89597831568,,True,True,50.98531731419937,2.388400667938504
25,Cultures permanentes,PTC,102500.0,51250.0,5125.0,7.148550724637682,14262.862531704377,499200.1886096532,,True,True,51.02845682276047,2.510581474875035
1,Céréales,BTH,102400.0,81920.0,10240.0,7.148550724637682,17487.554240197485,612064.398406912,,True,True,50.79295778596221,2.5022380212909967
5,Sucre,CZH,102400.0,76800.0,8192.0,7.148550724637682,26241.195619658683,918441.8466880539,,True,True,50.73844857133621,2.598256037398087
2,Oléagineux,MIS,102400.0,81920.0,10240.0,7.148550724637682,13280.86875959802,464830.4065859307,,True,True,50.83715841420382,2.4990979081217612
24,Surfaces non agricoles,BTN,102400.0,61440.0,0.0,7.148550724637682,22147.458739852238,775161.0558948283,,True,False,50.99268751008117,2.079838719128686
24,Surfaces non agricoles,BTN,102400.0,61440.0,0.0,7.148550724637682,12787.602395740018,447566.08385090064,,True,False,51.020759681828146,2.492166758776275
2,Oléagineux,MIS,102400.0,81920.0,10240.0,7.148550724637682,27531.538644006116,963603.8525402141,,True,True,50.68355361229621,2.4177301865569616
25,Cultures permanentes,PTC,102300.0,51150.0,5115.0,7.148550724637682,22002.27110767837,770079.488768743,,True,True,50.78109396054517,2.5864187438573483
2,Oléagineux,MIS,102300.0,81840.0,10230.0,7.148550724637682,18210.80336330701,637378.1177157455,,True,True,50.82463752727871,2.578708748450208
19,Légumineuses,PTR,102300.0,81840.0,10230.0,7.148550724637682,6781.327679985326,237346.4687994864,,True,True,50.882147925585826,2.4399566348461885
24,Surfaces non agricoles,BTN,102300.0,61380.0,0.0,7.148550724637682,24223.406849373703,847819.2397280796,,True,False,50.713207856934694,2.4138835015722893
1,Céréales,BTH,102300.0,81840.0,10230.0,7.148550724637682,11696.925022205312,409392.37577718595,,True,True,50.88722463350672,2.227590421815119
1,Céréales,BTH,102200.0,81760.0,10220.0,7.148550724637682,13092.468152801082,458236.3853480379,,True,True,50.92949476786574,2.5668117123132466
5,Sucre,CZH,102200.0,76650.0,8176.0,7.148550724637682,15514.476613533401,543006.681473669,,True,True,50.79803458852809,2.3082228030859158
1,Céréales,BTH,102200.0,81760.0,10220.0,7.148550724637682,23084.023747396903,807940.8311588916,,True,True,50.94170403977295,2.051099872140026
25,Cultures permanentes,PTC,102200.0,51100.0,5110.0,7.148550724637682,11964.140223893153,418744.9078362604,,True,True,50.82366457758464,2.353973411964221
3,Protéagineux,ORH,102100.00000000001,81680.00000000001,10210.000000000002,7.148550724637682,18676.770573303034,653686.9700656062,,True,True,50.76258736041431,2.4015412229100863
2,Oléagineux,MIS,102100.00000000001,81680.00000000001,10210.000000000002,7.148550724637682,12367.062646771245,432847.19263699354,,True,True,50.82080208875825,2.4134543236114423
24,Surfaces non agricoles,BTN,102100.00000000001,61260.00000000001,0.0,7.148550724637682,24675.01187941246,863625.4157794361,,True,False,50.74246142192136,2.1921619006165804
1,Céréales,BTH,102000.0,81600.0,10200.0,7.148550724637682,28194.719011762958,986815.1654117035,,True,True,50.68504890226742,2.483675627669566
25,Cultures permanentes,PTC,102000.0,51000.0,5100.0,7.148550724637682,1888.1279530061881,66084.47835521659,,True,True,50.936473609527354,2.355091597018911
25,Cultures permanentes,PTC,102000.0,51000.0,5100.0,7.148550724637682,10848.070842895144,379682.47950133006,,True,True,50.833184793443394,2.3609418326658074
1,Céréales,BTH,102000.0,81600.0,10200.0,7.148550724637682,16589.75756774649,580641.5148711271,,True,True,50.96738606748012,2.6092564115560406
24,Surfaces non agricoles,BTN,102000.0,61200.0,0.0,7.148550724637682,9090.747655097683,318176.1679284189,,True,False,50.89669744679373,2.498422502409781
1,Céréales,BTH,102000.0,81600.0,10200.0,7.148550724637682,9796.587222331356,342880.5527815975,,True,True,50.90430803768437,2.246326526738728
25,Cultures permanentes,PTC,102000.0,51000.0,5100.0,7.148550724637682,21913.397557325763,766968.9145064018,,True,True,50.87089573715562,2.0819038107812777
2,Oléagineux,MIS,101900.0,81520.0,10190.0,7.148550724637682,25019.077030989578,875667.6960846352,,True,True,50.80109958596003,2.087799847978341
25,Cultures permanentes,LBF,101900.0,50950.0,5095.0,7.148550724637682,11403.55503844956,399124.4263457346,,True,True,50.902266190613894,2.536606089213888
24,Surfaces non agricoles,BTN,101900.0,61140.0,0.0,7.148550724637682,25816.981559093332,903594.3545682667,,True,False,50.70473240578125,2.468989243648144
1,Céréales,BTH,101900.0,81520.0,10190.0,7.148550724637682,28365.660226202228,992798.107917078,,True,True,50.89796993308278,1.9785955854642345
24,Surfaces non agricoles,BTN,101800.0,61080.0,0.0,7.148550724637682,12507.907319552782,437776.7561843474,,True,False,50.9049518931291,2.206054452476081
24,Surfaces non agricoles,BTN,101800.0,61080.0,0.0,7.148550724637682,8708.95657857474,304813.4802501159,,True,False,50.967059018497615,2.2704806005541074
9,Fruits,LIF,101800.0,40720.0,8144.0,7.148550724637682,10422.824924378638,364798.8723532523,,True,True,50.86609983432238,2.4887330872900932
25,Cultures permanentes,PTC,101700.0,50850.0,5085.0,7.148550724637682,11583.497280677326,405422.4048237064,,True,True,50.846390203515426,2.478504492013482
25,Cultures permanentes,PTC,101700.0,50850.0,5085.0,7.148550724637682,23645.873644756517,827605.577566478,,True,True,50.924095823931566,2.0427518766722486
5,Sucre,CZH,101700.0,76275.0,8136.0,7.148550724637682,16517.127940205417,578099.4779071896,,True,True,50.781545301249274,2.3880708193164533
2,Oléagineux,MIS,101700.0,81360.0,10170.0,7.148550724637682,19919.907122213404,697196.7492774691,,True,True,50.75478428898611,2.439085851700954
3,Protéagineux,ORH,101600.0,81280.0,10160.0,7.148550724637682,27263.345573774153,954217.0950820954,,True,True,50.757226922350405,2.104487345243302
1,Céréales,BTH,101600.0,81280.0,10160.0,7.148550724637682,14709.17453809489,514821.1088333212,,True,True,50.80652608725575,2.3047906001110117
9,Fruits,LIF,101600.0,40640.0,8128.0,7.148550724637682,2756.888296652437,96491.09038283529,,True,True,50.94439376369436,2.347965411854331
9,Fruits,LIF,101600.0,40640.0,8128.0,7.148550724637682,7377.185913696429,258201.50697937503,,True,True,50.870927393363,2.332114457307547
2,Oléagineux,MIS,101600.0,81280.0,10160.0,7.148550724637682,7834.3851082343035,274203.47878820065,,True,True,50.95148296825608,2.27351103107499
1,Céréales,BTH,101500.0,81200.0,10150.0,7.148550724637682,26210.178945224437,917356.2630828553,,True,True,50.80597793806461,2.697613264693752
1,Céréales,BTH,101500.0,81200.0,10150.0,7.148550724637682,25694.411113588114,899304.388975584,,True,True,50.73060393571399,2.1951131467070986
1,Céréales,BTH,101500.0,81200.0,10150.0,7.148550724637682,11131.760649959995,389611.62274859985,,True,True,50.83589787492004,2.3258565434824825
1,Céréales,BTH,101500.0,81200.0,10150.0,7.148550724637682,14966.167722503114,523815.870287609,,True,True,51.04175882743205,2.4991453787526954
1,Céréales,BTH,101500.0,81200.0,10150.0,7.148550724637682,28270.25305845465,989458.8570459128,,True,True,50.76767151343892,2.0700813134051783
2,Oléagineux,MIS,101400.0,81120.0,10140.0,7.148550724637682,11110.629560407971,388872.034614279,,True,True,50.970061835193164,2.5252981408145394
1,Céréales,BTH,101400.0,81120.0,10140.0,7.148550724637682,7094.4196554467135,248304.68794063496,,True,True,50.9096013395275,2.2841051515467488
25,Cultures permanentes,PTC,101400.0,50700.0,5070.0,7.148550724637682,12706.578966054185,444730.2638118965,,True,True,51.01423403863466,2.5026303855651024
18,Semences,PPH,101400.0,76050.0,8112.0,7.148550724637682,27604.79965539704,966167.9879388964,,True,True,50.78498424091391,2.699204737069101
2,Oléagineux,MIS,101400.0,81120.0,10140.0,7.148550724637682,22218.063532050433,777632.2236217652,,True,True,50.76989227168309,2.19065719920179
25,Cultures permanentes,OIG,101400.0,50700.0,5070.0,7.148550724637682,16118.092392431176,564133.2337350912,,True,True,50.94468584372126,2.151160617318265
25,Cultures permanentes,PTC,101400.0,50700.0,5070.0,7.148550724637682,24302.347389200604,850582.1586220211,,True,True,50.80740440761156,2.0933028959292272
9,Fruits,LIF,101300.00000000001,40520.00000000001,8104.000000000001,7.148550724637682,9018.449915363046,315645.7470377066,,True,True,50.93828438668701,2.251978781133561
25,Cultures permanentes,PTC,101199.99999999999,50599.99999999999,5060.0,7.148550724637682,6781.047964858064,237336.67877003225,,True,True,50.90257588041244,2.466396674030547
25,Cultures permanentes,PTC,101199.99999999999,50599.99999999999,5060.0,7.148550724637682,20910.204082148575,731857.1428752001,,True,True,50.9009104407189,2.085318888957247
18,Semences,PPH,101199.99999999999,75899.99999999999,8095.999999999999,7.148550724637682,8430.329237018615,295061.52329565154,,True,True,50.9976224014068,2.325568098630057
9,Fruits,LIF,101199.99999999999,40480.0,8095.999999999999,7.148550724637682,10859.642626022978,380087.49191080424,,True,True,51.025510891367986,2.4123845694584376
1,Céréales,BTH,101199.99999999999,80960.0,10120.0,7.148550724637682,22317.033369105047,781096.1679186766,,True,True,50.79720668146315,2.14156914942827
1,Céréales,BTP,101199.99999999999,80960.0,10120.0,7.148550724637682,26208.586093949718,917300.5132882402,,True,True,50.69893157782861,2.4535850133176598
1,Céréales,BTH,101199.99999999999,80960.0,10120.0,7.148550724637682,29142.84227891345,1019999.4797619707,,True,True,50.73224545588238,2.107682109156056
25,Cultures permanentes,PTC,101199.99999999999,50599.99999999999,5060.0,7.148550724637682,26805.901561775565,938206.5546621447,,True,True,50.72318834382008,2.576103317448839
1,Céréales,BTH,101199.99999999999,80960.0,10120.0,7.148550724637682,29773.480007356637,1042071.8002574823,,True,True,50.67749627669238,2.52096976812742
1,Céréales,BTH,101199.99999999999,80960.0,10120.0,7.148550724637682,28596.058845178384,1000862.0595812434,,True,True,50.68343313852012,2.2643468698096423
1,Céréales,BTH,101100.0,80880.0,10110.0,7.148550724637682,10676.5516885014,373679.309097549,,True,True,50.95420760742524,2.5274592383187717
1,Céréales,BTH,101100.0,80880.0,10110.0,7.148550724637682,24805.806624624027,868203.2318618409,,True,True,50.71192589477454,2.3055834313844605
24,Surfaces non agricoles,BTN,101100.0,60660.0,0.0,7.148550724637682,12032.130466935028,421124.566342726,,True,False,50.82940786502432,2.443199929404405
9,Fruits,CHV,101000.0,40400.0,8080.0,7.148550724637682,14960.194560927492,523606.8096324622,,True,True,50.801832292490964,2.315170893376204
25,Cultures permanentes,PTC,101000.0,50500.0,5050.0,7.148550724637682,22876.672618193876,800683.5416367856,,True,True,50.7871189802201,2.6145027235635308
9,Fruits,LIF,101000.0,40400.0,8080.0,7.148550724637682,6650.695080054964,232774.32780192373,,True,True,50.952910404233556,2.46768142919912
24,Surfaces non agricoles,BTN,101000.0,60600.0,0.0,7.148550724637682,24135.55317760253,844744.3612160885,,True,False,50.83112892118005,2.073741393131772
1,Céréales,BTH,101000.0,80800.0,10100.0,7.148550724637682,7428.114831728496,259984.01911049735,,True,True,50.96874018476645,2.29361626340922
2,Oléagineux,MIS,101000.0,80800.0,10100.0,7.148550724637682,15984.419319737883,559454.6761908259,,True,True,50.787115795676186,2.404975597243397
18,Semences,PPH,101000.0,75750.0,8080.0,7.148550724637682,16615.007728854187,581525.2705098966,,True,True,50.780578206783325,2.379351327118213
25,Cultures permanentes,CAR,100900.0,50450.0,5045.0,7.148550724637682,25232.665543967174,883143.294038851,,True,True,50.706147664809194,2.321113558125776
1,Céréales,BTH,100900.0,80720.0,10090.0,7.148550724637682,10696.068183194298,374362.38641180046,,True,True,50.94182065431501,2.228516927183507
3,Protéagineux,ORH,100900.0,80720.0,10090.0,7.148550724637682,14899.781174398959,521492.34110396355,,True,True,51.017360521880235,2.5413585606378932
25,Cultures permanentes,OIG,100900.0,50450.0,5045.0,7.148550724637682,11278.411948972966,394744.4182140538,,True,True,50.90650771113465,2.536514430750528
1,Céréales,BTH,100700.0,80560.0,10070.0,7.148550724637682,27522.804484009863,963298.1569403452,,True,True,50.72601720828328,2.1580387778022345
1,Céréales,BTH,100700.0,80560.0,10070.0,7.148550724637682,14018.96503209927,490663.7761234744,,True,True,51.04120673580654,2.4743550603150317
1,Céréales,BTH,100700.0,80560.0,10070.0,7.148550724637682,13870.553465106554,485469.3712787294,,True,True,51.01241458795077,2.2312994944937103
24,Surfaces non agricoles,BTN,100700.0,60420.0,0.0,7.148550724637682,28074.808640827057,982618.3024289471,,True,False,50.74851137616853,2.1020471473652935
9,Fruits,LIF,100600.0,40240.0,8048.0,7.148550724637682,16303.676700835626,570628.6845292469,,True,True,50.79943374156718,2.274299978806111
1,Céréales,BTH,100600.0,80480.0,10060.0,7.148550724637682,14462.822597517425,506198.79091310984,,True,True,51.00966622019766,2.5432676118776447
1,Céréales,BTH,100600.0,80480.0,10060.0,7.148550724637682,29983.812681997766,1049433.4438699218,,True,True,50.844729252522484,1.9744913604913712
1,Céréales,BTH,100500.0,80400.0,10050.0,7.148550724637682,25359.489303534832,887582.1256237192,,True,True,50.9682038479177,2.0231154826632487
1,Céréales,BTH,100500.0,80400.0,10050.0,7.148550724637682,20883.84031404936,730934.4109917276,,True,True,50.823439863960836,2.1348988354920633
2,Oléagineux,MIS,100500.0,80400.0,10050.0,7.148550724637682,24044.145252406823,841545.0838342388,,True,True,50.748570215624326,2.1937035731720824
24,Surfaces non agricoles,BTN,100500.0,60300.0,0.0,7.148550724637682,10326.258303756365,361419.0406314728,,True,False,50.86253354912142,2.4811778849943034
25,Cultures permanentes,PTC,100399.99999999999,50199.99999999999,5020.0,7.148550724637682,13196.631150888286,461882.09028109,,True,True,50.86534007528373,2.5377899113948192
24,Surfaces non agricoles,BTN,100399.99999999999,60239.999999999985,0.0,7.148550724637682,21535.912324999477,753756.9313749817,,True,False,50.77961835320267,2.5733352312026367
2,Oléagineux,MIS,100399.99999999999,80320.0,10040.0,7.148550724637682,8049.049884993052,281716.74597475684,,True,True,50.99432446595118,2.4327118449901084
1,Céréales,BTH,100399.99999999999,80320.0,10040.0,7.148550724637682,17899.070432777942,626467.465147228,,True,True,50.82017371981591,2.5665007577215806
1,Céréales,BTH,100399.99999999999,80320.0,10040.0,7.148550724637682,27935.97113670597,977758.9897847091,,True,True,50.96164866316651,1.9844263441487235
24,Surfaces non agricoles,BTN,100300.0,60180.0,0.0,7.148550724637682,15088.954100204415,528113.3935071545,,True,False,51.0110420197274,2.552839190027928
25,Cultures permanentes,OIG,100300.0,50150.0,5015.0,7.148550724637682,10573.680523496598,370078.81832238095,,True,True,50.86504877678664,2.2698811719664866
25,Cultures permanentes,PTC,100300.0,50150.0,5015.0,7.148550724637682,11176.5476609618,391179.168133663,,True,True,50.98352473501113,2.515061899846466
1,Céréales,BTP,100300.0,80240.0,10030.0,7.148550724637682,10604.728480660257,371165.496823109,,True,True,51.00260677358416,2.4781886637562587
25,Cultures permanentes,PTC,100200.0,50100.0,5010.0,7.148550724637682,25728.73561287267,900505.7464505435,,True,True,50.76406469820098,2.6354006270636376
2,Oléagineux,MIS,100200.0,80160.0,10020.0,7.148550724637682,23815.346619625056,833537.131686877,,True,True,50.720972805432375,2.4539013923298936
1,Céréales,BTH,100200.0,80160.0,10020.0,7.148550724637682,7753.331243025179,271366.59350588126,,True,True,50.993396595757886,2.3339078401689557
1,Céréales,BTH,100200.0,80160.0,10020.0,7.148550724637682,17340.190141767176,606906.6549618512,,True,True,50.7797711721965,2.446263600041055
25,Cultures permanentes,PTC,100200.0,50100.0,5010.0,7.148550724637682,28057.60146956573,982016.0514348005,,True,True,50.9735749131472,1.9854799545444313
2,Oléagineux,MIS,100100.0,80080.0,10010.0,7.148550724637682,18247.586828432097,638665.5389951234,,True,True,50.859644071182764,2.1449485423230104
1,Céréales,BTP,100100.0,80080.0,10010.0,7.148550724637682,9807.478278254925,343261.73973892233,,True,True,50.93498731953267,2.519724998530435
25,Cultures permanentes,PTC,100100.0,50050.0,5005.0,7.148550724637682,10874.091934010712,380593.21769037494,,True,True,50.85103649136156,2.4714562456066593
9,Fruits,LIF,100100.0,40040.0,8008.0,7.148550724637682,16649.38713395237,582728.549688333,,True,True,51.0355959002843,2.5486207820373914
24,Surfaces non agricoles,BTN,100100.0,60060.0,0.0,7.148550724637682,23238.875057938454,813360.6270278459,,True,False,50.841850505808566,2.07963093556495
25,Cultures permanentes,OIG,100000.0,50000.0,5000.0,7.148550724637682,22729.944918922294,795548.0721622803,,True,True,50.72725168286858,2.421245921780707
1,Céréales,BTH,100000.0,80000.0,10000.0,7.148550724637682,26596.563438010922,930879.7203303822,,True,True,50.69081993502153,2.3767944947786517
5,Sucre,CZH,100000.0,75000.0,8000.0,7.148550724637682,26065.709339160632,912299.8268706221,,True,True,50.73910256541862,2.1645883174063467
1,Céréales,BTH,100000.0,80000.0,10000.0,7.148550724637682,27394.66149598285,958813.1523593998,,True,True,50.73846915183517,2.1346430352684846
24,Surfaces non agricoles,BTN,100000.0,60000.0,0.0,7.148550724637682,27760.145583544,971605.09542404,,True,False,50.765539517659775,2.0825125715441595
1,Céréales,BTH,100000.0,80000.0,10000.0,7.148550724637682,29395.415281582966,1028839.5348554038,,True,True,50.75285185758014,2.6907452177064535
1,Céréales,BTH,100000.0,80000.0,10000.0,7.148550724637682,10243.925826023307,358537.4039108158,,True,True,50.93955952411871,2.5253948967082738
24,Surfaces non agricoles,BTN,100000.0,60000.0,0.0,7.148550724637682,26068.174913217947,912386.1219626281,,True,False,50.70055126009169,2.45613328288203
3,Protéagineux,ORH,100000.0,80000.0,10000.0,7.148550724637682,29030.66903152443,1016073.4161033551,,True,True,50.804186893459296,2.017525662601804
1,Céréales,BTH,100000.0,80000.0,10000.0,7.148550724637682,8913.893125116007,311986.25937906024,,True,True,50.85117024514762,2.403094420637344
25,Cultures permanentes,EPI,100000.0,50000.0,5000.0,7.148550724637682,7763.525447264548,271723.3906542592,,True,True,50.861525327840525,2.358381862616451
1,Céréales,BTH,99900.0,79920.0,9990.0,7.148550724637682,24471.38306612275,856498.4073142963,,True,True,50.92310255937186,2.0310187148869656
1,Céréales,BTH,99900.0,79920.0,9990.0,7.148550724637682,18271.82558852401,639513.8955983403,,True,True,50.76933962660558,2.4346413031453427
1,Céréales,BTH,99900.0,79920.0,9990.0,7.148550724637682,20993.27052086084,734764.4682301293,,True,True,50.988173016705076,2.0948459746904975
1,Céréales,BTH,99900.0,79920.0,9990.0,7.148550724637682,11903.937516871552,416637.8130905043,,True,True,50.8517540256036,2.4958268779121036
9,Fruits,LIF,99900.0,39960.0,7992.0,7.148550724637682,1994.0143046186183,69790.50066165165,,True,True,50.929741016491256,2.4084492343894324
2,Oléagineux,MIS,99900.0,79920.0,9990.0,7.148550724637682,6076.043581267253,212661.52534435387,,True,True,50.90683070672941,2.4584992323604378
9,Fruits,LIF,99900.0,39960.0,7992.0,7.148550724637682,26998.88817319516,944961.0860618305,,True,True,50.94317152599346,1.995269387318908
1,Céréales,BTH,99900.0,79920.0,9990.0,7.148550724637682,27526.26868046454,963419.4038162589,,True,True,50.713597156027205,2.1897122845875354
25,Cultures permanentes,PTC,99800.0,49900.0,4990.0,7.148550724637682,4128.118010692857,144484.13037425,,True,True,50.904995767139006,2.423528267474382
2,Oléagineux,MIS,99800.0,79840.0,9980.0,7.148550724637682,24625.720200092113,861900.207003224,,True,True,50.71476852687997,2.4625864287996517
4,Plantes à fibres,AVP,99800.0,74850.0,7984.0,7.148550724637682,22069.929876283444,772447.5456699205,,True,True,50.74160896670292,2.4789226050705593
19,Légumineuses,PTR,99800.0,79840.0,9980.0,7.148550724637682,16277.967998584601,569728.8799504611,,True,True,50.87296149287239,2.1662189571079264
2,Oléagineux,MIS,99800.0,79840.0,9980.0,7.148550724637682,6670.346013464844,233462.11047126955,,True,True,50.8765022340987,2.3369651519048578
1,Céréales,BTH,99700.0,79760.0,9970.0,7.148550724637682,14368.994555729509,502914.8094505328,,True,True,50.81675395714034,2.4786343271259446
18,Semences,PPH,99700.0,74775.0,7976.0,7.148550724637682,13372.578978230447,468040.26423806563,,True,True,50.81161723579708,2.4135618598304123
9,Fruits,LIF,99700.0,39880.0,7976.0,7.148550724637682,13732.785349561389,480647.4872346486,,True,True,50.92636457601761,2.1841415257134393
1,Céréales,BTH,99700.0,79760.0,9970.0,7.148550724637682,14868.047453335423,520381.6608667398,,True,True,50.82219349283499,2.5053540777217034
1,Céréales,BTH,99600.00000000001,79680.00000000001,9960.000000000002,7.148550724637682,24373.89585188604,853086.3548160115,,True,True,50.779837816913584,2.6329549922980644
1,Céréales,BTH,99600.00000000001,79680.00000000001,9960.000000000002,7.148550724637682,14090.65746796782,493173.01137887366,,True,True,50.8165298362874,2.4693991784295135
25,Cultures permanentes,PTC,99600.00000000001,49800.00000000001,4980.000000000001,7.148550724637682,28103.51742588631,983623.1099060209,,True,True,50.747412887153516,2.6567312957509426
1,Céréales,BTH,99500.0,79600.0,9950.0,7.148550724637682,19979.03897587796,699266.3641557286,,True,True,50.98135860219163,2.106665284926576
1,Céréales,BTH,99500.0,79600.0,9950.0,7.148550724637682,13592.674831267415,475743.6190943595,,True,True,50.836824285638485,2.5054220160430196
9,Fruits,LIF,99500.0,39800.0,7960.0,7.148550724637682,23474.3446193945,821602.0616788075,,True,True,50.81137496006748,2.103281037566227
1,Céréales,BTH,99500.0,79600.0,9950.0,7.148550724637682,9018.581672286196,315650.35853001685,,True,True,51.0019999629924,2.4392887669120307
25,Cultures permanentes,PTC,99500.0,49750.0,4975.0,7.148550724637682,3266.1664491055712,114315.82571869499,,True,True,50.91816180441626,2.422646423964653
24,Surfaces non agricoles,BTN,99400.0,59640.0,0.0,7.148550724637682,29919.142054043125,1047169.9718915094,,True,False,50.695140792472756,2.587798834066274
25,Cultures permanentes,PTC,99400.0,49700.0,4970.0,7.148550724637682,15077.401496144314,527709.052365051,,True,True,51.01802958560012,2.543789896485327
25,Cultures permanentes,PTC,99400.0,49700.0,4970.0,7.148550724637682,13529.971256731764,473548.9939856117,,True,True,50.81556988884616,2.4455541738901685
25,Cultures permanentes,PTC,99400.0,49700.0,4970.0,7.148550724637682,13870.723818943274,485475.3336630146,,True,True,50.930385272962106,2.577919141244498
5,Sucre,CZH,99400.0,74550.0,7952.0,7.148550724637682,12112.98533904232,423954.4868664812,,True,True,51.02424191510525,2.466776724888083
1,Céréales,BTH,99400.0,79520.0,9940.0,7.148550724637682,6754.902169541557,236421.57593395447,,True,True,50.87678866776488,2.426472845779924
1,Céréales,BTH,99300.0,79440.0,9930.0,7.148550724637682,12618.272007044783,441639.52024656744,,True,True,50.840285263886194,2.4901466643342727
1,Céréales,BTH,99300.0,79440.0,9930.0,7.148550724637682,29882.10777957097,1045873.772284984,,True,True,50.694475871065286,2.584811393897163
18,Semences,PPH,99300.0,74475.0,7944.0,7.148550724637682,22609.428859480682,791330.0100818239,,True,True,50.98461174166313,2.0690606801782674
24,Surfaces non agricoles,BTN,99300.0,59580.0,0.0,7.148550724637682,29701.36152896175,1039547.6535136612,,True,False,50.72656762184999,2.105954276596515
1,Céréales,BTH,99200.0,79360.0,9920.0,7.148550724637682,27629.303296181817,967025.6153663635,,True,True,50.81802859513995,2.028481978179442
1,Céréales,BTH,99200.0,79360.0,9920.0,7.148550724637682,15619.14009711181,546669.9033989133,,True,True,50.97095067779513,2.5932798565853363
24,Surfaces non agricoles,BTN,99200.0,59520.0,0.0,7.148550724637682,6656.108659492601,232963.80308224104,,True,False,50.94462795960906,2.287889977570832
2,Oléagineux,MIS,99200.0,79360.0,9920.0,7.148550724637682,3340.1729668488615,116906.05383971015,,True,True,50.92183017968638,2.4258597956457493
25,Cultures permanentes,PTC,99100.0,49550.0,4955.0,7.148550724637682,24979.30641978533,874275.7246924866,,True,True,50.707706174735726,2.328697203887577
25,Cultures permanentes,PTC,99100.0,49550.0,4955.0,7.148550724637682,13836.214354649168,484267.5024127209,,True,True,50.95400731493315,2.573767519351802
9,Fruits,LIF,99100.0,39640.0,7928.0,7.148550724637682,11888.67588553559,416103.6559937456,,True,True,51.027264398526206,2.4505129680693383
1,Céréales,BTH,99100.0,79280.0,9910.0,7.148550724637682,15284.3739506299,534953.0882720465,,True,True,51.04484004303682,2.499996961709337
1,Céréales,BTH,99100.0,79280.0,9910.0,7.148550724637682,14942.29171874274,522980.21015599585,,True,True,50.795634007665754,2.3829914393731206
1,Céréales,BTH,99100.0,79280.0,9910.0,7.148550724637682,12980.327731773472,454311.4706120715,,True,True,50.96398102308489,2.202741803096718
1,Céréales,BTH,99000.0,79200.0,9900.0,7.148550724637682,12202.010839671922,427070.3793885173,,True,True,50.92415331649681,2.5538504134714026
25,Cultures permanentes,PTC,99000.0,49500.0,4950.0,7.148550724637682,25043.788166008002,876532.58581028,,True,True,50.72686366200756,2.226003786940209
25,Cultures permanentes,PTC,98900.0,49450.0,4945.0,7.148550724637682,15331.283284159845,536594.9149455946,,True,True,50.92952603986758,2.5987573756769793
24,Surfaces non agricoles,BTN,98900.0,59340.0,0.0,7.148550724637682,6566.991889330266,229844.7161265593,,True,False,50.98902257569482,2.3832642878948693
25,Cultures permanentes,PTC,98900.0,49450.0,4945.0,7.148550724637682,19708.842356928282,689809.4824924899,,True,True,50.781359748639936,2.532946730641914
25,Cultures permanentes,PTC,98900.0,49450.0,4945.0,7.148550724637682,14557.229053279685,509503.01686478895,,True,True,50.95182678923822,2.584855752543871
18,Semences,PPH,98800.00000000001,74100.00000000001,7904.000000000001,7.148550724637682,13926.597123973503,487430.8993390726,,True,True,50.81830880048484,2.2901955637473606
1,Céréales,BTH,98800.00000000001,79040.00000000001,9880.000000000002,7.148550724637682,12186.670621618554,426533.4717566494,,True,True,50.83241218279809,2.30093914225926
1,Céréales,BTH,98800.00000000001,79040.00000000001,9880.000000000002,7.148550724637682,6275.103111039963,219628.6088863987,,True,True,50.88958816821674,2.317529320846817
24,Surfaces non agricoles,BTN,98800.00000000001,59280.00000000001,0.0,7.148550724637682,11190.29106419557,391660.18724684493,,True,False,51.014191257277176,2.4675536119181767
18,Semences,PPH,98800.00000000001,74100.00000000001,7904.000000000001,7.148550724637682,29902.319422137625,1046581.1797748168,,True,True,50.74280588375447,2.0742875901624847
20,Miscanthus/autres énergies,VRG,98800.00000000001,83980.00000000001,0.0,7.148550724637682,24953.195353152838,873361.8373603494,,True,False,50.7605739712524,2.613055035363694
9,Fruits,LIF,98699.99999999999,39480.0,7895.999999999999,7.148550724637682,7406.343333333281,259222.01666666486,,True,True,50.87088782494667,2.4286715141792197
3,Protéagineux,ORH,98699.99999999999,78960.0,9870.0,7.148550724637682,11311.059975375667,395887.09913814836,,True,True,50.987655831791336,2.2469499853339436
25,Cultures permanentes,PTC,98699.99999999999,49349.99999999999,4935.0,7.148550724637682,11213.671333140026,392478.49665990093,,True,True,50.83350232834603,2.4264350793037828
1,Céréales,BTH,98600.0,78880.0,9860.0,7.148550724637682,25645.769050082956,897601.9167529035,,True,True,50.96667291503148,2.018577202888527
9,Fruits,LIF,98600.0,39440.0,7888.0,7.148550724637682,17053.35101049646,596867.285367376,,True,True,50.968053579605254,2.615818752863465
25,Cultures permanentes,OIG,98600.0,49300.0,4930.0,7.148550724637682,9937.38716673099,347808.55083558464,,True,True,50.84853729621439,2.4382595000933445
2,Oléagineux,MIS,98600.0,78880.0,9860.0,7.148550724637682,17404.75590969325,609166.4568392637,,True,True,50.801225084806674,2.5209790328415287
1,Céréales,BTH,98500.0,78800.0,9850.0,7.148550724637682,13592.80493532747,475748.1727364614,,True,True,50.80904598022328,2.4080554849537523
1,Céréales,BTH,98500.0,78800.0,9850.0,7.148550724637682,28464.490084192894,996257.1529467513,,True,True,50.72608214626305,2.13500870655638
3,Protéagineux,ORH,98400.0,78720.0,9840.0,7.148550724637682,15664.080310218904,548242.8108576617,,True,True,51.052013206668825,2.4918576083574506
24,Surfaces non agricoles,BTN,98400.0,59040.0,0.0,7.148550724637682,27379.076729155986,958267.6855204595,,True,False,50.68383059744825,2.3883503001455146
9,Fruits,LIF,98400.0,39360.0,7872.0,7.148550724637682,17434.636612092534,610212.2814232387,,True,True,51.03841422542134,2.559929923957014
1,Céréales,BTH,98400.0,78720.0,9840.0,7.148550724637682,25733.41450911134,900669.5078188969,,True,True,50.74541423236383,2.6010435264869027
1,Céréales,BTH,98400.0,78720.0,9840.0,7.148550724637682,14251.549225339986,498804.2228868995,,True,True,50.87572685147189,2.5641137308754622
1,Céréales,BTH,98400.0,78720.0,9840.0,7.148550724637682,19190.874637830275,671680.6123240596,,True,True,50.782876664860204,2.522933372717217
1,Céréales,BTH,98300.0,78640.0,9830.0,7.148550724637682,20692.47331277284,724236.5659470494,,True,True,50.74393736171478,2.3852239044574
25,Cultures permanentes,PTC,98300.0,49150.0,4915.0,7.148550724637682,14337.600610667847,501816.0213733746,,True,True,51.021530170802585,2.5242372040603938
25,Cultures permanentes,PTC,98300.0,49150.0,4915.0,7.148550724637682,26490.88286592362,927180.9003073267,,True,True,50.693767342856354,2.4288201730240524
24,Surfaces non agricoles,BTN,98300.0,58980.0,0.0,7.148550724637682,25005.56879517489,875194.9078311212,,True,False,50.907854120330754,2.0250179060801345
1,Céréales,BTH,98300.0,78640.0,9830.0,7.148550724637682,27053.245639005403,946863.5973651891,,True,True,50.76110597989173,2.102650423843718
25,Cultures permanentes,PTC,98200.0,49100.0,4910.0,7.148550724637682,7749.605668541922,271236.1983989673,,True,True,50.925787673727065,2.490370776070635
25,Cultures permanentes,PTC,98200.0,49100.0,4910.0,7.148550724637682,20619.59541519327,721685.8395317645,,True,True,50.74952822008925,2.312505857819705
24,Surfaces non agricoles,BTN,98200.0,58920.0,0.0,7.148550724637682,21878.76825802119,765756.8890307416,,True,False,50.79561428015163,2.152300406428003
25,Cultures permanentes,PTC,98200.0,49100.0,4910.0,7.148550724637682,17094.505247340883,598307.6836569309,,True,True,50.84333580796262,2.58128036005152
1,Céréales,BTH,98200.0,78560.0,9820.0,7.148550724637682,22623.24260152237,791813.4910532829,,True,True,50.72717201916108,2.3547169049995884
5,Sucre,CZH,98100.0,73575.0,7848.0,7.148550724637682,15215.454903171736,532540.9216110108,,True,True,51.02340452801476,2.5388191880778157
2,Oléagineux,MIS,98100.0,78480.0,9810.0,7.148550724637682,27686.689188396787,969034.1215938876,,True,True,50.7162884988851,2.5822556921005475
1,Céréales,BTH,98100.0,78480.0,9810.0,7.148550724637682,9279.429088525443,324780.0180983905,,True,True,50.96617388312803,2.260632829413549
25,Cultures permanentes,PTC,98100.0,49050.0,4905.0,7.148550724637682,3688.7852702602804,129107.48445910981,,True,True,50.9092414940861,2.4210473516037365
3,Protéagineux,ORP,98100.0,78480.0,9810.0,7.148550724637682,20861.330189978184,730146.5566492365,,True,True,50.9097366248602,2.0841384860639494
24,Surfaces non agricoles,BTN,98100.0,58860.0,0.0,7.148550724637682,20020.189810786625,700706.6433775319,,True,False,50.86065930704088,2.1165663783247957
9,Fruits,LIF,98000.0,39200.0,7840.0,7.148550724637682,19409.076583495134,679317.6804223297,,True,True,50.862711154078305,2.124644913465452
18,Semences,PPH,98000.0,73500.0,7840.0,7.148550724637682,14595.03243165005,510826.13510775176,,True,True,50.80876274242062,2.459697863902348
1,Céréales,BTH,98000.0,78400.0,9800.0,7.148550724637682,6064.441061917998,212255.43716712995,,True,True,50.95836657527107,2.4539295858634707
1,Céréales,BTH,98000.0,78400.0,9800.0,7.148550724637682,13480.103836625449,471803.6342818907,,True,True,51.00699604971961,2.5286924402260222
24,Surfaces non agricoles,BTN,98000.0,58800.0,0.0,7.148550724637682,27649.13738968663,967719.8086390321,,True,False,50.905039287512174,1.9875763338665327
1,Céréales,BTP,98000.0,78400.0,9800.0,7.148550724637682,7616.630830377808,266582.07906322327,,True,True,50.863942688367324,2.4087324667708967
25,Cultures permanentes,PTC,98000.0,49000.0,4900.0,7.148550724637682,25096.230253235342,878368.058863237,,True,True,50.74807660914696,2.5915215700185352
1,Céréales,BTH,98000.0,78400.0,9800.0,7.148550724637682,25841.347168101704,904447.1508835596,,True,True,50.73237755892729,2.1863900122421196
25,Cultures permanentes,CHU,97899.99999999999,48949.99999999999,4894.999999999999,7.148550724637682,15534.134133398913,543694.6946689619,,True,True,50.91455755764858,2.600259340593824
9,Fruits,LIF,97899.99999999999,39159.99999999999,7831.999999999999,7.148550724637682,12390.261121178512,433659.1392412479,,True,True,50.96024369453114,2.550213487644424
9,Fruits,LIF,97899.99999999999,39159.99999999999,7831.999999999999,7.148550724637682,9677.46520655322,338711.2822293627,,True,True,50.879643649918556,2.2674360553770443
9,Fruits,LIF,97899.99999999999,39159.99999999999,7831.999999999999,7.148550724637682,24842.54896571723,869489.213800103,,True,True,50.847331305082506,2.0509772163087696
1,Céréales,BTH,97899.99999999999,78319.99999999999,9789.999999999998,7.148550724637682,15967.551815310484,558864.3135358669,,True,True,50.92346988464404,2.1524130634403345
25,Cultures permanentes,PTC,97800.0,48900.0,4890.0,7.148550724637682,15809.345189347805,553327.0816271731,,True,True,50.96127580983567,2.6001295501329476
2,Oléagineux,MIS,97800.0,78240.0,9780.0,7.148550724637682,15526.401863161733,543424.0652106607,,True,True,51.03855941007942,2.519497321836718
2,Oléagineux,MIS,97800.0,78240.0,9780.0,7.148550724637682,26437.910099092445,925326.8534682356,,True,True,50.85946102078367,2.0200182985462742
24,Surfaces non agricoles,BTN,97800.0,58680.0,0.0,7.148550724637682,5913.6393407568885,206977.3769264911,,True,False,50.94878614003814,2.301042988814258
1,Céréales,BTH,97800.0,78240.0,9780.0,7.148550724637682,28313.456888076922,990970.9910826923,,True,True,50.75842264641504,2.6779609747901003
1,Céréales,BTH,97800.0,78240.0,9780.0,7.148550724637682,14301.677228766854,500558.7030068399,,True,True,50.9684002296714,2.5748415374099975
25,Cultures permanentes,PTC,97700.0,48850.0,4885.0,7.148550724637682,845.9931857192687,29609.761500174405,,True,True,50.93754879285579,2.3815056813607822
25,Cultures permanentes,PTC,97700.0,48850.0,4885.0,7.148550724637682,8636.585932627,302280.50764194503,,True,True,50.94149708072839,2.5018916200882266
25,Cultures permanentes,PTC,97700.0,48850.0,4885.0,7.148550724637682,25780.17415960863,902306.095586302,,True,True,50.699410364483256,2.3418405811149263
1,Céréales,BTH,97700.0,78160.0,9770.0,7.148550724637682,26658.47791850824,933046.7271477884,,True,True,50.979835501382716,2.007723224999153
1,Céréales,BTH,97700.0,78160.0,9770.0,7.148550724637682,12495.951456300681,437358.30097052385,,True,True,50.982385653247064,2.222165778863496
24,Surfaces non agricoles,BTN,97700.0,58620.0,0.0,7.148550724637682,19145.807735513445,670103.2707429705,,True,False,50.90103069229429,2.1107894766876822
25,Cultures permanentes,PTC,97700.0,48850.0,4885.0,7.148550724637682,6348.515369723281,222198.03794031483,,True,True,50.939201907259466,2.469410534653034
24,Surfaces non agricoles,BTN,97500.0,58500.0,0.0,7.148550724637682,11821.454062311801,413750.892180913,,True,False,51.02415912749194,2.4583964317544655
18,Semences,PPH,97500.0,73125.0,7800.0,7.148550724637682,17079.23632023145,597773.2712081007,,True,True,50.864106560890264,2.5999803885659674
3,Protéagineux,ORH,97500.0,78000.0,9750.0,7.148550724637682,3284.800513507664,114968.01797276824,,True,True,50.90338177045351,2.3596787086465194
18,Semences,PPH,97500.0,73125.0,7800.0,7.148550724637682,21578.810008209035,755258.3502873163,,True,True,50.88727121365708,2.07978914889504
2,Oléagineux,MIS,97400.0,77920.0,9740.0,7.148550724637682,17432.759062076195,610146.5671726668,,True,True,50.814604041179436,2.54817316704993
9,Fruits,LIF,97400.0,38960.0,7792.0,7.148550724637682,29150.362517885336,1020262.6881259867,,True,True,50.93743120692457,1.964191375256569
24,Surfaces non agricoles,BTN,97400.0,58440.0,0.0,7.148550724637682,21607.907862674303,756276.7751936006,,True,False,50.945168738133304,2.072570514331543
3,Protéagineux,ORH,97400.0,77920.0,9740.0,7.148550724637682,13834.920789572916,484222.22763505206,,True,True,50.922411324237686,2.577024799304715
2,Oléagineux,MIS,97400.0,77920.0,9740.0,7.148550724637682,25460.120607711382,891104.2212698983,,True,True,50.961143553558166,2.0199687561515445
24,Surfaces non agricoles,BTN,97400.0,58440.0,0.0,7.148550724637682,7409.55863823407,259334.55233819244,,True,False,50.899476122526075,2.4739505671137576
1,Céréales,BTH,97400.0,77920.0,9740.0,7.148550724637682,21809.80943328467,763343.3301649635,,True,True,50.735550532124925,2.4206895674546347
1,Céréales,BTH,97300.0,77840.0,9730.0,7.148550724637682,12039.88463331128,421395.9621658948,,True,True,50.823944146498135,2.41458123432943
18,Semences,PPH,97300.0,72975.0,7784.0,7.148550724637682,16729.669126660065,585538.4194331022,,True,True,50.793452025454,2.2799138617582524
25,Cultures permanentes,PTC,97300.0,48650.0,4865.0,7.148550724637682,11012.251472140126,385428.8015249044,,True,True,50.871426376982775,2.2533763844192185
2,Oléagineux,MIS,97300.0,77840.0,9730.0,7.148550724637682,25111.290475844526,878895.1666545584,,True,True,50.70445707681614,2.361943087531926
1,Céréales,BTH,97300.0,77840.0,9730.0,7.148550724637682,13140.20395339352,459907.1383687732,,True,True,51.02600374107164,2.489441267494951
25,Cultures permanentes,PTC,97300.0,48650.0,4865.0,7.148550724637682,13468.987391830256,471414.55871405895,,True,True,50.80948313094893,2.3992799844591937
1,Céréales,BTH,97300.0,77840.0,9730.0,7.148550724637682,28082.53507928108,982888.7277748378,,True,True,50.75993228135039,2.084305234470812
24,Surfaces non agricoles,BTN,97200.0,58320.0,0.0,7.148550724637682,21499.59298409011,752485.7544431539,,True,False,50.95045522059632,2.074879900243205
1,Céréales,BTH,97200.0,77760.0,9720.0,7.148550724637682,24777.79088461551,867222.6809615429,,True,True,50.71280206434728,2.3011836574571474
1,Céréales,BTH,97200.0,77760.0,9720.0,7.148550724637682,25449.953268624216,890748.3644018476,,True,True,50.75454707008293,2.612751872785592
1,Céréales,BTH,97200.0,77760.0,9720.0,7.148550724637682,21938.703237930175,767854.613327556,,True,True,50.92123683579253,2.067298193073375
1,Céréales,BTH,97100.00000000001,77680.00000000001,9710.000000000002,7.148550724637682,15564.540742660018,544758.9259931006,,True,True,50.79532589928255,2.4404535551301794
2,Oléagineux,MIS,97100.00000000001,77680.00000000001,9710.000000000002,7.148550724637682,10335.918080076643,361757.13280268246,,True,True,50.845110257204965,2.319971787741124
25,Cultures permanentes,PTC,97000.0,48500.0,4850.0,7.148550724637682,13785.887463610643,482506.0612263725,,True,True,50.80929721295332,2.335132752608456
9,Fruits,LIF,97000.0,38800.0,7760.0,7.148550724637682,4125.9462486224575,144408.118701786,,True,True,50.92304335871627,2.322175767123655
25,Cultures permanentes,PTC,97000.0,48500.0,4850.0,7.148550724637682,27003.437151315244,945120.3002960335,,True,True,50.68718393996419,2.3862077822021392
1,Céréales,BTH,97000.0,77600.0,9700.0,7.148550724637682,26204.92539390013,917172.3887865045,,True,True,50.73504152814439,2.170368534208439
1,Céréales,BTH,97000.0,77600.0,9700.0,7.148550724637682,14201.587231782509,497055.55311238783,,True,True,50.92471496480021,2.5824552375019025
3,Protéagineux,ORP,96900.0,77520.0,9690.0,7.148550724637682,6534.196850410474,228696.8897643666,,True,True,50.98005704734203,2.428863237303209
1,Céréales,BTH,96900.0,77520.0,9690.0,7.148550724637682,25881.42652531,905849.9283858499,,True,True,50.964548477634,2.0146566582941925
25,Cultures permanentes,PTC,96800.0,48400.0,4840.0,7.148550724637682,12366.213598617822,432817.47595162375,,True,True,51.033163371033,2.445978957660849
25,Cultures permanentes,CHU,96800.0,48400.0,4840.0,7.148550724637682,13267.155997103913,464350.45989863697,,True,True,50.86707446244303,2.540730701249079
25,Cultures permanentes,PTC,96800.0,48400.0,4840.0,7.148550724637682,4431.665654708651,155108.2979148028,,True,True,50.92975584244657,2.443233399052697
24,Surfaces non agricoles,BTN,96800.0,58080.0,0.0,7.148550724637682,27492.22394347142,962227.8380214997,,True,False,50.91941095739539,1.9881218046549214
25,Cultures permanentes,PTC,96700.0,48350.0,4835.0,7.148550724637682,6954.956801291971,243423.48804521898,,True,True,50.94760575417765,2.475244750610843
2,Oléagineux,MIS,96700.0,77360.0,9670.0,7.148550724637682,15515.024594674018,543025.8608135906,,True,True,50.8168479913741,2.5093761579681524
1,Céréales,BTH,96700.0,77360.0,9670.0,7.148550724637682,5668.352065071537,198392.32227750382,,True,True,50.879162961211,2.374020005138294
18,Semences,PPH,96700.0,72525.0,7736.0,7.148550724637682,29064.94628130355,1017273.1198456242,,True,True,50.72399430838465,2.6347061215444705
1,Céréales,BTH,96700.0,77360.0,9670.0,7.148550724637682,28321.698236384575,991259.4382734601,,True,True,50.75452365618069,2.087639962754888
25,Cultures permanentes,PTC,96600.0,48300.0,4830.0,7.148550724637682,22126.249385647487,774418.728497662,,True,True,50.940981564976624,2.0647276691726653
2,Oléagineux,MIS,96500.0,77200.0,9650.0,7.148550724637682,26910.90776660876,941881.7718313066,,True,True,50.687998653193084,2.3841577159983
25,Cultures permanentes,PTC,96500.0,48250.0,4825.0,7.148550724637682,7842.40155944859,274484.05458070064,,True,True,50.97355087998605,2.468060628832822
1,Céréales,BTH,96500.0,77200.0,9650.0,7.148550724637682,28130.762156183977,984576.6754664392,,True,True,50.98054546576974,1.9864851768800873
1,Céréales,BTH,96400.0,77120.0,9640.0,7.148550724637682,28959.128553012946,1013569.4993554531,,True,True,50.69942062090006,2.57163147151594
1,Céréales,BTH,96400.0,77120.0,9640.0,7.148550724637682,3458.7795244332806,121057.28335516482,,True,True,50.94619590654938,2.337857495667911
2,Oléagineux,MIS,96400.0,77120.0,9640.0,7.148550724637682,7800.332820153314,273011.648705366,,True,True,50.86140866746711,2.4033154938993926
18,Semences,PPH,96400.0,72300.0,7712.0,7.148550724637682,26558.362435046387,929542.6852266236,,True,True,50.76134484599912,2.647849027142015
24,Surfaces non agricoles,BTN,96300.00000000001,57780.00000000001,0.0,7.148550724637682,27306.161060068498,955715.6371023974,,True,False,50.7380109876366,2.137559624754239
24,Surfaces non agricoles,BTN,96300.00000000001,57780.00000000001,0.0,7.148550724637682,28368.823246384865,992908.8136234703,,True,False,50.675215959017464,2.4009232886792393
9,Fruits,LIF,96300.00000000001,38520.00000000001,7704.000000000001,7.148550724637682,13478.570360023341,471749.9626008169,,True,True,51.00141390246031,2.5355219282802723
5,Sucre,CZH,96300.00000000001,72225.00000000001,7704.000000000001,7.148550724637682,21591.178607457423,755691.2512610098,,True,True,50.73879684040017,2.433576745330463
25,Cultures permanentes,PTC,96300.00000000001,48150.00000000001,4815.000000000001,7.148550724637682,20463.379427386542,716218.2799585289,,True,True,50.87654037141386,2.1007627028900253
25,Cultures permanentes,PTC,96300.00000000001,48150.00000000001,4815.000000000001,7.148550724637682,8529.134894541261,298519.72130894416,,True,True,50.854807333511786,2.355976922498072
25,Cultures permanentes,PTC,96199.99999999999,48099.99999999999,4809.999999999999,7.148550724637682,3594.2541677842205,125798.89587244771,,True,True,50.96190639928119,2.3717809115046875
24,Surfaces non agricoles,BTN,96199.99999999999,57719.99999999999,0.0,7.148550724637682,29427.167655019457,1029950.8679256809,,True,False,50.95689211740686,1.9621604105945156
24,Surfaces non agricoles,BTN,96199.99999999999,57719.99999999999,0.0,7.148550724637682,20013.587939509125,700475.5778828193,,True,False,50.92390320527299,2.0946116256762015
1,Céréales,BTH,96100.0,76880.0,9610.0,7.148550724637682,6838.902145340036,239361.57508690128,,True,True,50.91367769329307,2.2859324123662685
25,Cultures permanentes,CHU,96100.0,48050.0,4805.0,7.148550724637682,15694.299485480955,549300.4819918334,,True,True,50.88525799964849,2.59228802636871
3,Protéagineux,ORH,96100.0,76880.0,9610.0,7.148550724637682,11553.515486640159,404373.04203240556,,True,True,50.93064774658937,2.2151467013367814
3,Protéagineux,ORH,96100.0,76880.0,9610.0,7.148550724637682,4875.228969290318,170633.01392516113,,True,True,50.9716410107464,2.3582169733187768
25,Cultures permanentes,PTC,96100.0,48050.0,4805.0,7.148550724637682,6353.67525635302,222378.6339723557,,True,True,50.87380534440373,2.3964127791158165
25,Cultures permanentes,PTC,96100.0,48050.0,4805.0,7.148550724637682,22340.158234493985,781905.5382072895,,True,True,50.72952251273959,2.359142768019861
1,Céréales,BTH,96000.0,76800.0,9600.0,7.148550724637682,28508.22038118675,997787.7133415362,,True,True,50.89391802733214,1.977424825210326
1,Céréales,BTH,96000.0,76800.0,9600.0,7.148550724637682,22528.968175488735,788513.8861421057,,True,True,50.84410369718725,2.0891248528047184
2,Oléagineux,MIS,96000.0,76800.0,9600.0,7.148550724637682,19113.53356355991,668973.6747245969,,True,True,50.758657353905804,2.4017496307535464
25,Cultures permanentes,PTC,96000.0,48000.0,4800.0,7.148550724637682,26313.5390134163,920973.8654695705,,True,True,50.7394080318368,2.6020964675804694
1,Céréales,BTH,96000.0,76800.0,9600.0,7.148550724637682,10887.226654700558,381052.93291451957,,True,True,50.990041775845015,2.257210132483188
25,Cultures permanentes,PTC,95900.0,47950.0,4795.0,7.148550724637682,20621.522161295896,721753.2756453564,,True,True,50.786760318082614,2.566608361031076
19,Légumineuses,PTR,95900.0,76720.0,9590.0,7.148550724637682,11204.326598732907,392151.43095565174,,True,True,50.90255438841631,2.5337827267616615
5,Sucre,CZH,95900.0,71925.0,7672.0,7.148550724637682,29615.95369844253,1036558.3794454884,,True,True,50.93396673490069,1.9574428250343991
1,Céréales,BTH,95900.0,76720.0,9590.0,7.148550724637682,24624.720283386763,861865.2099185367,,True,True,50.91005473043773,2.0301363314274687
1,Céréales,BTH,95900.0,76720.0,9590.0,7.148550724637682,28129.486156437582,984532.0154753154,,True,True,50.71739380206549,2.16297855906239
9,Fruits,LIF,95800.0,38320.0,7664.0,7.148550724637682,22205.898012026915,777206.430420942,,True,True,50.73145781030275,2.345966996084508
9,Fruits,LIF,95800.0,38320.0,7664.0,7.148550724637682,19212.891352373288,672451.1973330651,,True,True,50.79009783207382,2.5406448371033274
9,Fruits,LIF,95700.0,38280.0,7656.0,7.148550724637682,19390.219105023665,678657.6686758283,,True,True,50.8977378922917,2.108194405015058
2,Oléagineux,MIS,95700.0,76560.0,9570.0,7.148550724637682,12869.193591352336,450421.77569733176,,True,True,50.84061997702687,2.4965443627901607
1,Céréales,BTH,95700.0,76560.0,9570.0,7.148550724637682,14616.679197072444,511583.77189753554,,True,True,50.947267585415,2.586794292344584
9,Fruits,LIF,95700.0,38280.0,7656.0,7.148550724637682,3810.922570456162,133382.28996596567,,True,True,50.89574068053282,2.3815045342858427
1,Céréales,BTH,95700.0,76560.0,9570.0,7.148550724637682,25598.264631690352,895939.2621091623,,True,True,50.761676220022146,2.131273133259103
1,Céréales,BTH,95700.0,76560.0,9570.0,7.148550724637682,9973.132102546384,349059.6235891234,,True,True,50.851603893305246,2.4490727768580114
16,Gel,TRE,95600.0,86040.0,0.0,7.148550724637682,18848.709936553358,659704.8477793675,,True,False,50.77479539345327,2.2720406999111042
25,Cultures permanentes,PTC,95600.0,47800.0,4780.0,7.148550724637682,16481.40350104083,576849.1225364291,,True,True,50.883309587180314,2.1569138320180508
9,Fruits,LIF,95600.0,38240.0,7648.0,7.148550724637682,13525.199707500577,473381.9897625202,,True,True,50.82252250468465,2.289740829540126
2,Oléagineux,MIS,95600.0,76480.0,9560.0,7.148550724637682,11244.277054474665,393549.6969066133,,True,True,50.96712590903708,2.5292981242244754
1,Céréales,BTH,95600.0,76480.0,9560.0,7.148550724637682,15156.364542092366,530472.7589732328,,True,True,50.87309911480709,2.576398473697603
1,Céréales,BTH,95600.0,76480.0,9560.0,7.148550724637682,19165.039197008507,670776.3718952978,,True,True,50.83971157646828,2.6127129988584756
1,Céréales,BTH,95600.0,76480.0,9560.0,7.148550724637682,16486.15103018674,577015.2860565358,,True,True,50.942395950782675,2.614446048068329
1,Céréales,BTH,95500.0,76400.0,9550.0,7.148550724637682,18118.782647335385,634157.3926567385,,True,True,50.80930152576721,2.5534602672026434
5,Sucre,CZH,95500.0,71625.0,7640.0,7.148550724637682,23456.989173856768,820994.6210849868,,True,True,50.98922378867609,2.058551639508946
25,Cultures permanentes,PTC,95500.0,47750.0,4775.0,7.148550724637682,10886.394768758119,381023.81690653414,,True,True,50.87183074550463,2.504867646768869
1,Céréales,BTH,95500.0,76400.0,9550.0,7.148550724637682,5192.295863404256,181730.35521914897,,True,True,50.94093666953448,2.452035803566474
1,Céréales,BTH,95500.0,76400.0,9550.0,7.148550724637682,27799.598352606205,972985.9423412172,,True,True,50.77549296248717,2.0686670084722394
1,Céréales,BTH,95500.0,76400.0,9550.0,7.148550724637682,13927.717137013045,487470.09979545657,,True,True,50.885311957906644,2.565564747993516
2,Oléagineux,MIS,95500.0,76400.0,9550.0,7.148550724637682,15922.172021695445,557276.0207593406,,True,True,50.78768504122312,2.3549381443556814
9,Fruits,LIF,95500.0,38200.0,7640.0,7.148550724637682,13822.071117634074,483772.48911719257,,True,True,50.899795504968615,2.188747969702567
1,Céréales,BTH,95399.99999999999,76319.99999999999,9539.999999999998,7.148550724637682,18657.02552406364,652995.8933422274,,True,True,50.76221780804594,2.381939625783143
24,Surfaces non agricoles,BTN,95399.99999999999,57239.99999999999,0.0,7.148550724637682,8014.316817605092,280501.08861617825,,True,False,50.86070874329668,2.4114482854623036
25,Cultures permanentes,PTC,95300.0,47650.0,4765.0,7.148550724637682,23280.871167415557,814830.4908595445,,True,True,50.75933648105576,2.572079701078061
3,Protéagineux,ORH,95300.0,76240.0,9530.0,7.148550724637682,22612.78813791933,791447.5848271766,,True,True,50.943534476677954,2.058009910055048
25,Cultures permanentes,PTC,95300.0,47650.0,4765.0,7.148550724637682,3427.468831035464,119961.40908624124,,True,True,50.90452701483481,2.352469498041218
2,Oléagineux,MIS,95300.0,76240.0,9530.0,7.148550724637682,15022.204964707144,525777.17376475,,True,True,50.94709818020242,2.1673349518112244
1,Céréales,BTH,95300.0,76240.0,9530.0,7.148550724637682,10737.4773533608,375811.707367628,,True,True,50.83363260802317,2.389772996452033
24,Surfaces non agricoles,BTN,95300.0,57180.0,0.0,7.148550724637682,4189.556848962793,146634.48971369775,,True,False,50.955676600009774,2.336238729643983
5,Sucre,CZH,95300.0,71475.0,7624.0,7.148550724637682,9538.907002933029,333861.745102656,,True,True,51.00687104975495,2.440466512301872
25,Cultures permanentes,PTC,95300.0,47650.0,4765.0,7.148550724637682,1769.438632395991,61930.352133859684,,True,True,50.914668345402745,2.386760609926755
1,Céréales,BTH,95200.0,76160.0,9520.0,7.148550724637682,6971.498430907576,244002.44508176518,,True,True,50.988483849598154,2.3441305733369004
9,Fruits,LIF,95200.0,38080.0,7616.0,7.148550724637682,18019.88340555883,630695.9191945591,,True,True,50.7714937585195,2.326563894542461
25,Cultures permanentes,PTC,95200.0,47600.0,4760.0,7.148550724637682,12602.21168174461,441077.4088610613,,True,True,50.996545256118665,2.5256627460333037
1,Céréales,BTH,95200.0,76160.0,9520.0,7.148550724637682,23108.797224989157,808807.9028746205,,True,True,50.84300091127572,2.080826290598342
1,Céréales,BTH,95100.0,76080.0,9510.0,7.148550724637682,28857.24364337205,1010003.5275180218,,True,True,50.95532374302367,1.9700933479660205
1,Céréales,BTH,95100.0,76080.0,9510.0,7.148550724637682,21106.373395332063,738723.0688366222,,True,True,50.96004115275223,2.0825358583919593
1,Céréales,BTH,95100.0,76080.0,9510.0,7.148550724637682,16039.212940272106,561372.4529095237,,True,True,51.020430712596806,2.558474060411698
2,Oléagineux,MIS,95100.0,76080.0,9510.0,7.148550724637682,11325.630025428543,396397.050889999,,True,True,50.85210166514487,2.484028015716699
25,Cultures permanentes,PTC,95100.0,47550.0,4755.0,7.148550724637682,8405.822332521395,294203.7816382488,,True,True,50.85985927372492,2.335299361901321
1,Céréales,BTH,95100.0,76080.0,9510.0,7.148550724637682,10952.24582867706,383328.6040036971,,True,True,50.98808064402497,2.506293599756895
2,Oléagineux,MIS,95100.0,76080.0,9510.0,7.148550724637682,5452.262630183446,190829.1920564206,,True,True,50.97811662771361,2.36501885468818
25,Cultures permanentes,PTC,95100.0,47550.0,4755.0,7.148550724637682,13419.204267632744,469672.149367146,,True,True,50.80933146224776,2.382835295938432
25,Cultures permanentes,PTC,95100.0,47550.0,4755.0,7.148550724637682,25139.77884805351,879892.2596818728,,True,True,50.77170576582682,2.6356885745504846
9,Fruits,LIF,95100.0,38040.0,7608.0,7.148550724637682,29468.778337726442,1031407.2418204255,,True,True,50.82235206724181,1.9962082718250824
24,Surfaces non agricoles,BTN,95000.0,57000.0,0.0,7.148550724637682,27054.530441588646,946908.5654556026,,True,False,50.74793738011742,2.1244100623358033
5,Sucre,CZH,95000.0,71250.0,7600.0,7.148550724637682,29151.30046469765,1020295.5162644178,,True,True,50.7280728786835,2.1152921088889487
9,Fruits,LIF,95000.0,38000.0,7600.0,7.148550724637682,5337.7035529516215,186819.62435330675,,True,True,50.943723118797436,2.4529950181507276
1,Céréales,BTH,95000.0,76000.0,9500.0,7.148550724637682,16186.180668554234,566516.3233993982,,True,True,50.95369137048165,2.1520631709187206
1,Céréales,BTH,95000.0,76000.0,9500.0,7.148550724637682,28281.952527275764,989868.3384546518,,True,True,50.80560633641321,2.0284748757760176
2,Oléagineux,MIS,95000.0,76000.0,9500.0,7.148550724637682,24436.325212860775,855271.3824501272,,True,True,50.723031214744154,2.4969668233696463
1,Céréales,BTH,95000.0,76000.0,9500.0,7.148550724637682,29039.930277104664,1016397.5596986632,,True,True,50.7585747130258,2.69203187179729
1,Céréales,BTH,95000.0,76000.0,9500.0,7.148550724637682,11887.80040573718,416073.0142008013,,True,True,50.82565877656807,2.416915808120907
1,Céréales,BTH,95000.0,76000.0,9500.0,7.148550724637682,7286.545681931391,255029.0988675987,,True,True,50.995419590267765,2.37397705953067
18,Semences,PPH,94900.0,71175.0,7592.0,7.148550724637682,23195.04524644953,811826.5836257335,,True,True,50.729350467834585,2.2897023987995366
1,Céréales,BTH,94900.0,75920.0,9490.0,7.148550724637682,7024.7909869370005,245867.68454279503,,True,True,50.987929652261336,2.3399841506760946
2,Oléagineux,MIS,94900.0,75920.0,9490.0,7.148550724637682,26423.141355666834,924809.9474483392,,True,True,50.74308107539917,2.6123348896958785
3,Protéagineux,ORH,94900.0,75920.0,9490.0,7.148550724637682,18359.48865874534,642582.1030560869,,True,True,50.818044507547896,2.5723169440535893
1,Céréales,BTH,94900.0,75920.0,9490.0,7.148550724637682,15306.799181870647,535737.9713654727,,True,True,51.025544021999295,2.5373968095076718
25,Cultures permanentes,PTC,94900.0,47450.0,4745.0,7.148550724637682,4741.975649150929,165969.14772028252,,True,True,50.913048216078266,2.442075857320487
1,Céréales,BTH,94900.0,75920.0,9490.0,7.148550724637682,3605.8742435839918,126205.59852543971,,True,True,50.900632670940944,2.358185104513216
25,Cultures permanentes,PTC,94800.0,47400.0,4740.0,7.148550724637682,11789.472027972011,412631.5209790204,,True,True,50.82399459425299,2.3767475837694065
24,Surfaces non agricoles,BTN,94800.0,56880.0,0.0,7.148550724637682,25037.302192419855,876305.5767346949,,True,False,50.74241095799392,2.182800021609704
18,Semences,PPH,94800.0,71100.0,7584.0,7.148550724637682,22789.919408083177,797647.1792829112,,True,True,50.83460038919545,2.092483696948089
25,Cultures permanentes,CHU,94800.0,47400.0,4740.0,7.148550724637682,11998.982681323745,419964.39384633105,,True,True,50.859043489351514,2.5088935680732685
1,Céréales,BTH,94800.0,75840.0,9480.0,7.148550724637682,4524.915969417417,158372.0589296096,,True,True,50.96835523530086,2.3584199847137346
25,Cultures permanentes,PTC,94700.0,47350.0,4735.0,7.148550724637682,22741.90090333241,795966.5316166343,,True,True,50.75075123534849,2.5359600301171485
2,Oléagineux,MIS,94700.0,75760.0,9470.0,7.148550724637682,28396.596364710167,993880.8727648559,,True,True,50.70150008967813,2.5604958153498463
1,Céréales,BTH,94700.0,75760.0,9470.0,7.148550724637682,10180.236878015638,356308.29073054733,,True,True,50.972946687751424,2.2516541376722303
1,Céréales,BTH,94700.0,75760.0,9470.0,7.148550724637682,20463.074725970415,716207.6154089646,,True,True,50.77108663241794,2.5269992269103208
1,Céréales,BTH,94700.0,75760.0,9470.0,7.148550724637682,10962.428587908149,383685.00057678524,,True,True,50.90398932608634,2.530836780380708
2,Oléagineux,MIS,94700.0,75760.0,9470.0,7.148550724637682,28376.34167201357,993171.9585204748,,True,True,50.68603161164388,2.4984612713146648
25,Cultures permanentes,PTC,94700.0,47350.0,4735.0,7.148550724637682,12390.59234580478,433670.7321031673,,True,True,50.828246770494275,2.308010171002565
25,Cultures permanentes,PTC,94600.00000000001,47300.00000000001,4730.000000000001,7.148550724637682,10570.744434694738,369976.0552143158,,True,True,50.979306371368246,2.5090271714399215
1,Céréales,BTH,94600.00000000001,75680.00000000001,9460.000000000002,7.148550724637682,23783.22013458229,832412.7047103802,,True,True,50.71639988385946,2.36245002146166
1,Céréales,BTH,94500.0,75600.0,9450.0,7.148550724637682,22584.25795523449,790449.0284332072,,True,True,50.72691456813071,2.3755238964056193
3,Protéagineux,ORH,94500.0,75600.0,9450.0,7.148550724637682,15269.418576227197,534429.650167952,,True,True,50.88929427673866,2.5879936817831948
1,Céréales,BTH,94500.0,75600.0,9450.0,7.148550724637682,26932.903012148934,942651.6054252126,,True,True,50.73772469409308,2.1467700617888426
3,Protéagineux,ORP,94400.0,75520.0,9440.0,7.148550724637682,19083.093204492867,667908.2621572503,,True,True,50.82411791061991,2.5940498348240726
1,Céréales,BTH,94400.0,75520.0,9440.0,7.148550724637682,24607.39581789411,861258.8536262938,,True,True,50.72230224875768,2.5009299934242897
1,Céréales,BTH,94400.0,75520.0,9440.0,7.148550724637682,19268.732508171754,674405.6377860113,,True,True,50.97058716901623,2.112588365508207
2,Oléagineux,MIS,94300.0,75440.0,9430.0,7.148550724637682,15569.115299516767,544919.0354830868,,True,True,50.82853786988754,2.22707568234347
2,Oléagineux,MIS,94300.0,75440.0,9430.0,7.148550724637682,16422.032555673395,574771.1394485688,,True,True,50.7823406046569,2.375486104858811
1,Céréales,BTH,94300.0,75440.0,9430.0,7.148550724637682,28275.753552340888,989651.3743319311,,True,True,50.74274899804164,2.1075721467055817
2,Oléagineux,MIS,94300.0,75440.0,9430.0,7.148550724637682,21769.800721976997,761943.0252691949,,True,True,50.76828069194103,2.5547788042057413
25,Cultures permanentes,OIG,94300.0,47150.0,4715.0,7.148550724637682,22601.190854457058,791041.679905997,,True,True,50.73171313403926,2.450732473184016
1,Céréales,BTH,94300.0,75440.0,9430.0,7.148550724637682,19556.859022308654,684490.0657808029,,True,True,51.07241191883786,2.544006726458118
25,Cultures permanentes,CAR,94300.0,47150.0,4715.0,7.148550724637682,10822.080636987186,378772.82229455153,,True,True,50.87990770594661,2.247676286351811
9,Fruits,LIF,94300.0,37720.0,7544.0,7.148550724637682,25495.409474178985,892339.3315962645,,True,True,50.863171582131194,2.0322543342869945
1,Céréales,BTH,94200.0,75360.0,9420.0,7.148550724637682,9476.785589032253,331687.4956161289,,True,True,50.88669966546537,2.2635838521711356
2,Oléagineux,MIS,94200.0,75360.0,9420.0,7.148550724637682,11771.29569867828,411995.34945373976,,True,True,50.89044175380842,2.5357291356335256
5,Sucre,CZH,94200.0,70650.0,7536.0,7.148550724637682,21480.49289453868,751817.2513088537,,True,True,50.75511362404778,2.5099440829240884
1,Céréales,BTH,94200.0,75360.0,9420.0,7.148550724637682,24183.453938637558,846420.8878523145,,True,True,50.724736524720264,2.4938044782681774
9,Fruits,LIF,94200.0,37680.0,7536.0,7.148550724637682,15574.067898223731,545092.3764378306,,True,True,50.939281954717465,2.6017576496084542
1,Céréales,BTH,94200.0,75360.0,9420.0,7.148550724637682,26040.279071587516,911409.7675055631,,True,True,50.96878936660011,2.0134143798546815
25,Cultures permanentes,PTC,94200.0,47100.0,4710.0,7.148550724637682,19038.212652852122,666337.4428498243,,True,True,50.85165144217725,2.1386607985934667
1,Céréales,BTH,94200.0,75360.0,9420.0,7.148550724637682,12921.535869153597,452253.7554203759,,True,True,50.93520440599991,2.195799257171151
2,Oléagineux,MIS,94100.0,75280.0,9410.0,7.148550724637682,15871.748458531229,555511.196048593,,True,True,50.78938046241196,2.341184693440267
25,Cultures permanentes,PTC,94100.0,47050.0,4705.0,7.148550724637682,25740.501779951057,900917.5622982869,,True,True,50.90255657616979,2.0154100644071713
25,Cultures permanentes,OIG,94100.0,47050.0,4705.0,7.148550724637682,19975.807899056832,699153.2764669891,,True,True,50.76591661547382,2.4958431621232595
9,Fruits,LIF,94100.0,37640.0,7528.0,7.148550724637682,11537.306835813584,403805.73925347545,,True,True,50.98545112696992,2.519225383489184
1,Céréales,BTH,94100.0,75280.0,9410.0,7.148550724637682,20398.319263531128,713941.1742235895,,True,True,50.976102117277726,2.0981408054191206
9,Fruits,LIF,94100.0,37640.0,7528.0,7.148550724637682,1550.1259184873898,54254.40714705864,,True,True,50.94333851280015,2.3735688702901254
25,Cultures permanentes,PTC,94100.0,47050.0,4705.0,7.148550724637682,26287.24396474833,920053.5387661916,,True,True,50.754089609651274,2.6301127165509524
2,Oléagineux,MIS,94100.0,75280.0,9410.0,7.148550724637682,16369.580826110534,572935.3289138686,,True,True,50.89025192637222,2.155195808884632
2,Oléagineux,MIS,94100.0,75280.0,9410.0,7.148550724637682,18197.018502116112,636895.647574064,,True,True,50.81059230342616,2.5573259192142603
2,Oléagineux,MIS,94100.0,75280.0,9410.0,7.148550724637682,13613.174170250903,476461.0959587816,,True,True,50.966520870342286,2.565473078264334
9,Fruits,LIF,94000.0,37600.0,7520.0,7.148550724637682,15295.311632109817,535335.9071238436,,True,True,51.00619758900319,2.5618506633254157
2,Oléagineux,MIS,94000.0,75200.0,9400.0,7.148550724637682,3619.288192271897,126675.08672951639,,True,True,50.9341762552111,2.431218509333903
25,Cultures permanentes,PTC,94000.0,47000.0,4700.0,7.148550724637682,21513.651302153925,752977.7955753874,,True,True,50.99450167747449,2.090385370468445
25,Cultures permanentes,PTC,94000.0,47000.0,4700.0,7.148550724637682,9964.958489144294,348773.5471200503,,True,True,50.92390626347496,2.2381499195298633
25,Cultures permanentes,PTC,94000.0,47000.0,4700.0,7.148550724637682,12318.054621818346,431131.9117636421,,True,True,50.84903270844909,2.499854022666905
25,Cultures permanentes,PTC,94000.0,47000.0,4700.0,7.148550724637682,9020.087998079016,315703.07993276557,,True,True,50.94209457773169,2.507284224858401
25,Cultures permanentes,PTC,94000.0,47000.0,4700.0,7.148550724637682,4222.46568854198,147786.2990989693,,True,True,50.94198361069233,2.4371782967138387
2,Oléagineux,MIS,93900.0,75120.0,9390.0,7.148550724637682,16319.491015247695,571182.1855336693,,True,True,50.959416107191046,2.151792653584928
9,Fruits,LIF,93900.0,37560.0,7512.0,7.148550724637682,20715.421456488442,725039.7509770954,,True,True,50.86071287229776,2.105822052449787
3,Protéagineux,ORH,93900.0,75120.0,9390.0,7.148550724637682,13325.487048721227,466392.04670524294,,True,True,51.0389336875479,2.459342163437318
25,Cultures permanentes,PTC,93900.0,46950.0,4695.0,7.148550724637682,19298.496711154043,675447.3848903915,,True,True,50.94949652097016,2.1063182131619334
1,Céréales,BTH,93900.0,75120.0,9390.0,7.148550724637682,16414.296558507802,574500.379547773,,True,True,50.78718297054909,2.439151541756871
1,Céréales,BTH,93900.0,75120.0,9390.0,7.148550724637682,28629.219864271363,1002022.6952494977,,True,True,50.68899643524612,2.2366304654956837
24,Surfaces non agricoles,BTN,93900.0,56340.0,0.0,7.148550724637682,19972.559270488586,699039.5744671006,,True,False,50.7972394891313,2.5716827458430536
2,Oléagineux,MIS,93900.0,75120.0,9390.0,7.148550724637682,12820.679358447063,448723.77754564723,,True,True,50.9610839053245,2.5562218659718656
2,Oléagineux,MIS,93800.00000000001,75040.00000000001,9380.000000000002,7.148550724637682,29614.963921238446,1036523.7372433456,,True,True,50.76826647398224,2.7151531941812674
1,Céréales,BTH,93800.00000000001,75040.00000000001,9380.000000000002,7.148550724637682,25353.75993136456,887381.5975977596,,True,True,50.727463245976836,2.2141940105170455
9,Fruits,LIF,93800.00000000001,37520.00000000001,7504.000000000001,7.148550724637682,28788.387342118647,1007593.5569741527,,True,True,50.907531851848624,1.9708710011851682
1,Céréales,BTH,93800.00000000001,75040.00000000001,9380.000000000002,7.148550724637682,7993.593781079324,279775.7823377763,,True,True,50.97128013543816,2.4734213843007695
25,Cultures permanentes,PTC,93800.00000000001,46900.00000000001,4690.000000000001,7.148550724637682,25939.64705229001,907887.6468301503,,True,True,50.6978522218464,2.343654617542494
25,Cultures permanentes,PTC,93800.00000000001,46900.00000000001,4690.000000000001,7.148550724637682,11790.945420397673,412683.08971391857,,True,True,50.82427705731896,2.3670444104430213
3,Protéagineux,ORH,93800.00000000001,75040.00000000001,9380.000000000002,7.148550724637682,25925.04327282715,907376.5145489504,,True,True,50.73272209678291,2.1832652223782163
25,Cultures permanentes,PTC,93800.00000000001,46900.00000000001,4690.000000000001,7.148550724637682,15494.13064952155,542294.5727332543,,True,True,51.0295862242575,2.534800999316665
25,Cultures permanentes,PTC,93800.00000000001,46900.00000000001,4690.000000000001,7.148550724637682,9423.980652893066,329839.3228512573,,True,True,50.982470819316426,2.2743411255815484
1,Céréales,BTH,93800.00000000001,75040.00000000001,9380.000000000002,7.148550724637682,24754.76127501814,866416.6446256349,,True,True,50.795338376519624,2.0991297398603517
9,Fruits,LIF,93699.99999999999,37479.99999999999,7495.999999999999,7.148550724637682,8896.903811019161,311391.63338567066,,True,True,50.958585891885264,2.4986065011648773
24,Surfaces non agricoles,BTN,93699.99999999999,56219.99999999999,0.0,7.148550724637682,28999.00392725601,1014965.1374539604,,True,False,50.67271728403845,2.447488009930373
1,Céréales,BTH,93699.99999999999,74959.99999999999,9369.999999999998,7.148550724637682,2017.0748234298394,70597.61882004437,,True,True,50.936085444410686,2.3528847630381318
1,Céréales,BTH,93699.99999999999,74959.99999999999,9369.999999999998,7.148550724637682,13341.130996670723,466939.5848834753,,True,True,50.93054175157559,2.1896382508247516
25,Cultures permanentes,OIG,93699.99999999999,46849.99999999999,4684.999999999999,7.148550724637682,12429.237489296467,435023.31212537637,,True,True,50.84821561301605,2.259211878680648
3,Protéagineux,ORH,93699.99999999999,74959.99999999999,9369.999999999998,7.148550724637682,18885.582456256725,660995.3859689854,,True,True,50.91826697667073,2.1112020833942724
25,Cultures permanentes,PTC,93699.99999999999,46849.99999999999,4684.999999999999,7.148550724637682,13161.382972828542,460648.40404899896,,True,True,50.812388149989566,2.358900677485577
25,Cultures permanentes,PTC,93600.0,46800.0,4680.0,7.148550724637682,5876.837734234345,205689.32069820206,,True,True,50.88406095950632,2.4214418586276256
25,Cultures permanentes,PTC,93600.0,46800.0,4680.0,7.148550724637682,1946.796515609242,68137.87804632347,,True,True,50.938099799439584,2.3553708278930086
24,Surfaces non agricoles,BTN,93600.0,56160.0,0.0,7.148550724637682,11265.99822826722,394309.93798935274,,True,False,50.93546196259696,2.2194715228621402
1,Céréales,BTH,93500.0,74800.0,9350.0,7.148550724637682,26909.600852791486,941836.029847702,,True,True,50.735411681789344,2.152193266566843
25,Cultures permanentes,PTC,93500.0,46750.0,4675.0,7.148550724637682,11675.74487796074,408651.0707286259,,True,True,50.84279946554497,2.472721685726843
25,Cultures permanentes,PTC,93400.0,46700.0,4670.0,7.148550724637682,3498.029104464203,122431.0186562471,,True,True,50.915450173355985,2.4242465510945155
25,Cultures permanentes,PTC,93400.0,46700.0,4670.0,7.148550724637682,19542.11894388206,683974.163035872,,True,True,50.76590335496794,2.479657308011386
1,Céréales,BTH,93400.0,74720.0,9340.0,7.148550724637682,27976.026740999456,979160.935934981,,True,True,50.74496492785666,2.110055896857182
2,Oléagineux,MIS,93300.0,74640.0,9330.0,7.148550724637682,14700.256182923424,514508.96640231984,,True,True,50.82497510549229,2.507254472563444
25,Cultures permanentes,PTC,93300.0,46650.0,4665.0,7.148550724637682,4029.983939686401,141049.43788902403,,True,True,50.93628703467851,2.323364765241718
25,Cultures permanentes,PTC,93300.0,46650.0,4665.0,7.148550724637682,12528.44926661085,438495.72433137975,,True,True,50.85313064331437,2.5105924599818934
19,Légumineuses,PTR,93300.0,74640.0,9330.0,7.148550724637682,28799.975271233743,1007999.134493181,,True,True,50.70405628208058,2.580413199140253
5,Sucre,CZH,93300.0,69975.0,7464.0,7.148550724637682,16648.92313816494,582712.309835773,,True,True,50.825610093216675,2.550111232101059
25,Cultures permanentes,PTC,93300.0,46650.0,4665.0,7.148550724637682,25762.467544206873,901686.3640472406,,True,True,50.85645303685422,2.0316871607308293
2,Oléagineux,MIS,93300.0,74640.0,9330.0,7.148550724637682,25174.44900191644,881105.7150670754,,True,True,50.85004768557709,2.0442225076304186
2,Oléagineux,MIS,93300.0,74640.0,9330.0,7.148550724637682,8561.414190769407,299649.49667692924,,True,True,50.97559289277291,2.4784888228264026
9,Fruits,LIF,93200.0,37280.0,7456.0,7.148550724637682,13373.672895019641,468078.55132568744,,True,True,51.01154142878421,2.239602557201141
3,Protéagineux,ORH,93200.0,74560.0,9320.0,7.148550724637682,28995.383469363074,1014838.4214277077,,True,True,50.72286473998019,2.129230400344307
2,Oléagineux,MIS,93200.0,74560.0,9320.0,7.148550724637682,8006.245225894797,280218.5829063179,,True,True,50.957476442015164,2.485625936516594
1,Céréales,BTH,93200.0,74560.0,9320.0,7.148550724637682,26484.451865122242,926955.8152792784,,True,True,50.692888426696626,2.4156700999696756
25,Cultures permanentes,PTC,93200.0,46600.0,4660.0,7.148550724637682,5274.891500709565,184621.20252483478,,True,True,50.90976958112444,2.4480644034595365
9,Fruits,LIF,93100.0,37240.0,7448.0,7.148550724637682,26705.788316454385,934702.5910759035,,True,True,50.69611367360465,2.4663853300676397
1,Céréales,BTH,93100.0,74480.0,9310.0,7.148550724637682,14082.765056657603,492896.7769830161,,True,True,50.99741892095363,2.5502310043330065
1,Céréales,BTH,93100.0,74480.0,9310.0,7.148550724637682,13076.750472544903,457686.2665390716,,True,True,50.95197377571245,2.5633473987791056
2,Oléagineux,MIS,93100.0,74480.0,9310.0,7.148550724637682,24546.006979018195,859110.2442656368,,True,True,50.709945290839364,2.407662202716266
2,Oléagineux,MIS,93100.0,74480.0,9310.0,7.148550724637682,2325.263018334022,81384.20564169077,,True,True,50.92458405696641,2.412044869714352
1,Céréales,BTH,93100.0,74480.0,9310.0,7.148550724637682,29900.28740757017,1046510.0592649559,,True,True,50.71108787049893,2.6271797231097125
1,Céréales,BTH,93100.0,74480.0,9310.0,7.148550724637682,27285.63104985524,954997.0867449334,,True,True,50.929907446465904,1.9906655272703648
1,Céréales,BTH,93100.0,74480.0,9310.0,7.148550724637682,13907.05629041931,486746.97016467585,,True,True,50.943342854563625,2.5773335108911537
1,Céréales,BTH,93100.0,74480.0,9310.0,7.148550724637682,10791.363787885299,377697.7325759854,,True,True,50.84632248342685,2.4579265684499543
2,Oléagineux,MIS,93000.0,74400.0,9300.0,7.148550724637682,12579.05090145099,440266.78155078465,,True,True,51.01051761781001,2.5061878036658283
9,Fruits,LIF,93000.0,37200.0,7440.0,7.148550724637682,10598.285071840404,370939.9775144142,,True,True,50.9767890614519,2.5118161596756847
9,Fruits,LIF,93000.0,37200.0,7440.0,7.148550724637682,27534.706270842857,963714.7194795,,True,True,50.75505425104267,2.1024658559506713
1,Céréales,BTH,93000.0,74400.0,9300.0,7.148550724637682,27749.446003490433,971230.6101221652,,True,True,50.924712598089336,1.984158363867363
1,Céréales,BTH,93000.0,74400.0,9300.0,7.148550724637682,21522.600819166462,753291.0286708262,,True,True,50.91966219013777,2.0733695289435627
24,Surfaces non agricoles,BTN,93000.0,55800.0,0.0,7.148550724637682,18315.348133180556,641037.1846613195,,True,False,51.06504552864804,2.529843802974464
1,Céréales,BTH,93000.0,74400.0,9300.0,7.148550724637682,14829.904127870057,519046.644475452,,True,True,50.797197300687294,2.3994437320793893
9,Fruits,LIF,93000.0,37200.0,7440.0,7.148550724637682,29187.70189595458,1021569.5663584103,,True,True,50.920153564064265,1.9638618168206279
2,Oléagineux,MIS,92899.99999999999,74319.99999999999,9289.999999999998,7.148550724637682,28751.990651116834,1006319.6727890891,,True,True,50.689856662750564,2.5317192664679955
24,Surfaces non agricoles,BTN,92899.99999999999,55739.99999999999,0.0,7.148550724637682,20504.42893302426,717655.0126558491,,True,False,50.80401279391462,2.1666482731614005
25,Cultures permanentes,PTC,92899.99999999999,46449.99999999999,4644.999999999999,7.148550724637682,1242.113100098277,43473.958503439695,,True,True,50.92059405842922,2.3895597220137024
1,Céréales,BTH,92899.99999999999,74319.99999999999,9289.999999999998,7.148550724637682,6720.058359895203,235202.0425963321,,True,True,50.98278424486383,2.3332769932601023
1,Céréales,BTH,92899.99999999999,74319.99999999999,9289.999999999998,7.148550724637682,29720.576142893562,1040220.1650012747,,True,True,50.92809853124646,1.9559405255756734
2,Oléagineux,MIS,92899.99999999999,74319.99999999999,9289.999999999998,7.148550724637682,11519.813022387425,403193.4557835599,,True,True,50.95760051109891,2.538480792855544
1,Céréales,BTH,92800.0,74240.0,9280.0,7.148550724637682,10779.483724051006,377281.9303417852,,True,True,50.95327652317803,2.2306513366787235
25,Cultures permanentes,PTC,92800.0,46400.0,4640.0,7.148550724637682,6961.107951553199,243638.77830436197,,True,True,50.868413594710084,2.3978134660069204
25,Cultures permanentes,PTC,92800.0,46400.0,4640.0,7.148550724637682,16258.60241425807,569051.0844990325,,True,True,50.980796355694295,2.597661041167547
1,Céréales,BTH,92800.0,74240.0,9280.0,7.148550724637682,22957.450325173813,803510.7613810835,,True,True,50.75728408563785,2.2008577152654953
2,Oléagineux,MIS,92700.0,74160.0,9270.0,7.148550724637682,28287.586994912857,990065.54482195,,True,True,50.72029428140071,2.6079886778605266
2,Oléagineux,MIS,92700.0,74160.0,9270.0,7.148550724637682,8205.650219878651,287197.7576957528,,True,True,50.9883634515974,2.308302888708651
1,Céréales,BTH,92700.0,74160.0,9270.0,7.148550724637682,10437.526968823327,365313.44390881644,,True,True,50.925130559176125,2.231276837447771
9,Fruits,LIF,92700.0,37080.0,7416.0,7.148550724637682,3614.62445098329,126511.85578441515,,True,True,50.926937669373274,2.431345456415329
2,Oléagineux,MIS,92600.0,74080.0,9260.0,7.148550724637682,22421.402496681672,784749.0873838585,,True,True,50.804305230556565,2.6298253305302635
1,Céréales,BTH,92600.0,74080.0,9260.0,7.148550724637682,26670.785175382727,933477.4811383955,,True,True,50.75044441611919,2.6318366767845673
24,Surfaces non agricoles,BTN,92600.0,55560.0,0.0,7.148550724637682,16123.961138861723,564338.6398601603,,True,False,50.868696011969114,2.171638702808904
18,Semences,PPH,92600.0,69450.0,7408.0,7.148550724637682,28080.342710315417,982811.9948610396,,True,True,50.721853328275465,2.153625620076194
25,Cultures permanentes,PTC,92600.0,46300.0,4630.0,7.148550724637682,21527.27907292598,753454.7675524093,,True,True,50.97600752004771,2.081482286963623
1,Céréales,BTH,92600.0,74080.0,9260.0,7.148550724637682,13148.338863898422,460191.86023644474,,True,True,50.81687796360686,2.4345625812183807
1,Céréales,BTH,92600.0,74080.0,9260.0,7.148550724637682,3763.688911634405,131729.11190720418,,True,True,50.93428925201499,2.433273006165592
9,Fruits,LIF,92500.0,37000.0,7400.0,7.148550724637682,26695.460608974423,934341.1213141048,,True,True,50.72914941024467,2.171781945393781
25,Cultures permanentes,PTC,92500.0,46250.0,4625.0,7.148550724637682,26735.8321055644,935754.1236947541,,True,True,50.73794719826916,2.609055255346971
2,Oléagineux,MIS,92500.0,74000.0,9250.0,7.148550724637682,28278.625028080998,989751.875982835,,True,True,50.67623954400359,2.3534213291803345
1,Céréales,BTH,92500.0,74000.0,9250.0,7.148550724637682,29603.10577371329,1036108.7020799652,,True,True,50.7875548558634,2.0236908562367093
2,Oléagineux,MIS,92500.0,74000.0,9250.0,7.148550724637682,17312.754906188886,605946.421716611,,True,True,50.84599615320318,2.587805602897107
1,Céréales,BTH,92400.0,73920.0,9240.0,7.148550724637682,10753.707616374888,376379.7665731211,,True,True,50.94495892530892,2.228379286981406
1,Céréales,BTH,92400.0,73920.0,9240.0,7.148550724637682,23225.155582719864,812880.4453951953,,True,True,50.750976286050005,2.550385591800165
1,Céréales,BTH,92400.0,73920.0,9240.0,7.148550724637682,10845.078137747505,379577.73482116265,,True,True,50.8687190736125,2.5003073999391003
1,Céréales,BTH,92400.0,73920.0,9240.0,7.148550724637682,25273.85585815963,884584.9550355871,,True,True,50.79858171062188,2.0861761428930614
9,Fruits,LIF,92300.0,36920.0,7384.0,7.148550724637682,27721.473477184318,970251.5717014511,,True,True,50.917854893326485,1.9849673400659609
9,Fruits,LIF,92300.0,36920.0,7384.0,7.148550724637682,12593.35747441067,440767.51160437346,,True,True,50.98291912172676,2.5389606344588844
2,Oléagineux,MIS,92300.0,73840.0,9230.0,7.148550724637682,14449.714031181204,505739.9910913421,,True,True,50.8093539856625,2.3034899123436823
1,Céréales,BTH,92300.0,73840.0,9230.0,7.148550724637682,26170.314191787773,915960.996712572,,True,True,50.946082664543816,2.007387880696077
2,Oléagineux,MIS,92200.0,73760.0,9220.0,7.148550724637682,10740.42478191585,375914.86736705474,,True,True,50.936273999890886,2.5329401629721793
3,Protéagineux,ORH,92200.0,73760.0,9220.0,7.148550724637682,22430.87198299781,785080.5194049234,,True,True,50.959984844016034,2.06339057931827
1,Céréales,BTH,92200.0,73760.0,9220.0,7.148550724637682,5679.186755151642,198771.53643030746,,True,True,50.915314822188385,2.3023987215332182
25,Cultures permanentes,PTC,92200.0,46100.0,4610.0,7.148550724637682,24501.097184423088,857538.4014548081,,True,True,50.771954805210136,2.6231900454518158
25,Cultures permanentes,PTC,92100.00000000001,46050.00000000001,4605.000000000001,7.148550724637682,11518.494617582915,403147.31161540205,,True,True,50.836980339408306,2.452252102578058
24,Surfaces non agricoles,BTN,92100.00000000001,55260.00000000001,0.0,7.148550724637682,18006.549902386676,630229.2465835337,,True,False,50.834714986464185,2.587534124473094
9,Fruits,LIF,92100.00000000001,36840.00000000001,7368.000000000001,7.148550724637682,4085.490883685167,142992.18092898084,,True,True,50.94538893789581,2.3270556963456195
1,Céréales,BTH,92100.00000000001,73680.00000000001,9210.000000000002,7.148550724637682,3540.0151940842293,123900.53179294802,,True,True,50.919095023775505,2.332549343368066
1,Céréales,BTH,92100.00000000001,73680.00000000001,9210.000000000002,7.148550724637682,21578.242247438415,755238.4786603445,,True,True,50.73606833674504,2.391076251017072
25,Cultures permanentes,PTC,92100.00000000001,46050.00000000001,4605.000000000001,7.148550724637682,5654.828673697179,197919.00357940124,,True,True,50.94254982014787,2.3017970433359976
24,Surfaces non agricoles,BTN,92000.0,55200.0,0.0,7.148550724637682,16219.393250838215,567678.7637793375,,True,False,50.93215794494608,2.1485878588768528
1,Céréales,BTH,92000.0,73600.0,9200.0,7.148550724637682,22112.922678486866,773952.2937470403,,True,True,50.91132248691472,2.0659316482289225
1,Céréales,BTH,92000.0,73600.0,9200.0,7.148550724637682,17880.23505030817,625808.2267607859,,True,True,50.78474523153966,2.489271622195107
1,Céréales,BTH,91900.0,73520.0,9190.0,7.148550724637682,10669.966399929517,373448.8239975331,,True,True,50.94317011229732,2.2291713250562206
1,Céréales,BTH,91900.0,73520.0,9190.0,7.148550724637682,8553.559657473306,299374.58801156573,,True,True,50.90447331689659,2.2648981178197802
2,Oléagineux,MIS,91900.0,73520.0,9190.0,7.148550724637682,27064.5611693715,947259.6409280025,,True,True,50.75303872135382,2.11535575747742
3,Protéagineux,ORP,91900.0,73520.0,9190.0,7.148550724637682,18517.78951162839,648122.6329069936,,True,True,51.06751043954352,2.5292674203578582
1,Céréales,BTH,91900.0,73520.0,9190.0,7.148550724637682,23623.399454110862,826818.9808938801,,True,True,50.718146280434674,2.405186854857882
25,Cultures permanentes,CHU,91900.0,45950.0,4595.0,7.148550724637682,9052.936873327035,316852.7905664462,,True,True,50.8550957408018,2.3294237578099284
9,Fruits,CHV,91900.0,36760.0,7352.0,7.148550724637682,12815.815304725516,448553.53566539305,,True,True,50.81474486397312,2.3796120688373645
1,Céréales,BTH,91800.0,73440.0,9180.0,7.148550724637682,5002.836540371153,175099.27891299035,,True,True,50.94068750124301,2.4493494018478095
1,Céréales,BTH,91800.0,73440.0,9180.0,7.148550724637682,28250.08846723047,988753.0963530665,,True,True,50.82543772736015,2.0130380389800293
25,Cultures permanentes,PTC,91800.0,45900.0,4590.0,7.148550724637682,7701.1033365632275,269538.61677971296,,True,True,50.92278069299638,2.27072124146145
25,Cultures permanentes,PTC,91800.0,45900.0,4590.0,7.148550724637682,8831.462864855517,309101.2002699431,,True,True,50.9523992947805,2.2590713767886315
9,Fruits,LIF,91800.0,36720.0,7344.0,7.148550724637682,25486.98078114002,892044.3273399008,,True,True,50.736268563782154,2.5739522464609577
16,Gel,MLC,91800.0,82620.0,0.0,7.148550724637682,27291.662292689598,955208.1802441359,,True,False,50.76206459576499,2.6634833196390773
5,Sucre,CZH,91800.0,68850.0,7344.0,7.148550724637682,23484.595674272023,821960.8485995207,,True,True,50.78910100248652,2.1307481668225323
3,Protéagineux,ORP,91800.0,73440.0,9180.0,7.148550724637682,26043.71267058364,911529.9434704274,,True,True,50.973125061973114,2.0145699640684476
25,Cultures permanentes,PTC,91800.0,45900.0,4590.0,7.148550724637682,28354.598738001707,992410.9558300597,,True,True,50.68273336604866,2.281383923168086
1,Céréales,BTH,91800.0,73440.0,9180.0,7.148550724637682,7952.436947206787,278335.29315223754,,True,True,50.9643377719597,2.2804256728740753
1,Céréales,BTH,91800.0,73440.0,9180.0,7.148550724637682,15617.283250501494,546604.9137675522,,True,True,50.916567596594746,2.1582128188482215
18,Semences,PPH,91700.0,68775.0,7336.0,7.148550724637682,11588.432882881745,405595.1509008611,,True,True,50.844519121123355,2.285496056339517
24,Surfaces non agricoles,BTN,91700.0,55020.0,0.0,7.148550724637682,29412.409678435317,1029434.338745236,,True,False,50.803620770062274,2.0118184334998443
2,Oléagineux,MIS,91700.0,73360.0,9170.0,7.148550724637682,23768.56966253864,831899.9381888524,,True,True,50.78892070120704,2.63440602734823
1,Céréales,BTH,91700.0,73360.0,9170.0,7.148550724637682,27772.631626620067,972042.1069317024,,True,True,50.96504927896958,1.9874894725673042
25,Cultures permanentes,PTC,91600.0,45800.0,4580.0,7.148550724637682,19064.361554958097,667252.6544235334,,True,True,50.761330868005125,2.4287066241903608
1,Céréales,BTH,91600.0,73280.0,9160.0,7.148550724637682,3894.344313762728,136302.05098169547,,True,True,50.96333220484075,2.3629384441231243
1,Céréales,BTH,91600.0,73280.0,9160.0,7.148550724637682,23550.71789613053,824275.1263645685,,True,True,50.76348670288772,2.1727035014020206
5,Sucre,CZH,91600.0,68700.0,7328.0,7.148550724637682,8313.584090519887,290975.44316819607,,True,True,50.88724258609619,2.2827323200011054
9,Fruits,LIF,91600.0,36640.0,7328.0,7.148550724637682,6287.888007751767,220076.08027131183,,True,True,50.89492844000131,2.3096458701900944
9,Fruits,LIF,91500.0,36600.0,7320.0,7.148550724637682,6563.17053095786,229710.9685835251,,True,True,50.96030565296412,2.460388330200168
25,Cultures permanentes,PTC,91500.0,45750.0,4575.0,7.148550724637682,11525.176178358086,403381.166242533,,True,True,50.981643736888834,2.5226628914979985
1,Céréales,BTH,91500.0,73200.0,9150.0,7.148550724637682,15127.250075534257,529453.752643699,,True,True,50.884832711940426,2.176494001644207
1,Céréales,BTH,91400.0,73120.0,9140.0,7.148550724637682,12126.148644913714,424415.20257197996,,True,True,51.02893798256222,2.4528523659587167
1,Céréales,BTH,91400.0,73120.0,9140.0,7.148550724637682,8196.65986632965,286883.09532153775,,True,True,50.87202771953618,2.4521946308511566
25,Cultures permanentes,PTC,91400.0,45700.0,4570.0,7.148550724637682,9581.114455307303,335339.0059357556,,True,True,50.851003357378104,2.325452996585636
1,Céréales,BTH,91400.0,73120.0,9140.0,7.148550724637682,5963.5796768954315,208725.2886913401,,True,True,50.89514405752933,2.315352451613573
25,Cultures permanentes,OIG,91300.00000000001,45650.00000000001,4565.000000000001,7.148550724637682,24779.28506624357,867274.977318525,,True,True,50.75461642312273,2.5977190090670064
1,Céréales,BTH,91300.00000000001,73040.00000000001,9130.000000000002,7.148550724637682,17500.03797744274,612501.3292104958,,True,True,50.781612218155736,2.463071539484725
25,Cultures permanentes,PTC,91300.00000000001,45650.00000000001,4565.000000000001,7.148550724637682,9823.33471341655,343816.71496957925,,True,True,50.84252764390983,2.360384121767945
25,Cultures permanentes,PTC,91300.00000000001,45650.00000000001,4565.000000000001,7.148550724637682,17197.184210190702,601901.4473566746,,True,True,50.795411776048745,2.5007123904613495
19,Légumineuses,PTR,91300.00000000001,73040.00000000001,9130.000000000002,7.148550724637682,17771.804186577476,622013.1465302117,,True,True,50.775902530908894,2.312829732084621
1,Céréales,BTH,91199.99999999999,72959.99999999999,9119.999999999998,7.148550724637682,24434.121713723005,855194.2599803052,,True,True,50.91720023129774,2.0319928401151945
25,Cultures permanentes,NVT,91199.99999999999,45599.99999999999,4559.999999999999,7.148550724637682,15276.627313440968,534681.9559704339,,True,True,50.79987628322579,2.449835174651384
2,Oléagineux,MIS,91199.99999999999,72959.99999999999,9119.999999999998,7.148550724637682,17738.563446229127,620849.7206180195,,True,True,50.78976575353372,2.5004764688535017
5,Sucre,CZH,91199.99999999999,68399.99999999999,7295.999999999999,7.148550724637682,4970.288848151401,173960.10968529904,,True,True,50.97454347161633,2.385911622467817
1,Céréales,BTH,91199.99999999999,72959.99999999999,9119.999999999998,7.148550724637682,10351.68077009644,362308.8269533754,,True,True,50.97550480221794,2.2510783394157916
1,Céréales,BTH,91199.99999999999,72959.99999999999,9119.999999999998,7.148550724637682,10456.882732463459,365990.89563622104,,True,True,51.007874779371896,2.4637143702239093
24,Surfaces non agricoles,BTN,91199.99999999999,54719.99999999999,0.0,7.148550724637682,22197.853583139782,776924.8754098924,,True,False,50.96184884253639,2.067211825033138
24,Surfaces non agricoles,BTN,91199.99999999999,54719.99999999999,0.0,7.148550724637682,6271.566788280236,219504.83758980827,,True,False,50.91649387276449,2.466871781547411
1,Céréales,BTH,91100.0,72880.0,9110.0,7.148550724637682,25961.693042767172,908659.256496851,,True,True,50.728612401664684,2.1929706139772236
1,Céréales,BTH,91100.0,72880.0,9110.0,7.148550724637682,12776.243260354126,447168.5141123944,,True,True,50.83648350954667,2.274187253448902
24,Surfaces non agricoles,BTN,91100.0,54660.0,0.0,7.148550724637682,22815.62568323007,798546.8989130525,,True,False,50.72501531212557,2.3656194141332803
1,Céréales,BTH,91100.0,72880.0,9110.0,7.148550724637682,29170.41956393208,1020964.6847376227,,True,True,50.695408116681186,2.1941708420469355
2,Oléagineux,MIS,91100.0,72880.0,9110.0,7.148550724637682,29178.76384760766,1021256.7346662681,,True,True,50.820974275550654,2.001731441656662
1,Céréales,BTH,91100.0,72880.0,9110.0,7.148550724637682,14913.41738550452,521969.6084926582,,True,True,50.93510555389464,2.167345254962416
2,Oléagineux,MIS,91100.0,72880.0,9110.0,7.148550724637682,10282.247286324127,359878.6550213444,,True,True,50.95663509159812,2.5205380578473195
25,Cultures permanentes,PTC,91000.0,45500.0,4550.0,7.148550724637682,16198.458552613447,566946.0493414707,,True,True,50.78528999993506,2.4065356472537793
3,Protéagineux,ORP,91000.0,72800.0,9100.0,7.148550724637682,22204.325175906128,777151.3811567145,,True,True,50.979257234445924,2.0727972089567137
3,Protéagineux,ORH,91000.0,72800.0,9100.0,7.148550724637682,14525.509218158697,508392.8226355544,,True,True,50.943235973524395,2.58622498532094
3,Protéagineux,ORP,91000.0,72800.0,9100.0,7.148550724637682,26340.779786933665,921927.2925426783,,True,True,50.77140913288342,2.1012780819738532
18,Semences,PPH,91000.0,68250.0,7280.0,7.148550724637682,17984.872314180935,629470.5309963328,,True,True,50.79853289176205,2.230723949772815
25,Cultures permanentes,PTC,91000.0,45500.0,4550.0,7.148550724637682,11771.841447866043,412014.4506753115,,True,True,50.839989569085674,2.4683378359774233
1,Céréales,BTH,91000.0,72800.0,9100.0,7.148550724637682,16833.31333960656,589165.9668862296,,True,True,50.81403109645694,2.534198936350789
1,Céréales,BTH,91000.0,72800.0,9100.0,7.148550724637682,13199.775187838437,461992.1315743453,,True,True,50.91123203689261,2.1940607550988216
1,Céréales,BTH,91000.0,72800.0,9100.0,7.148550724637682,16828.148409939786,588985.1943478925,,True,True,50.97966083522491,2.606943757644464
25,Cultures permanentes,PTC,90900.0,45450.0,4545.0,7.148550724637682,17328.293450585374,606490.2707704881,,True,True,51.0435245048248,2.5495927982915183
9,Fruits,LIF,90900.0,36360.0,7272.0,7.148550724637682,14560.786654665697,509627.5329132994,,True,True,51.000271626621775,2.5554481073850575
2,Oléagineux,MIS,90900.0,72720.0,9090.0,7.148550724637682,27942.320623071897,977981.2218075164,,True,True,50.795949852920046,2.716753883216937
25,Cultures permanentes,PTC,90900.0,45450.0,4545.0,7.148550724637682,24343.057225169327,852007.0028809265,,True,True,50.740788125359465,2.554361107911281
1,Céréales,BTH,90900.0,72720.0,9090.0,7.148550724637682,22168.544081313354,775899.0428459673,,True,True,50.92934479822761,2.0636841777348858
24,Surfaces non agricoles,BTN,90900.0,54540.0,0.0,7.148550724637682,9098.957790792085,318463.52267772297,,True,False,50.880506539891414,2.4833359915111455
1,Céréales,BTH,90900.0,72720.0,9090.0,7.148550724637682,3143.7325866498936,110030.64053274627,,True,True,50.90642856321731,2.4047627600597625
1,Céréales,BTH,90800.0,72640.0,9080.0,7.148550724637682,2127.2884988422875,74455.09745948006,,True,True,50.94899682330146,2.3835916169410876
24,Surfaces non agricoles,BTN,90800.0,54480.0,0.0,7.148550724637682,12494.612678179366,437311.4437362778,,True,False,51.032301419137895,2.453832919901363
9,Fruits,CHV,90800.0,36320.0,7264.0,7.148550724637682,19933.44327420705,697670.5145972468,,True,True,50.7507714363855,2.3742171284630373
24,Surfaces non agricoles,BTN,90700.0,54420.0,0.0,7.148550724637682,16759.44510308435,586580.5786079522,,True,False,50.97213844200973,2.609705965910105
9,Fruits,LIF,90700.0,36280.0,7256.0,7.148550724637682,15981.517058406416,559353.0970442246,,True,True,51.010156129905845,2.56944389207957
1,Céréales,BTH,90700.0,72560.0,9070.0,7.148550724637682,27322.676331440536,956293.6716004187,,True,True,50.741572629322825,2.130276507460873
25,Cultures permanentes,PTC,90700.0,45350.0,4535.0,7.148550724637682,12613.35552982848,441467.4435439968,,True,True,50.91206305913208,2.5576794952315978
3,Protéagineux,ORH,90700.0,72560.0,9070.0,7.148550724637682,23098.907206620417,808461.7522317145,,True,True,50.93802299777344,2.0506225021219295
2,Oléagineux,MIS,90700.0,72560.0,9070.0,7.148550724637682,14986.987929751891,524544.5775413162,,True,True,50.988725113572876,2.5726029605159337
25,Cultures permanentes,NVT,90700.0,45350.0,4535.0,7.148550724637682,25716.20140873146,900067.049305601,,True,True,50.91542241043792,2.0138461736281292
1,Céréales,BTH,90700.0,72560.0,9070.0,7.148550724637682,14628.125827885084,511984.4039759779,,True,True,50.802548750869505,2.4316495131032823
5,Sucre,CZH,90700.0,68025.0,7256.0,7.148550724637682,11920.580301427297,417220.3105499554,,True,True,51.01300930657453,2.4877323039416774
1,Céréales,BTH,90600.0,72480.0,9060.0,7.148550724637682,14073.888365796398,492586.0928028739,,True,True,51.039404390536895,2.4810976277254015
25,Cultures permanentes,PTC,90600.0,45300.0,4530.0,7.148550724637682,6928.631110584179,242502.08887044626,,True,True,50.86798866033769,2.3896724996765757
2,Oléagineux,MIS,90600.0,72480.0,9060.0,7.148550724637682,26008.710070844656,910304.852479563,,True,True,50.7101986154701,2.253393672658457
24,Surfaces non agricoles,BTN,90600.0,54360.0,0.0,7.148550724637682,21885.6986484742,765999.4526965971,,True,False,50.73371684827662,2.356939055447031
9,Fruits,LIF,90600.0,36240.0,7248.0,7.148550724637682,8207.481420037004,287261.84970129514,,True,True,50.8586341414167,2.409874503767232
1,Céréales,BTH,90600.0,72480.0,9060.0,7.148550724637682,16836.812106884707,589288.4237409647,,True,True,50.96597138890251,2.6134545371097135
2,Oléagineux,MIS,90600.0,72480.0,9060.0,7.148550724637682,6564.654096261598,229762.89336915594,,True,True,50.9078007834688,2.2932249598976715
24,Surfaces non agricoles,BTN,90600.0,54360.0,0.0,7.148550724637682,10126.395021670678,354423.8257584737,,True,False,50.89833701800425,2.244568580728982
25,Cultures permanentes,PTC,90600.0,45300.0,4530.0,7.148550724637682,8026.392090268582,280923.7231594004,,True,True,50.90027852477478,2.4843350243429696
25,Cultures permanentes,PTC,90600.0,45300.0,4530.0,7.148550724637682,21428.496101100052,749997.3635385018,,True,True,50.762357506336734,2.530529884490265
25,Cultures permanentes,CAR,90500.0,45250.0,4525.0,7.148550724637682,14829.99662064738,519049.8817226583,,True,True,50.800624033017414,2.4313227296659243
24,Surfaces non agricoles,BTN,90500.0,54300.0,0.0,7.148550724637682,24807.620131370964,868266.7045979837,,True,False,50.75063995114058,2.169892755626344
18,Semences,PPH,90500.0,67875.0,7240.0,7.148550724637682,14616.759134071612,511586.5696925064,,True,True,50.902123098389296,2.5837594061519926
2,Oléagineux,MIS,90500.0,72400.0,9050.0,7.148550724637682,24788.779644003094,867607.2875401083,,True,True,50.793715111103445,2.6595059023827283
24,Surfaces non agricoles,BTN,90500.0,54300.0,0.0,7.148550724637682,27633.77773655043,967182.220779265,,True,False,50.694359559630946,2.2550423349813262
25,Cultures permanentes,PTC,90399.99999999999,45199.99999999999,4519.999999999999,7.148550724637682,22932.96521598272,802653.7825593952,,True,True,50.80894814629051,2.6445883373241585
1,Céréales,BTH,90399.99999999999,72319.99999999999,9039.999999999998,7.148550724637682,8006.994694969149,280244.81432392023,,True,True,51.001407990220784,2.36526278214032
25,Cultures permanentes,NVT,90399.99999999999,45199.99999999999,4519.999999999999,7.148550724637682,27559.94895497611,964598.2134241639,,True,True,50.82972603412413,2.0207580150538424
1,Céréales,BTH,90399.99999999999,72319.99999999999,9039.999999999998,7.148550724637682,12996.356960839674,454872.49362938857,,True,True,50.83807294266753,2.265588558472269
1,Céréales,BTH,90399.99999999999,72319.99999999999,9039.999999999998,7.148550724637682,25267.367182158854,884357.8513755599,,True,True,50.70874735734806,2.4619882978938685
25,Cultures permanentes,OIG,90399.99999999999,45199.99999999999,4519.999999999999,7.148550724637682,17614.989908767187,616524.6468068516,,True,True,50.781440601423235,2.467133232189417
1,Céréales,BTH,90399.99999999999,72319.99999999999,9039.999999999998,7.148550724637682,3270.6158010574068,114471.55303700923,,True,True,50.90716567987631,2.3505908962407087
24,Surfaces non agricoles,BTN,90399.99999999999,54239.99999999999,0.0,7.148550724637682,19957.517995386203,698513.129838517,,True,False,50.76491700207932,2.4915606770987213
1,Céréales,BTH,90300.0,72240.0,9030.0,7.148550724637682,26152.988280399146,915354.5898139701,,True,True,50.696336708582045,2.3375252155243986
25,Cultures permanentes,CHU,90300.0,45150.0,4515.0,7.148550724637682,14043.565026740425,491524.7759359149,,True,True,50.81827091562442,2.4733170843019248
25,Cultures permanentes,PTC,90300.0,45150.0,4515.0,7.148550724637682,4600.677997569723,161023.72991494028,,True,True,50.92122177916664,2.4441458243696843
1,Céréales,BTH,90300.0,72240.0,9030.0,7.148550724637682,15096.765233458153,528386.7831710353,,True,True,50.79473480529263,2.3985037056512124
9,Fruits,LIF,90200.0,36080.0,7216.0,7.148550724637682,10701.149364148663,374540.2277452032,,True,True,50.91569797700886,2.2290256938956206
9,Fruits,LIF,90200.0,36080.0,7216.0,7.148550724637682,3628.4686855649984,126996.40399477494,,True,True,50.96015157702856,2.399804522430278
24,Surfaces non agricoles,BTN,90200.0,54120.0,0.0,7.148550724637682,4591.985963962417,160719.5087386846,,True,False,50.93990951704216,2.4436147510816717
1,Céréales,BTH,90200.0,72160.0,9020.0,7.148550724637682,24578.126595064357,860234.4308272526,,True,True,50.749060181174286,2.1789586318951937
25,Cultures permanentes,PTC,90200.0,45100.0,4510.0,7.148550724637682,7024.09029226635,245843.16022932224,,True,True,50.866884327879404,2.3841208734298904
25,Cultures permanentes,PTC,90200.0,45100.0,4510.0,7.148550724637682,17060.635466921318,597122.2413422461,,True,True,50.84504682070827,2.5825290664501495
1,Céréales,BTH,90200.0,72160.0,9020.0,7.148550724637682,13839.647301099661,484387.6555384882,,True,True,50.91602623669303,2.576197821683972
1,Céréales,BTH,90200.0,72160.0,9020.0,7.148550724637682,27683.090688880544,968908.174110819,,True,True,50.68248827307265,2.3375676046151845
1,Céréales,BTH,90200.0,72160.0,9020.0,7.148550724637682,9427.337757927078,329956.8215274477,,True,True,50.849009080843885,2.419741062560126
1,Céréales,BTH,90200.0,72160.0,9020.0,7.148550724637682,29084.6653580338,1017963.287531183,,True,True,50.76644569898294,2.703298574096542
1,Céréales,BTH,90200.0,72160.0,9020.0,7.148550724637682,19709.29498256368,689825.3243897287,,True,True,50.842865651399585,2.135327271997925
25,Cultures permanentes,PTC,90100.0,45050.0,4505.0,7.148550724637682,10068.518464088154,352398.1462430854,,True,True,50.83973531333862,2.391352162719878
1,Céréales,BTH,90100.0,72080.0,9010.0,7.148550724637682,10397.17542323506,363901.13981322706,,True,True,50.9824854886632,2.5028485720896696
1,Céréales,BTH,90100.0,72080.0,9010.0,7.148550724637682,25498.055562608697,892431.9446913044,,True,True,50.70801194481517,2.289014626263676
9,Fruits,LIF,90000.0,36000.0,7200.0,7.148550724637682,16700.081243816105,584502.8435335637,,True,True,50.886159814931666,2.1521944220038973
25,Cultures permanentes,PTC,90000.0,45000.0,4500.0,7.148550724637682,29611.373683627357,1036398.0789269574,,True,True,50.75651562934954,2.6999639374584983
25,Cultures permanentes,PTC,90000.0,45000.0,4500.0,7.148550724637682,13737.23585317646,480803.25486117613,,True,True,50.88504378247577,2.1975123284465266
25,Cultures permanentes,PTC,90000.0,45000.0,4500.0,7.148550724637682,13926.459567484004,487426.0848619401,,True,True,50.81262642523849,2.3107567607888715
25,Cultures permanentes,PTC,90000.0,45000.0,4500.0,7.148550724637682,26837.505070777017,939312.6774771956,,True,True,50.69598154040949,2.4734679759140925
25,Cultures permanentes,PTC,90000.0,45000.0,4500.0,7.148550724637682,13968.476531728316,488896.6786104911,,True,True,50.80865500304704,2.431495963905867
24,Surfaces non agricoles,BTN,90000.0,54000.0,0.0,7.148550724637682,19599.8977674427,685996.4218604945,,True,False,50.862150640642156,2.1220690569358442
9,Fruits,LIF,90000.0,36000.0,7200.0,7.148550724637682,15592.80826508072,545748.2892778252,,True,True,51.03163469143498,2.5334614468107137
1,Céréales,BTH,90000.0,72000.0,9000.0,7.148550724637682,833.0474136250568,29156.65947687699,,True,True,50.924653365121436,2.3716740782268597
24,Surfaces non agricoles,BTN,90000.0,54000.0,0.0,7.148550724637682,21840.87991833562,764430.7971417467,,True,False,50.956037519851144,2.07101943248074
3,Protéagineux,ORH,90000.0,72000.0,9000.0,7.148550724637682,20166.720781683398,705835.2273589189,,True,True,50.749088293788475,2.359736883134181
1,Céréales,BTH,90000.0,72000.0,9000.0,7.148550724637682,21671.41345782453,758499.4710238585,,True,True,50.8482833251857,2.0995135903083813
18,Semences,PPH,90000.0,67500.0,7200.0,7.148550724637682,29917.760330397687,1047121.611563919,,True,True,50.96137808087613,1.9558774073221257
1,Céréales,BTH,90000.0,72000.0,9000.0,7.148550724637682,28852.42636748543,1009834.92286199,,True,True,50.78514422530448,2.0389647705745224
1,Céréales,BTH,89900.0,71920.0,8990.0,7.148550724637682,10430.439898479295,365065.39644677535,,True,True,50.92345274792075,2.528456933066916
24,Surfaces non agricoles,BTN,89900.0,53940.0,0.0,7.148550724637682,5105.405046341456,178689.17662195096,,True,False,50.96190349895163,2.327593099436373
1,Céréales,BTH,89900.0,71920.0,8990.0,7.148550724637682,15125.49527478501,529392.3346174753,,True,True,50.92900360785938,2.164184679271141
5,Sucre,CZH,89900.0,67425.0,7192.0,7.148550724637682,9716.057195798236,340062.00185293827,,True,True,50.94473318263625,2.24332638009635
1,Céréales,BTH,89800.0,71840.0,8980.0,7.148550724637682,1568.62063482296,54901.7222188036,,True,True,50.943858403850356,2.384183570976524
1,Céréales,BTH,89800.0,71840.0,8980.0,7.148550724637682,25248.900825015302,883711.5288755356,,True,True,50.910871189553745,2.0210814497395266
1,Céréales,BTH,89700.0,71760.0,8970.0,7.148550724637682,2458.352169330895,86042.32592658132,,True,True,50.92664103988387,2.3453306196063806
5,Sucre,CZH,89700.0,67275.0,7176.0,7.148550724637682,24089.254408839126,843123.9043093694,,True,True,50.949245306167754,2.0375619858582636
9,Fruits,LIF,89700.0,35880.0,7176.0,7.148550724637682,7358.005950689281,257530.20827412483,,True,True,50.92826442967923,2.484952177842108
9,Fruits,LIF,89700.0,35880.0,7176.0,7.148550724637682,7573.349242651474,265067.2234928016,,True,True,50.883943340183144,2.3004296469004593
25,Cultures permanentes,OIG,89700.0,44850.0,4485.0,7.148550724637682,25130.56550303088,879569.7926060809,,True,True,50.70906142489985,2.3046807632184145
1,Céréales,BTH,89600.00000000001,71680.00000000001,8960.000000000002,7.148550724637682,22927.25072263766,802453.7752923181,,True,True,50.96035685692799,2.056313727741923
2,Oléagineux,MIS,89600.00000000001,71680.00000000001,8960.000000000002,7.148550724637682,21010.160012230277,735355.6004280597,,True,True,50.7486366742471,2.463928215348601
25,Cultures permanentes,PTC,89600.00000000001,44800.00000000001,4480.000000000001,7.148550724637682,25038.687188012424,876354.0515804348,,True,True,50.74206199528937,2.576400209641778
1,Céréales,BTH,89600.00000000001,71680.00000000001,8960.000000000002,7.148550724637682,7539.713590618851,263889.9756716598,,True,True,50.89529313874816,2.4723871928517753
24,Surfaces non agricoles,BTN,89600.00000000001,53760.00000000001,0.0,7.148550724637682,15891.696808843859,556209.3883095351,,True,False,50.99221445973443,2.5842801318090673
1,Céréales,BTH,89500.0,71600.0,8950.0,7.148550724637682,28668.791811113624,1003407.7133889769,,True,True,50.94169095117801,1.9712983338891097
18,Semences,PPH,89500.0,67125.0,7160.0,7.148550724637682,11552.533489896327,404338.67214637145,,True,True,50.838009269564445,2.456539690267973
2,Oléagineux,MIS,89400.0,71520.0,8940.0,7.148550724637682,23146.273067508573,810119.5573628001,,True,True,50.81231437192408,2.652077495175795
1,Céréales,BTH,89400.0,71520.0,8940.0,7.148550724637682,22865.388563994406,800288.5997398042,,True,True,50.726204003314706,2.4234224879044564
1,Céréales,BTH,89400.0,71520.0,8940.0,7.148550724637682,8567.898279799634,299876.4397929872,,True,True,50.898371234512126,2.4914418019252382
1,Céréales,BTH,89300.0,71440.0,8930.0,7.148550724637682,29108.389993099543,1018793.649758484,,True,True,50.75440405470648,2.072537927725238
1,Céréales,BTH,89300.0,71440.0,8930.0,7.148550724637682,12249.85072419069,428744.77534667414,,True,True,50.83079258197994,2.3040828275974583
2,Oléagineux,MIS,89300.0,71440.0,8930.0,7.148550724637682,5096.275677720863,178369.6487202302,,True,True,50.93865044108195,2.308582380443441
1,Céréales,BTH,89200.0,71360.0,8920.0,7.148550724637682,12163.18765758129,425711.56801534514,,True,True,50.838311232088174,2.2854459431663003
1,Céréales,BTH,89200.0,71360.0,8920.0,7.148550724637682,18147.51437055171,635163.0029693099,,True,True,50.92557583105283,2.12116326958027
1,Céréales,BTH,89200.0,71360.0,8920.0,7.148550724637682,15631.682890276343,547108.901159672,,True,True,50.946105639598414,2.158384109888419
1,Céréales,BTH,89200.0,71360.0,8920.0,7.148550724637682,16110.73546913272,563875.7414196453,,True,True,51.01450539851247,2.5669012631195827
1,Céréales,BTH,89200.0,71360.0,8920.0,7.148550724637682,23263.387357911924,814218.5575269173,,True,True,50.72284902081787,2.426382893910505
1,Céréales,BTH,89200.0,71360.0,8920.0,7.148550724637682,15889.354171750607,556127.3960112713,,True,True,50.97230342176205,2.163341532499458
1,Céréales,BTH,89200.0,71360.0,8920.0,7.148550724637682,10961.277555625758,383644.7144469015,,True,True,50.97496734356941,2.2407487034835367
25,Cultures permanentes,PTC,89200.0,44600.0,4460.0,7.148550724637682,12589.781193738621,440642.34178085177,,True,True,50.89603707973992,2.5513066443659316
1,Céréales,BTH,89100.0,71280.0,8910.0,7.148550724637682,18005.35552910655,630187.4435187292,,True,True,50.88958388211101,2.131323626899062
25,Cultures permanentes,PTC,89100.0,44550.0,4455.0,7.148550724637682,4929.983676139242,172549.42866487347,,True,True,50.9048039758515,2.4378662388135743
1,Céréales,BTH,89100.0,71280.0,8910.0,7.148550724637682,26734.040613680172,935691.4214788061,,True,True,50.72552828728301,2.580226371390188
5,Sucre,CZH,89100.0,66825.0,7128.0,7.148550724637682,21564.36750866185,754752.8628031648,,True,True,50.73628054295077,2.3655936995445224
9,Fruits,LIF,89100.0,35640.0,7128.0,7.148550724637682,28026.899030794266,980941.4660777993,,True,True,50.85332057931549,1.9993567878782994
1,Céréales,BTH,89100.0,71280.0,8910.0,7.148550724637682,7205.0424857338585,252176.48700068504,,True,True,50.87753568209696,2.4403011461860267
28,Surfaces non exploitées,SNE,89000.0,80100.0,0.0,7.148550724637682,15723.43737527385,550320.3081345848,,True,False,50.85104105423534,2.565962443422704
25,Cultures permanentes,PTC,89000.0,44500.0,4450.0,7.148550724637682,17706.128706768613,619714.5047369015,,True,True,50.84588050683383,2.1656781842401838
3,Protéagineux,ORP,89000.0,71200.0,8900.0,7.148550724637682,14073.903432222167,492586.6201277758,,True,True,50.99042733983808,2.5565685166932
1,Céréales,BTH,89000.0,71200.0,8900.0,7.148550724637682,29206.154700132684,1022215.4145046439,,True,True,50.93316028807844,1.9632773651349062
1,Céréales,BTH,89000.0,71200.0,8900.0,7.148550724637682,20866.690790278386,730334.1776597435,,True,True,50.742942851607694,2.3562274602067435
5,Sucre,CZH,89000.0,66750.0,7120.0,7.148550724637682,20518.456538046194,718145.9788316168,,True,True,50.99133077262163,2.1036871497907157
25,Cultures permanentes,PTC,89000.0,44500.0,4450.0,7.148550724637682,24678.117122281386,863734.0992798485,,True,True,50.70932075224311,2.417326954031513
1,Céréales,BTH,88900.0,71120.0,8890.0,7.148550724637682,16364.14057946017,572744.920281106,,True,True,51.042042536527724,2.531573378195906
1,Céréales,BTH,88900.0,71120.0,8890.0,7.148550724637682,4964.592976784195,173760.75418744684,,True,True,50.88613682334768,2.366785264274392
1,Céréales,BTH,88900.0,71120.0,8890.0,7.148550724637682,5493.135805763562,192259.75320172467,,True,True,50.93596892955408,2.3021885430820266
25,Cultures permanentes,PTC,88900.0,44450.0,4445.0,7.148550724637682,18615.580022489063,651545.3007871172,,True,True,50.82595314467688,2.5878616463306203
5,Sucre,CZH,88900.0,66675.0,7112.0,7.148550724637682,14193.602434897606,496776.0852214162,,True,True,50.95328718548558,2.180822589007809
9,Fruits,LIF,88900.0,35560.0,7112.0,7.148550724637682,13948.001724304373,488180.0603506531,,True,True,50.92976289442893,2.1809789298329956
25,Cultures permanentes,PTC,88900.0,44450.0,4445.0,7.148550724637682,2565.3121146205945,89785.92401172081,,True,True,50.90702433090206,2.383313009693126
1,Céréales,BTH,88800.00000000001,71040.00000000001,8880.000000000002,7.148550724637682,14125.724439135538,494400.35536974383,,True,True,50.958884985606716,2.5763393721394783
5,Sucre,CZH,88800.00000000001,66600.00000000001,7104.000000000001,7.148550724637682,24938.08020859204,872832.8073007214,,True,True,50.775134542384144,2.6369549625659374
1,Céréales,BTH,88800.00000000001,71040.00000000001,8880.000000000002,7.148550724637682,4902.060947184148,171572.1331514452,,True,True,50.891475308871,2.346008429803163
25,Cultures permanentes,PTC,88800.00000000001,44400.00000000001,4440.000000000001,7.148550724637682,8724.508533529799,305357.798673543,,True,True,50.93867833844922,2.503736389832856
25,Cultures permanentes,PTC,88800.00000000001,44400.00000000001,4440.000000000001,7.148550724637682,25834.858666392134,904220.0533237247,,True,True,50.761422422442735,2.633217047234197
24,Surfaces non agricoles,BTN,88800.00000000001,53280.00000000001,0.0,7.148550724637682,16009.086361094956,560318.0226383235,,True,False,50.89176985720339,2.15985968182562
24,Surfaces non agricoles,BTN,88800.00000000001,53280.00000000001,0.0,7.148550724637682,24069.738498613817,842440.8474514836,,True,False,50.71378038558702,2.363710434050027
2,Oléagineux,MIS,88699.99999999999,70959.99999999999,8869.999999999998,7.148550724637682,10836.003752077362,379260.1313227077,,True,True,51.02339344967244,2.4241932646130233
2,Oléagineux,MIS,88699.99999999999,70959.99999999999,8869.999999999998,7.148550724637682,28465.32158948332,996286.2556319162,,True,True,50.84319260344114,1.9982532563087563
2,Oléagineux,MIS,88699.99999999999,70959.99999999999,8869.999999999998,7.148550724637682,6687.351601527463,234057.3060534612,,True,True,50.96419210740486,2.458527694452177
1,Céréales,BTH,88699.99999999999,70959.99999999999,8869.999999999998,7.148550724637682,19569.682646133806,684938.8926146833,,True,True,50.799474317486464,2.5670473266749063
9,Fruits,LIF,88699.99999999999,35479.99999999999,7095.999999999999,7.148550724637682,28211.13859869197,987389.850954219,,True,True,50.678391697662086,2.4315529512219616
9,Fruits,LIF,88699.99999999999,35479.99999999999,7095.999999999999,7.148550724637682,14174.643028488059,496112.50599708204,,True,True,50.9409836420371,2.581527469006959
5,Sucre,CZH,88699.99999999999,66524.99999999999,7095.999999999999,7.148550724637682,16066.57685295368,562330.1898533788,,True,True,50.9894229267955,2.5891006788021365
1,Céréales,BTH,88699.99999999999,70959.99999999999,8869.999999999998,7.148550724637682,25971.267129970547,908994.3495489692,,True,True,50.76021957140367,2.1259725184864813
1,Céréales,BTH,88699.99999999999,70959.99999999999,8869.999999999998,7.148550724637682,16654.32918358429,582901.5214254501,,True,True,50.86649420884902,2.5950725587963546
18,Semences,PPH,88699.99999999999,66524.99999999999,7095.999999999999,7.148550724637682,19193.674473402625,671778.6065690919,,True,True,50.763869587514534,2.3057827070075403
25,Cultures permanentes,PTC,88699.99999999999,44349.99999999999,4434.999999999999,7.148550724637682,8759.303088051121,306575.6080817892,,True,True,50.97789271694766,2.4792839778631643
3,Protéagineux,ORP,88600.0,70880.0,8860.0,7.148550724637682,12605.53894610849,441193.86311379715,,True,True,50.991283002612775,2.531419659708776
25,Cultures permanentes,PTC,88600.0,44300.0,4430.0,7.148550724637682,20477.484530227226,716711.9585579529,,True,True,50.92392229126814,2.0879880025392525
1,Céréales,BTH,88600.0,70880.0,8860.0,7.148550724637682,15878.487384122374,555747.0584442831,,True,True,50.81680635017718,2.5179565930543113
9,Fruits,LIF,88600.0,35440.0,7088.0,7.148550724637682,12701.251105146815,444543.78868013853,,True,True,50.95748841977173,2.2040418862139344
2,Oléagineux,MIS,88600.0,70880.0,8860.0,7.148550724637682,7685.976269839236,269009.1694443733,,True,True,50.95983166424681,2.2810378263265023
1,Céréales,BTH,88600.0,70880.0,8860.0,7.148550724637682,8974.989907695013,314124.6467693255,,True,True,50.90587590291817,2.502177274849179
1,Céréales,BTH,88600.0,70880.0,8860.0,7.148550724637682,13042.342686712249,456481.99403492874,,True,True,50.82518550869907,2.2965664012872886
1,Céréales,BTH,88500.0,70800.0,8850.0,7.148550724637682,17305.80687820963,605703.240737337,,True,True,51.062508304845046,2.5097039998538397
5,Sucre,CZH,88500.0,66375.0,7080.0,7.148550724637682,26541.183371035102,928941.4179862286,,True,True,50.720394816845264,2.5607667133885093
1,Céréales,BTH,88500.0,70800.0,8850.0,7.148550724637682,13322.898275295613,466301.43963534647,,True,True,50.92590483011118,2.190017013033567
1,Céréales,BTH,88500.0,70800.0,8850.0,7.148550724637682,7743.496682812159,271022.38389842556,,True,True,50.92164507957881,2.4896828307345196
2,Oléagineux,MIS,88500.0,70800.0,8850.0,7.148550724637682,6270.019875368404,219450.69563789415,,True,True,50.90138929704747,2.302929577330873
24,Surfaces non agricoles,BTN,88500.0,53100.0,0.0,7.148550724637682,20990.561924727877,734669.6673654757,,True,False,50.913543631894456,2.0816817392492406
18,Semences,PPH,88500.0,66375.0,7080.0,7.148550724637682,19265.31609860418,674286.0634511464,,True,True,50.79585993619604,2.206267061756439
25,Cultures permanentes,PTC,88500.0,44250.0,4425.0,7.148550724637682,10598.565283424507,370949.78491985775,,True,True,50.959503247784895,2.236152152020806
2,Oléagineux,MIS,88500.0,70800.0,8850.0,7.148550724637682,15168.59775667034,530900.9214834619,,True,True,50.79509863982896,2.4121010405823013
25,Cultures permanentes,PTC,88400.0,44200.0,4420.0,7.148550724637682,16211.006969192973,567385.2439217541,,True,True,51.02522518327923,2.555331839473715
2,Oléagineux,MIS,88400.0,70720.0,8840.0,7.148550724637682,15245.205083903764,533582.1779366317,,True,True,50.95005688429062,2.5952376938869137
1,Céréales,BTH,88400.0,70720.0,8840.0,7.148550724637682,9007.710907003437,315269.8817451203,,True,True,50.87456998462148,2.286326003502112
1,Céréales,BTH,88300.0,70640.0,8830.0,7.148550724637682,10345.781070669944,362102.337473448,,True,True,50.93995491631154,2.233209321931893
9,Fruits,LIF,88300.0,35320.0,7064.0,7.148550724637682,23424.74559911268,819866.0959689438,,True,True,50.95672409014303,2.0483606978235893
18,Semences,PPH,88300.0,66225.0,7064.0,7.148550724637682,26701.21466651958,934542.5133281853,,True,True,50.70424748485845,2.5095388449016394
9,Fruits,LIF,88300.0,35320.0,7064.0,7.148550724637682,16203.704810239527,567129.6683583835,,True,True,50.97519835044623,2.1600874482372348
9,Fruits,LIF,88300.0,35320.0,7064.0,7.148550724637682,12498.953962249388,437463.3886787286,,True,True,50.828021297625575,2.3050663753350253
1,Céréales,BTP,88300.0,70640.0,8830.0,7.148550724637682,11832.669548733986,414143.4342056895,,True,True,50.926186434582384,2.5487231917482567
1,Céréales,BTP,88300.0,70640.0,8830.0,7.148550724637682,16468.068318735244,576382.3911557335,,True,True,50.79841118566226,2.2723287098201004
25,Cultures permanentes,PTC,88300.0,44150.0,4415.0,7.148550724637682,28994.27998201445,1014799.7993705057,,True,True,50.934041421832596,1.9663162976368374
1,Céréales,BTH,88300.0,70640.0,8830.0,7.148550724637682,19374.45970783309,678106.0897741582,,True,True,50.91485259992715,2.104640152449055
24,Surfaces non agricoles,BTN,88200.0,52920.0,0.0,7.148550724637682,9613.984208517319,336489.44729810616,,True,False,50.8877354867207,2.2603809226610734
2,Oléagineux,MIS,88200.0,70560.0,8820.0,7.148550724637682,24727.853248518433,865474.8636981451,,True,True,50.76890316895309,2.62281525767237
18,Semences,PPH,88200.0,66150.0,7056.0,7.148550724637682,17256.01374587542,603960.4811056397,,True,True,50.79300596838982,2.2644914373831897
18,Semences,PPH,88200.0,66150.0,7056.0,7.148550724637682,9772.701827217652,342044.5639526178,,True,True,51.00982799453001,2.321614852139863
24,Surfaces non agricoles,BTN,88200.0,52920.0,0.0,7.148550724637682,16489.107112689617,577118.7489441365,,True,False,50.972879070529586,2.605333745720859
9,Fruits,LIF,88100.0,35240.0,7048.0,7.148550724637682,27877.87086541252,975725.4802894382,,True,True,50.81056535769374,2.0306998079337926
25,Cultures permanentes,OIG,88100.0,44050.0,4405.0,7.148550724637682,12670.584025113041,443470.44087895646,,True,True,51.01281673575427,2.5042920865662817
25,Cultures permanentes,PTC,88100.0,44050.0,4405.0,7.148550724637682,9365.264503705423,327784.2576296898,,True,True,50.867243078362165,2.4690627908456952
25,Cultures permanentes,PTC,88000.0,44000.0,4400.0,7.148550724637682,12504.721466356305,437665.25132247066,,True,True,50.95473631628694,2.5541043341078216
25,Cultures permanentes,PTC,88000.0,44000.0,4400.0,7.148550724637682,5755.089487223181,201428.13205281133,,True,True,50.88353737456816,2.416162068982921
25,Cultures permanentes,NVT,88000.0,44000.0,4400.0,7.148550724637682,20971.406105110083,733999.2136788529,,True,True,50.91802020217355,2.0814047851250406
2,Oléagineux,MIS,88000.0,70400.0,8800.0,7.148550724637682,16262.28997822816,569180.1492379856,,True,True,50.93792322541277,2.6117231488932733
18,Semences,PPH,88000.0,66000.0,7040.0,7.148550724637682,25512.98153888374,892954.353860931,,True,True,50.701346527767,2.4101148186464214
1,Céréales,BTH,88000.0,70400.0,8800.0,7.148550724637682,25682.090960593923,898873.1836207873,,True,True,50.699127357527786,2.3903138556797545
1,Céréales,BTH,88000.0,70400.0,8800.0,7.148550724637682,22211.368810437623,777397.9083653168,,True,True,50.76416598053996,2.5563635901498527
1,Céréales,BTH,88000.0,70400.0,8800.0,7.148550724637682,5497.564473995435,192414.75658984022,,True,True,50.97916178267822,2.3716737089948965
2,Oléagineux,MIS,88000.0,70400.0,8800.0,7.148550724637682,17791.255424151725,622693.9398453104,,True,True,50.77048501914382,2.3602700204577607
1,Céréales,BTH,88000.0,70400.0,8800.0,7.148550724637682,13666.906369477772,478341.72293172206,,True,True,50.821941241895885,2.4728152856922887
2,Oléagineux,MIS,88000.0,70400.0,8800.0,7.148550724637682,11610.883710768825,406380.9298769089,,True,True,51.00402303066298,2.496943998365632
24,Surfaces non agricoles,BTN,87899.99999999999,52739.99999999999,0.0,7.148550724637682,21620.951700919806,756733.3095321932,,True,False,50.931411378092285,2.0714972165816836
9,Fruits,LIF,87899.99999999999,35159.99999999999,7031.999999999999,7.148550724637682,7540.823800039734,263928.8330013907,,True,True,50.9877419399348,2.323535697473895
1,Céréales,BTH,87899.99999999999,70319.99999999999,8789.999999999998,7.148550724637682,13634.549286142417,477209.2250149846,,True,True,51.033184011456626,2.485222015661432
1,Céréales,BTH,87899.99999999999,70319.99999999999,8789.999999999998,7.148550724637682,25894.076511315972,906292.677896059,,True,True,50.69908342082119,2.332349116973758
1,Céréales,BTH,87899.99999999999,70319.99999999999,8789.999999999998,7.148550724637682,14474.857952244312,506620.0283285509,,True,True,51.029713893699565,2.512915659735402
25,Cultures permanentes,FLA,87800.0,43900.0,4390.0,7.148550724637682,18545.447722119217,649090.6702741726,,True,True,50.789312940102356,2.238091521515977
2,Oléagineux,MIS,87800.0,70240.0,8780.0,7.148550724637682,17744.051293573837,621041.7952750843,,True,True,50.80256928698463,2.227810230238901
25,Cultures permanentes,PTC,87800.0,43900.0,4390.0,7.148550724637682,28971.23683943579,1013993.2893802527,,True,True,50.67502585203834,2.4647920807511245
1,Céréales,BTH,87800.0,70240.0,8780.0,7.148550724637682,2062.4383966206797,72185.34388172379,,True,True,50.913573536142586,2.366335526902849
1,Céréales,BTH,87800.0,70240.0,8780.0,7.148550724637682,29473.308878845117,1031565.8107595791,,True,True,50.93055562660376,1.9594477712409546
9,Fruits,LIF,87800.0,35120.0,7024.0,7.148550724637682,16032.808046276845,561148.2816196895,,True,True,50.95883119495251,2.6042191400655423
9,Fruits,LIF,87800.0,35120.0,7024.0,7.148550724637682,21857.341298962725,765006.9454636953,,True,True,50.773171240023565,2.1922917666227977
4,Plantes à fibres,TTH,87800.0,65850.0,7024.0,7.148550724637682,14427.798083194448,504972.9329118057,,True,True,50.86063607110092,2.2061477072513322
1,Céréales,BTH,87700.0,70160.0,8770.0,7.148550724637682,27877.440379624135,975710.4132868447,,True,True,50.973358213845884,1.9880317078963403
18,Semences,PPH,87700.0,65775.0,7016.0,7.148550724637682,17326.811188037413,606438.3915813095,,True,True,50.774791104298245,2.358095044629026
1,Céréales,BTH,87700.0,70160.0,8770.0,7.148550724637682,29084.085081657122,1017942.9778579993,,True,True,50.826395843922256,1.999370692287439
2,Oléagineux,MIS,87700.0,70160.0,8770.0,7.148550724637682,6998.382079707642,244943.37278976748,,True,True,50.93792001623247,2.4790734678803825
25,Cultures permanentes,PTC,87700.0,43850.0,4385.0,7.148550724637682,12923.622758267607,452326.79653936625,,True,True,51.004325245168104,2.5218833088843473
1,Céréales,BTH,87700.0,70160.0,8770.0,7.148550724637682,19930.396786540296,697563.8875289103,,True,True,50.75228164374315,2.416887322638581
25,Cultures permanentes,PTC,87700.0,43850.0,4385.0,7.148550724637682,21116.003997236356,739060.1399032725,,True,True,50.74263054011195,2.428933010810868
25,Cultures permanentes,PTC,87700.0,43850.0,4385.0,7.148550724637682,15177.066729137137,531197.3355197998,,True,True,51.047864174174144,2.4893478623339793
24,Surfaces non agricoles,BTN,87600.0,52560.0,0.0,7.148550724637682,13183.817041430992,461433.5964500847,,True,False,50.90678788362295,2.195568441349374
19,Légumineuses,PTR,87600.0,70080.0,8760.0,7.148550724637682,16106.460911203752,563726.1318921313,,True,True,50.85117339096173,2.1873536446113686
9,Fruits,LIF,87600.0,35040.0,7008.0,7.148550724637682,12575.691947486994,440149.21816204477,,True,True,50.937840049841014,2.5590240548637824
1,Céréales,BTH,87600.0,70080.0,8760.0,7.148550724637682,27912.488261509305,976937.0891528256,,True,True,50.726106979803994,2.148186076341697
1,Céréales,BTH,87600.0,70080.0,8760.0,7.148550724637682,27382.719616313305,958395.1865709657,,True,True,50.95207411457196,1.9907602615852298
1,Céréales,BTH,87600.0,70080.0,8760.0,7.148550724637682,24005.130030297336,840179.5510604067,,True,True,50.90304721401468,2.0402526302829944
24,Surfaces non agricoles,BTN,87600.0,52560.0,0.0,7.148550724637682,7397.605983233138,258916.20941315984,,True,False,50.86403433199179,2.3663112319841297
1,Céréales,BTH,87500.0,70000.0,8750.0,7.148550724637682,27087.14293855592,948050.0028494572,,True,True,50.84956849984906,2.0154878274985606
1,Céréales,BTH,87500.0,70000.0,8750.0,7.148550724637682,14566.55649630255,509829.4773705893,,True,True,50.819290927737526,2.4909832649553625
1,Céréales,BTH,87500.0,70000.0,8750.0,7.148550724637682,18758.67166562407,656553.5082968425,,True,True,50.82804132288038,2.593015040932243
25,Cultures permanentes,PTC,87500.0,43750.0,4375.0,7.148550724637682,10255.372429663512,358938.0350382229,,True,True,50.99425981158951,2.485039751733752
24,Surfaces non agricoles,BTN,87500.0,52500.0,0.0,7.148550724637682,17981.383182670546,629348.4113934691,,True,False,50.97990331946286,2.135817860351562
5,Sucre,CZH,87500.0,65625.0,7000.0,7.148550724637682,10614.219927167918,371497.69745087717,,True,True,50.93889680247637,2.229192149302526
2,Oléagineux,MIS,87500.0,70000.0,8750.0,7.148550724637682,23046.76065559019,806636.6229456567,,True,True,50.7230032439615,2.363327300633597
25,Cultures permanentes,PTC,87500.0,43750.0,4375.0,7.148550724637682,29273.05858078239,1024557.0503273837,,True,True,50.691030147859884,2.2052091164119347
25,Cultures permanentes,PTC,87500.0,43750.0,4375.0,7.148550724637682,11591.160090165069,405690.60315577744,,True,True,50.853070585471606,2.491516618164443
25,Cultures permanentes,CHU,87400.0,43700.0,4370.0,7.148550724637682,19851.30041779573,694795.5146228506,,True,True,50.764745403918795,2.4869845296238937
5,Sucre,CZH,87400.0,65550.0,6992.0,7.148550724637682,11702.015022845766,409570.5257996018,,True,True,50.929503294985025,2.5469715211615758
3,Protéagineux,ORP,87400.0,69920.0,8740.0,7.148550724637682,21055.52145073867,736943.2507758534,,True,True,50.94890744831481,2.081002509127754
25,Cultures permanentes,PTC,87400.0,43700.0,4370.0,7.148550724637682,22198.418965825105,776944.6638038787,,True,True,50.7495007123422,2.515059921620504
25,Cultures permanentes,PTC,87400.0,43700.0,4370.0,7.148550724637682,26869.36077742726,940427.6272099541,,True,True,50.68857486478377,2.3638036954610486
9,Fruits,LIF,87300.0,34920.0,6984.0,7.148550724637682,4307.710354558104,150769.86240953364,,True,True,50.892755402525694,2.363092982091776
25,Cultures permanentes,PTC,87300.0,43650.0,4365.0,7.148550724637682,15234.477757230952,533206.7215030834,,True,True,50.88737990965134,2.173501588644042
5,Sucre,CZH,87300.0,65475.0,6984.0,7.148550724637682,17544.020103317533,614040.7036161136,,True,True,50.818138154579266,2.556328586118185
9,Fruits,LIF,87300.0,34920.0,6984.0,7.148550724637682,6456.680907090742,225983.83174817596,,True,True,50.947482981045724,2.2921291916463677
1,Céréales,BTH,87300.0,69840.0,8730.0,7.148550724637682,18539.682579062297,648888.8902671804,,True,True,50.91496981140154,2.1165796209394374
19,Légumineuses,PTR,87200.0,69760.0,8720.0,7.148550724637682,12600.83284296095,441029.14950363326,,True,True,50.96909523271035,2.5488316531945165
25,Cultures permanentes,PTC,87200.0,43600.0,4360.0,7.148550724637682,16475.62137809785,576646.7482334247,,True,True,51.04386477006432,2.530611308603371
24,Surfaces non agricoles,BTN,87200.0,52320.0,0.0,7.148550724637682,24427.953445179723,854978.3705812903,,True,False,50.95010514324886,2.032828698826122
2,Oléagineux,MIS,87200.0,69760.0,8720.0,7.148550724637682,19324.712885070272,676364.9509774595,,True,True,50.77053780466269,2.489453179728759
2,Oléagineux,MIS,87200.0,69760.0,8720.0,7.148550724637682,18378.615505515696,643251.5426930494,,True,True,50.83955423435433,2.5992807070912503
1,Céréales,BTH,87100.00000000001,69680.00000000001,8710.000000000002,7.148550724637682,17654.882518026832,617920.8881309391,,True,True,50.947029380861565,2.630507596764717
24,Surfaces non agricoles,BTN,87100.00000000001,52260.00000000001,0.0,7.148550724637682,13805.397849915184,483188.9247470314,,True,False,51.04042980459212,2.4701359834862466
25,Cultures permanentes,PTC,87100.00000000001,43550.00000000001,4355.000000000001,7.148550724637682,3740.399422240384,130913.97977841344,,True,True,50.904581441562854,2.4149475730660184
2,Oléagineux,MIS,87000.0,69600.0,8700.0,7.148550724637682,5313.437778528739,185970.32224850586,,True,True,50.97435710526511,2.4082108941491907
24,Surfaces non agricoles,BTN,87000.0,52200.0,0.0,7.148550724637682,18172.536073179625,636038.7625612868,,True,False,50.85395265129413,2.150669069476962
1,Céréales,BTP,87000.0,69600.0,8700.0,7.148550724637682,14312.836964896369,500949.29377137293,,True,True,50.886251433112314,2.1880203088507084
1,Céréales,BTH,87000.0,69600.0,8700.0,7.148550724637682,9762.06672397766,341672.3353392181,,True,True,50.90482673880525,2.5134083485388383
2,Oléagineux,MIS,87000.0,69600.0,8700.0,7.148550724637682,14960.216395877274,523607.5738557046,,True,True,50.81296176875004,2.48515065972155
1,Céréales,BTH,87000.0,69600.0,8700.0,7.148550724637682,16254.041376207106,568891.4481672487,,True,True,51.03914188465421,2.5344637509691013
1,Céréales,BTH,87000.0,69600.0,8700.0,7.148550724637682,16320.521856801037,571218.2649880362,,True,True,50.78716917786126,2.4335344545166646
1,Céréales,BTH,86900.0,69520.0,8690.0,7.148550724637682,12089.695107087526,423139.3287480634,,True,True,50.94491494376883,2.2090974244671715
1,Céréales,BTH,86900.0,69520.0,8690.0,7.148550724637682,29269.471565898963,1024431.5048064637,,True,True,50.696492935169445,2.5722963946674673
25,Cultures permanentes,PTC,86900.0,43450.0,4345.0,7.148550724637682,5163.53229887895,180723.63046076326,,True,True,50.92003207775396,2.45195249089439
2,Oléagineux,MIS,86900.0,69520.0,8690.0,7.148550724637682,4907.541351413627,171763.94729947695,,True,True,50.96490092381319,2.422878024957333
3,Protéagineux,ORH,86900.0,69520.0,8690.0,7.148550724637682,2533.3335896583703,88666.67563804296,,True,True,50.950394561785515,2.396115265715527
25,Cultures permanentes,PTC,86900.0,43450.0,4345.0,7.148550724637682,7140.8323238702305,249929.13133545808,,True,True,50.87638131715621,2.3239563665048877
25,Cultures permanentes,PTC,86900.0,43450.0,4345.0,7.148550724637682,1202.9643010800248,42103.75053780087,,True,True,50.920066528923606,2.386798927372238
24,Surfaces non agricoles,BTN,86900.0,52140.0,0.0,7.148550724637682,23686.782154701006,829037.3754145352,,True,False,50.91707077018056,2.0426866773179233
24,Surfaces non agricoles,BTN,86900.0,52140.0,0.0,7.148550724637682,7423.101330565447,259808.54656979063,,True,False,50.98933050690887,2.428584317968076
1,Céréales,BTH,86800.0,69440.0,8680.0,7.148550724637682,9835.23842057575,344233.3447201512,,True,True,50.86496581232888,2.4750520480080116
2,Oléagineux,MIS,86800.0,69440.0,8680.0,7.148550724637682,16917.779117815975,592122.2691235591,,True,True,50.85002742930554,2.5851831370282827
24,Surfaces non agricoles,BTN,86800.0,52080.0,0.0,7.148550724637682,15284.38006583083,534953.302304079,,True,False,51.049808191815806,2.4870448378620584
25,Cultures permanentes,PTC,86800.0,43400.0,4340.0,7.148550724637682,15933.382065817315,557668.372303606,,True,True,50.96521355890829,2.600462619771369
2,Oléagineux,MIS,86700.0,69360.0,8670.0,7.148550724637682,12770.281455606362,446959.85094622266,,True,True,50.8285880490614,2.2945742290559616
17,Divers,SPH,86700.0,60689.99999999999,6936.0,7.148550724637682,5745.7454798620565,201101.091795172,,True,True,50.96535635425311,2.4398112689367246
1,Céréales,BTH,86700.0,69360.0,8670.0,7.148550724637682,20344.76378591786,712066.7325071251,,True,True,50.92169181097694,2.0900288726229115
3,Protéagineux,ORH,86700.0,69360.0,8670.0,7.148550724637682,13314.33470220129,466001.7145770451,,True,True,50.91978064191957,2.190733747113117
25,Cultures permanentes,PTC,86600.0,43300.0,4330.0,7.148550724637682,11984.873315156345,419470.56603047205,,True,True,50.897191791941054,2.542837913758742
18,Semences,PPH,86600.0,64950.0,6928.0,7.148550724637682,25414.51364618653,889507.9776165285,,True,True,50.71736294018404,2.5126743838862664
3,Protéagineux,ORP,86600.0,69280.0,8660.0,7.148550724637682,29201.00090945498,1022035.0318309242,,True,True,50.752324488345046,2.0737621232264654
25,Cultures permanentes,OIG,86600.0,43300.0,4330.0,7.148550724637682,27915.339702678917,977036.8895937621,,True,True,50.69713050617145,2.5284443978562803
3,Protéagineux,ORH,86600.0,69280.0,8660.0,7.148550724637682,24349.156294445165,852220.4703055808,,True,True,50.75018133583456,2.182109269979794
1,Céréales,BTH,86600.0,69280.0,8660.0,7.148550724637682,15397.678614364711,538918.7515027649,,True,True,50.87866389625792,2.176061125482932
25,Cultures permanentes,CCN,86600.0,43300.0,4330.0,7.148550724637682,14048.230990673701,491688.08467357955,,True,True,50.93207174539009,2.580429600760023
1,Céréales,BTH,86500.0,69200.0,8650.0,7.148550724637682,22123.50075249754,774322.5263374139,,True,True,50.74907142819008,2.511066787527355
1,Céréales,BTP,86500.0,69200.0,8650.0,7.148550724637682,7061.995923620819,247169.85732672867,,True,True,50.918137503692805,2.281019427995417
2,Oléagineux,MIS,86500.0,69200.0,8650.0,7.148550724637682,24148.16406765191,845185.7423678169,,True,True,50.98115527991084,2.0449446648869882
25,Cultures permanentes,PTC,86500.0,43250.0,4325.0,7.148550724637682,8379.039963486977,293266.3987220442,,True,True,50.85661515345709,2.407135716929393
1,Céréales,BTH,86400.0,69120.0,8640.0,7.148550724637682,14997.201820313696,524902.0637109793,,True,True,50.930473499056816,2.16600740848767
5,Sucre,CZH,86400.0,64800.0,6912.0,7.148550724637682,11357.35443505669,397507.4052269841,,True,True,50.98126007138931,2.2397527014156613
25,Cultures permanentes,PTC,86400.0,43200.0,4320.0,7.148550724637682,15259.394498149806,534078.8074352432,,True,True,50.81113784094707,2.488682646266101
2,Oléagineux,MIS,86400.0,69120.0,8640.0,7.148550724637682,16991.823251536196,594713.8138037669,,True,True,50.96379266089781,2.616537091602681
24,Surfaces non agricoles,BTN,86300.00000000001,51780.00000000001,0.0,7.148550724637682,13048.75184873788,456706.3147058258,,True,False,50.82745282342651,2.2895764051210143
25,Cultures permanentes,PTC,86300.00000000001,43150.00000000001,4315.000000000001,7.148550724637682,26595.06687535273,930827.3406373456,,True,True,50.70774854796286,2.519874712272552
2,Oléagineux,MIS,86300.00000000001,69040.00000000001,8630.000000000002,7.148550724637682,26807.1162402879,938249.0684100766,,True,True,50.766986050746674,2.66131602685332
2,Oléagineux,MIS,86300.00000000001,69040.00000000001,8630.000000000002,7.148550724637682,28511.10016751552,997888.5058630432,,True,True,50.75112476804454,2.670914189266769
1,Céréales,BTH,86300.00000000001,69040.00000000001,8630.000000000002,7.148550724637682,29797.43218537039,1042910.1264879637,,True,True,50.75386096437445,2.6998209987472395
1,Céréales,BTH,86300.00000000001,69040.00000000001,8630.000000000002,7.148550724637682,14343.32100731127,502016.2352558944,,True,True,50.95023870843929,2.177828113860774
1,Céréales,BTH,86300.00000000001,69040.00000000001,8630.000000000002,7.148550724637682,24060.941566940874,842132.9548429305,,True,True,50.83606674719488,2.071025259405866
18,Semences,PPH,86300.00000000001,64725.000000000015,6904.000000000001,7.148550724637682,28429.404475233856,995029.156633185,,True,True,50.67432852867066,2.3806254356346366
5,Sucre,CZH,86199.99999999999,64649.999999999985,6895.999999999999,7.148550724637682,17140.19183106781,599906.7140873733,,True,True,50.77593262347163,2.3722298576683842
24,Surfaces non agricoles,BTN,86199.99999999999,51719.99999999999,0.0,7.148550724637682,22681.874649296726,793865.6127253853,,True,False,50.72655024738168,2.4033356033001545
1,Céréales,BTH,86199.99999999999,68959.99999999999,8619.999999999998,7.148550724637682,15363.82852373668,537733.9983307838,,True,True,51.04665822765712,2.497620714657701
9,Fruits,LIF,86199.99999999999,34479.99999999999,6895.999999999999,7.148550724637682,3914.7710282285307,137016.98598799857,,True,True,50.89707380502057,2.399768911759881
9,Fruits,LIF,86199.99999999999,34479.99999999999,6895.999999999999,7.148550724637682,11163.435377883421,390720.2382259197,,True,True,50.92256885595569,2.5388397140089562
2,Oléagineux,MIS,86199.99999999999,68959.99999999999,8619.999999999998,7.148550724637682,20691.03619960942,724186.2669863298,,True,True,50.74842573437291,2.3155563240895956
1,Céréales,BTH,86199.99999999999,68959.99999999999,8619.999999999998,7.148550724637682,24756.16029869667,866465.6104543835,,True,True,50.73164275427036,2.219927911243652
24,Surfaces non agricoles,BTN,86199.99999999999,51719.99999999999,0.0,7.148550724637682,26761.936807866765,936667.7882753367,,True,False,50.689328320774784,2.3822503083283575
1,Céréales,BTH,86100.0,68880.0,8610.0,7.148550724637682,23546.84602050678,824139.6107177372,,True,True,50.80657823506252,2.6526586680146615
24,Surfaces non agricoles,BTN,86100.0,51660.0,0.0,7.148550724637682,27032.203794316225,946127.1328010679,,True,False,50.695789582216854,2.276869789321475
1,Céréales,BTH,86100.0,68880.0,8610.0,7.148550724637682,13614.43937936259,476505.3782776906,,True,True,50.807630310009856,2.373539498606628
24,Surfaces non agricoles,BTN,86100.0,51660.0,0.0,7.148550724637682,25791.230291703938,902693.0602096379,,True,False,50.698055047617444,2.378841975941222
1,Céréales,BTH,86100.0,68880.0,8610.0,7.148550724637682,1359.1388505320572,47569.859768622,,True,True,50.939924254984206,2.3686778595039724
1,Céréales,BTH,86100.0,68880.0,8610.0,7.148550724637682,23332.819429784704,816648.6800424646,,True,True,50.9527310743342,2.048945640917244
2,Oléagineux,MIS,86100.0,68880.0,8610.0,7.148550724637682,21057.53994543571,737013.8980902499,,True,True,50.750868704415446,2.477295100311612
25,Cultures permanentes,PTC,86000.0,43000.0,4300.0,7.148550724637682,21074.074699820874,737592.6144937306,,True,True,50.9471050092025,2.0804692031267527
2,Oléagineux,MIS,86000.0,68800.0,8600.0,7.148550724637682,7945.677454700342,278098.710914512,,True,True,50.90956769309608,2.488618160304941
25,Cultures permanentes,OIG,86000.0,43000.0,4300.0,7.148550724637682,11842.326892229628,414481.441228037,,True,True,50.82730248588923,2.4247035812443145
9,Fruits,LIF,86000.0,34400.0,6880.0,7.148550724637682,25840.630914306534,904422.0820007287,,True,True,50.779093508606735,2.1000537321409642
2,Oléagineux,MIS,86000.0,68800.0,8600.0,7.148550724637682,14984.055765515875,524441.9517930556,,True,True,50.80786087790307,2.4702064962645256
1,Céréales,BTH,86000.0,68800.0,8600.0,7.148550724637682,19327.144604099973,676450.0611434991,,True,True,50.80504573802671,2.5714389398064506
2,Oléagineux,MIS,86000.0,68800.0,8600.0,7.148550724637682,14291.553185071027,500204.3614774859,,True,True,50.82219009182845,2.4908924091703315
1,Céréales,BTH,86000.0,68800.0,8600.0,7.148550724637682,1948.279266525436,68189.77432839027,,True,True,50.941066754452365,2.3584448797256528
1,Céréales,BTH,86000.0,68800.0,8600.0,7.148550724637682,19856.25580439344,694968.9531537704,,True,True,50.96076123792555,2.1008170817324383
1,Céréales,BTH,86000.0,68800.0,8600.0,7.148550724637682,8190.527437618234,286668.4603166382,,True,True,50.945615908575604,2.265767980083026
25,Cultures permanentes,PTC,86000.0,43000.0,4300.0,7.148550724637682,12158.157674927266,425535.5186224543,,True,True,50.95850750792464,2.54753419873685
24,Surfaces non agricoles,BTN,86000.0,51600.0,0.0,7.148550724637682,4220.8092352113,147728.3232323955,,True,False,50.90259088893008,2.338347179071903
3,Protéagineux,ORH,86000.0,68800.0,8600.0,7.148550724637682,2325.2759597872723,81384.65859255454,,True,True,50.93115593430324,2.4131286852765292
25,Cultures permanentes,PTC,85900.0,42950.0,4295.0,7.148550724637682,8219.678953619621,287688.7633766867,,True,True,50.894373161559386,2.4827255438422005
1,Céréales,BTH,85900.0,68720.0,8590.0,7.148550724637682,12476.963706214166,436693.72971749585,,True,True,51.0267985991304,2.4701363014817193
25,Cultures permanentes,PTC,85900.0,42950.0,4295.0,7.148550724637682,6521.9597323739345,228268.5906330877,,True,True,50.892026449579404,2.450895613469357
1,Céréales,BTH,85900.0,68720.0,8590.0,7.148550724637682,19972.355385153973,699032.4384803891,,True,True,50.81126431505456,2.1664389371199615
1,Céréales,BTH,85900.0,68720.0,8590.0,7.148550724637682,27945.06573337458,978077.3006681103,,True,True,50.96881736606408,1.9858762854905114
1,Céréales,BTH,85800.0,68640.0,8580.0,7.148550724637682,9145.060802981354,320077.1281043474,,True,True,50.84829998762112,2.3949636615546805
1,Céréales,BTH,85800.0,68640.0,8580.0,7.148550724637682,2476.274451310847,86669.60579587964,,True,True,50.94477278169163,2.3535556317721764
1,Céréales,BTH,85800.0,68640.0,8580.0,7.148550724637682,15822.287792425293,553780.0727348853,,True,True,50.85830500772638,2.5748639651096594
3,Protéagineux,ORH,85800.0,68640.0,8580.0,7.148550724637682,24115.982086388554,844059.3730235994,,True,True,50.984330669550175,2.0466699253178056
1,Céréales,BTH,85700.0,68560.0,8570.0,7.148550724637682,4108.411623608989,143794.40682631463,,True,True,50.963471866121644,2.3551678079591816
24,Surfaces non agricoles,BTN,85700.0,51420.0,0.0,7.148550724637682,29998.659377069285,1049953.078197425,,True,False,50.82046444132149,1.9892813534826468
24,Surfaces non agricoles,BTN,85700.0,51420.0,0.0,7.148550724637682,13406.422836910944,469224.7992918831,,True,False,50.80949488074038,2.3861131003469054
3,Protéagineux,ORP,85700.0,68560.0,8570.0,7.148550724637682,8901.543864234509,311554.0352482078,,True,True,50.97125111858978,2.4889016460093094
3,Protéagineux,ORP,85700.0,68560.0,8570.0,7.148550724637682,10561.539903773157,369653.89663206047,,True,True,50.95793179290292,2.2359193237410455
9,Fruits,LIF,85700.0,34280.0,6856.0,7.148550724637682,21818.463742401967,763646.2309840688,,True,True,50.844900502593056,2.0997347331650404
24,Surfaces non agricoles,BTN,85700.0,51420.0,0.0,7.148550724637682,29566.496583759286,1034827.380431575,,True,False,50.66412881263919,2.385961995755575
9,Fruits,LIF,85700.0,34280.0,6856.0,7.148550724637682,11532.69916505425,403644.4707768987,,True,True,50.86751829645548,2.2487423577501504
1,Céréales,BTH,85700.0,68560.0,8570.0,7.148550724637682,28213.543391076037,987474.0186876613,,True,True,50.840202810914995,2.003842189766709
24,Surfaces non agricoles,BTN,85700.0,51420.0,0.0,7.148550724637682,29458.797749921378,1031057.9212472482,,True,False,50.88564152111891,1.9657878077801316
2,Oléagineux,MIS,85700.0,68560.0,8570.0,7.148550724637682,27986.36722849229,979522.8529972301,,True,True,50.746798187305174,2.653281515615495
1,Céréales,BTH,85600.0,68480.0,8560.0,7.148550724637682,15611.631903253032,546407.1166138562,,True,True,50.998359181154946,2.574715511118944
24,Surfaces non agricoles,BTN,85600.0,51360.0,0.0,7.148550724637682,13737.285984239832,480805.0094483941,,True,False,50.954768828958926,2.187913468889052
25,Cultures permanentes,PTC,85500.0,42750.0,4275.0,7.148550724637682,15148.450740336591,530195.7759117807,,True,True,50.90673064281836,2.592921342731802
25,Cultures permanentes,PTC,85500.0,42750.0,4275.0,7.148550724637682,19457.90813263831,681026.7846423408,,True,True,51.069003002922024,2.54890847414067
25,Cultures permanentes,PTC,85500.0,42750.0,4275.0,7.148550724637682,14463.700622156268,506229.52177546936,,True,True,50.82902273570127,2.250046066045664
25,Cultures permanentes,PTC,85500.0,42750.0,4275.0,7.148550724637682,3541.6071743428743,123956.2511020006,,True,True,50.92388775590653,2.429592128656319
25,Cultures permanentes,PTC,85500.0,42750.0,4275.0,7.148550724637682,25288.88433509138,885110.9517281983,,True,True,50.973361174813824,2.0256103920318553
1,Céréales,BTH,85500.0,68400.0,8550.0,7.148550724637682,11605.85400535665,406204.89018748276,,True,True,50.979337226945105,2.5260102647463456
3,Protéagineux,ORH,85500.0,68400.0,8550.0,7.148550724637682,22974.416270641046,804104.5694724366,,True,True,50.76386027983524,2.574536088103588
1,Céréales,BTH,85500.0,68400.0,8550.0,7.148550724637682,24953.796852159205,873382.8898255721,,True,True,50.74094081515486,2.188553367695004
2,Oléagineux,MIS,85500.0,68400.0,8550.0,7.148550724637682,4607.106474912833,161248.72662194914,,True,True,50.91502765148751,2.4412859269586726
1,Céréales,BTH,85500.0,68400.0,8550.0,7.148550724637682,27353.618297983532,957376.6404294237,,True,True,50.69275717396622,2.277065908962998
18,Semences,PPH,85500.0,64125.0,6840.0,7.148550724637682,23374.86446389749,818120.2562364122,,True,True,51.00056622195107,2.0655822924427913
1,Céréales,BTH,85399.99999999999,68319.99999999999,8539.999999999998,7.148550724637682,23471.455257619207,821500.9340166722,,True,True,50.968259089329756,2.0505007528585093
3,Protéagineux,ORH,85399.99999999999,68319.99999999999,8539.999999999998,7.148550724637682,23796.358683936403,832872.5539377742,,True,True,50.7837257322982,2.1325381811189597
9,Fruits,LIF,85399.99999999999,34159.99999999999,6831.999999999999,7.148550724637682,10237.245231842679,358303.58311449375,,True,True,50.99911360788135,2.476574670266927
25,Cultures permanentes,PTC,85399.99999999999,42699.99999999999,4269.999999999999,7.148550724637682,9689.034862670716,339116.2201934751,,True,True,50.86246184823706,2.4672904461248932
25,Cultures permanentes,PTC,85399.99999999999,42699.99999999999,4269.999999999999,7.148550724637682,14889.558327030109,521134.5414460538,,True,True,50.880028617398594,2.577002532395277
1,Céréales,BTH,85399.99999999999,68319.99999999999,8539.999999999998,7.148550724637682,20655.384147289886,722938.445155146,,True,True,50.78396652507706,2.5618685817311193
9,Fruits,LIF,85399.99999999999,34159.99999999999,6831.999999999999,7.148550724637682,22513.664202733496,787978.2470956724,,True,True,50.96687861890913,2.0640042360265176
24,Surfaces non agricoles,BTN,85300.0,51180.0,0.0,7.148550724637682,10706.251898294766,374718.8164403168,,True,False,50.888336893949955,2.2423382918860746
1,Céréales,BTH,85300.0,68240.0,8530.0,7.148550724637682,17301.94600230762,605568.1100807667,,True,True,50.951682606892824,2.6245272137035345
24,Surfaces non agricoles,BTN,85300.0,51180.0,0.0,7.148550724637682,6809.990275712719,238349.65964994518,,True,False,50.97936696313239,2.3224623933705457
2,Oléagineux,MIS,85300.0,68240.0,8530.0,7.148550724637682,16196.450673531232,566875.7735735931,,True,True,50.835401331201666,2.204446651253672
25,Cultures permanentes,CHU,85300.0,42650.0,4265.0,7.148550724637682,14077.769994402886,492721.949804101,,True,True,51.00987746428559,2.5359811081894743
25,Cultures permanentes,PTC,85300.0,42650.0,4265.0,7.148550724637682,13323.010550990604,466305.36928467115,,True,True,50.848868094770545,2.519768174694772
25,Cultures permanentes,PTC,85200.0,42600.0,4260.0,7.148550724637682,18146.445003810295,635125.5751333603,,True,True,51.04840772837447,2.5584115106286935
25,Cultures permanentes,PTC,85200.0,42600.0,4260.0,7.148550724637682,20792.374734790035,727733.1157176512,,True,True,50.76820317145042,2.5284720823868194
1,Céréales,BTH,85200.0,68160.0,8520.0,7.148550724637682,6926.428244695919,242424.98856435716,,True,True,50.967469864878424,2.301016150891559
3,Protéagineux,ORP,85200.0,68160.0,8520.0,7.148550724637682,27281.07396444536,954837.5887555876,,True,True,50.92533209117353,1.9908201259857945
3,Protéagineux,ORP,85200.0,68160.0,8520.0,7.148550724637682,29008.2975100925,1015290.4128532375,,True,True,50.695436846608104,2.1992916273291137
9,Fruits,LIF,85200.0,34080.0,6816.0,7.148550724637682,24726.73679567959,865435.7878487856,,True,True,50.9149117238495,2.0280478671254936
2,Oléagineux,MIS,85200.0,68160.0,8520.0,7.148550724637682,29350.498753259664,1027267.4563640882,,True,True,50.75155867013593,2.688012267820035
1,Céréales,BTH,85200.0,68160.0,8520.0,7.148550724637682,12663.769228235677,443231.9229882487,,True,True,50.8234361067064,2.4436812774394987
25,Cultures permanentes,PTC,85200.0,42600.0,4260.0,7.148550724637682,3344.3756019035563,117053.14606662447,,True,True,50.959860301325726,2.3742841558784624
1,Céréales,BTH,85200.0,68160.0,8520.0,7.148550724637682,18623.951797620623,651838.3129167218,,True,True,50.767491644089446,2.444213280881981
25,Cultures permanentes,PTC,85100.0,42550.0,4255.0,7.148550724637682,24948.4740074983,873196.5902624405,,True,True,50.809044485692816,2.080561704553106
1,Céréales,BTH,85100.0,68080.0,8510.0,7.148550724637682,20868.86954567263,730410.4340985421,,True,True,50.75439772592218,2.4848910598449407
1,Céréales,BTH,85100.0,68080.0,8510.0,7.148550724637682,3326.0941710853795,116413.29598798828,,True,True,50.95989972161496,2.378624263478374
25,Cultures permanentes,PTC,85100.0,42550.0,4255.0,7.148550724637682,15023.443873231377,525820.5355630983,,True,True,50.948157455700525,2.5924640811358675
18,Semences,PPH,85100.0,63825.0,6808.0,7.148550724637682,14796.301111170715,517870.538890975,,True,True,50.940726809909364,2.1695366391527435
1,Céréales,BTH,85100.0,68080.0,8510.0,7.148550724637682,23624.255648351456,826848.947692301,,True,True,50.758832294643305,2.5793218823159085
1,Céréales,BTH,85100.0,68080.0,8510.0,7.148550724637682,23081.024552474388,807835.8593366035,,True,True,50.722990505999235,2.4041894782624738
24,Surfaces non agricoles,BTN,85100.0,51060.0,0.0,7.148550724637682,15861.131389616565,555139.5986365798,,True,False,50.80245874151544,2.2787915550536955
25,Cultures permanentes,PTC,85100.0,42550.0,4255.0,7.148550724637682,3406.329757778784,119221.54152225744,,True,True,50.91063696625924,2.4176558799506846
24,Surfaces non agricoles,BTN,85000.0,51000.0,0.0,7.148550724637682,11568.753467234465,404906.3713532063,,True,False,50.88925821793452,2.2281768636373522
1,Céréales,BTH,85000.0,68000.0,8500.0,7.148550724637682,26292.979361469774,920254.2776514421,,True,True,50.80237108044945,2.0646044032972104
24,Surfaces non agricoles,BTN,85000.0,51000.0,0.0,7.148550724637682,24767.960463982337,866878.6162393818,,True,False,50.75833156261996,2.1552215363914042
2,Oléagineux,MIS,85000.0,68000.0,8500.0,7.148550724637682,10732.044086874643,375621.5430406125,,True,True,50.98860407909542,2.501749355180787
25,Cultures permanentes,PTC,85000.0,42500.0,4250.0,7.148550724637682,27376.525329805772,958178.386543202,,True,True,50.8976985098281,1.992879116075857
3,Protéagineux,ORP,85000.0,68000.0,8500.0,7.148550724637682,24450.37798812862,855763.2295845017,,True,True,50.7241374685555,2.2576667193263704
2,Oléagineux,MIS,85000.0,68000.0,8500.0,7.148550724637682,19993.125043914133,699759.3765369947,,True,True,50.901343976164846,2.098454133373179
1,Céréales,BTH,85000.0,68000.0,8500.0,7.148550724637682,10879.574895305079,380785.12133567774,,True,True,50.8634330103231,2.4936914832364767
9,Fruits,LIF,85000.0,34000.0,6800.0,7.148550724637682,11932.778429145405,417647.24502008915,,True,True,50.82735170274847,2.3303948084224313
9,Fruits,LIF,84900.0,33960.0,6792.0,7.148550724637682,21395.445549352,748840.59422732,,True,True,50.74996745635275,2.4875353028953353
2,Oléagineux,MIS,84900.0,67920.0,8490.0,7.148550724637682,28092.84067837985,983249.4237432947,,True,True,50.69638235240674,2.5322339852378435
25,Cultures permanentes,PTC,84900.0,42450.0,4245.0,7.148550724637682,11122.055797961231,389271.9529286431,,True,True,50.84343455455613,2.459432191669179
9,Fruits,LIF,84900.0,33960.0,6792.0,7.148550724637682,21756.233981537334,761468.1893538067,,True,True,50.92913465392921,2.069569367599152
1,Céréales,BTH,84900.0,67920.0,8490.0,7.148550724637682,27936.62577342974,977781.9020700409,,True,True,50.85673743365608,1.9990005228263392
25,Cultures permanentes,PTC,84900.0,42450.0,4245.0,7.148550724637682,29701.584788279917,1039555.4675897971,,True,True,50.70234217358242,2.6011401036455952
1,Céréales,BTH,84900.0,67920.0,8490.0,7.148550724637682,11123.121341247064,389309.2469436473,,True,True,50.86211946378215,2.496494198813882
1,Céréales,BTH,84900.0,67920.0,8490.0,7.148550724637682,24677.136114052664,863699.7639918432,,True,True,50.93975249492453,2.0281887078799143
1,Céréales,BTH,84900.0,67920.0,8490.0,7.148550724637682,20319.02742273586,711165.9597957551,,True,True,50.74727493549712,2.377235574238937
24,Surfaces non agricoles,BTN,84900.0,50940.0,0.0,7.148550724637682,13506.343664587954,472722.0282605784,,True,False,50.83442717181692,2.4988186601935287
2,Oléagineux,MIS,84800.0,67840.0,8480.0,7.148550724637682,22957.61358516279,803516.4754806977,,True,True,50.750460842427195,2.5414356690560385
2,Oléagineux,MIS,84800.0,67840.0,8480.0,7.148550724637682,17410.108256188443,609353.7889665955,,True,True,50.83001362817768,2.570966884143952
18,Semences,PPH,84800.0,63600.0,6784.0,7.148550724637682,28179.384023943243,986278.4408380135,,True,True,50.7919168979806,2.716659326535403
24,Surfaces non agricoles,BTN,84800.0,50880.0,0.0,7.148550724637682,25553.103737306796,894358.6308057378,,True,False,50.81572119936458,2.0640540016023796
1,Céréales,BTH,84800.0,67840.0,8480.0,7.148550724637682,12626.927200338578,441942.4520118502,,True,True,50.91542546371,2.201346393353124
25,Cultures permanentes,PTC,84800.0,42400.0,4240.0,7.148550724637682,24055.72579068622,841950.4026740177,,True,True,50.96131409390221,2.040252668664112
1,Céréales,BTH,84800.0,67840.0,8480.0,7.148550724637682,26068.285877327162,912390.0057064507,,True,True,50.75832429309981,2.632840587007923
1,Céréales,BTH,84800.0,67840.0,8480.0,7.148550724637682,10439.096509303963,365368.3778256387,,True,True,50.8503813359741,2.301141584451028
25,Cultures permanentes,PTC,84800.0,42400.0,4240.0,7.148550724637682,12349.452798841276,432230.8479594446,,True,True,50.94145562332695,2.555294163428767
2,Oléagineux,MIS,84700.0,67760.0,8470.0,7.148550724637682,23005.99528109756,805209.8348384146,,True,True,50.750999111088795,2.54430695584636
1,Céréales,BTH,84700.0,67760.0,8470.0,7.148550724637682,24798.390335796565,867943.6617528797,,True,True,50.96608510697422,2.0306823815808315
25,Cultures permanentes,PTC,84700.0,42350.0,4235.0,7.148550724637682,17933.40189995493,627669.0664984225,,True,True,50.77738507090588,2.4626065301530637
18,Semences,PPH,84700.0,63525.0,6776.0,7.148550724637682,25334.563030458343,886709.706066042,,True,True,50.70565633615006,2.4429280054626505
24,Surfaces non agricoles,BTN,84700.0,50820.0,0.0,7.148550724637682,14076.631141819063,492682.0899636672,,True,False,50.93146360298564,2.1791529364132205
2,Oléagineux,MIS,84600.00000000001,67680.00000000001,8460.000000000002,7.148550724637682,29172.3295466198,1021031.534131693,,True,True,50.81823378532713,2.0038579024014673
25,Cultures permanentes,POR,84600.00000000001,42300.00000000001,4230.000000000001,7.148550724637682,20850.941825952348,729782.9639083322,,True,True,50.78476075329555,2.5678955861464043
2,Oléagineux,MIS,84600.00000000001,67680.00000000001,8460.000000000002,7.148550724637682,24696.457708549307,864376.0197992257,,True,True,50.7924974407699,2.6563282659485723
1,Céréales,BTH,84600.00000000001,67680.00000000001,8460.000000000002,7.148550724637682,9958.13443726303,348534.70530420606,,True,True,50.84625165024615,2.329710776252141
1,Céréales,BTH,84600.00000000001,67680.00000000001,8460.000000000002,7.148550724637682,24951.008626388793,873285.3019236077,,True,True,50.88985353097441,2.0298731541814483
25,Cultures permanentes,PTC,84600.00000000001,42300.00000000001,4230.000000000001,7.148550724637682,15408.38123511919,539293.3432291717,,True,True,50.885145362621415,2.172077226702513
25,Cultures permanentes,PTC,84600.00000000001,42300.00000000001,4230.000000000001,7.148550724637682,11854.746097829546,414916.1134240341,,True,True,50.927931058199306,2.2108820460026664
9,Fruits,LIF,84500.0,33800.0,6760.0,7.148550724637682,16143.867381824,565035.35836384,,True,True,51.0371174688877,2.535673528983149
9,Fruits,LIF,84500.0,33800.0,6760.0,7.148550724637682,15454.66654606293,540913.3291122025,,True,True,50.93281352278878,2.6004818026747087
3,Protéagineux,ORH,84500.0,67600.0,8450.0,7.148550724637682,9865.054503630132,345276.9076270546,,True,True,50.880729484804526,2.496998186372519
2,Oléagineux,MIS,84500.0,67600.0,8450.0,7.148550724637682,20408.166894651487,714285.841312802,,True,True,50.828193300032545,2.6220296014549795
1,Céréales,BTH,84500.0,67600.0,8450.0,7.148550724637682,17557.988923031677,614529.6123061087,,True,True,50.78813394943105,2.489840936698015
25,Cultures permanentes,PTC,84400.0,42200.0,4220.0,7.148550724637682,16842.454650397227,589485.9127639029,,True,True,50.84667681950165,2.580512779243694
25,Cultures permanentes,PTC,84400.0,42200.0,4220.0,7.148550724637682,14290.536327015378,500168.7714455382,,True,True,50.95719419409559,2.1806493904281057
9,Fruits,LIF,84400.0,33760.0,6752.0,7.148550724637682,21505.667924702993,752698.3773646047,,True,True,50.9570605320206,2.076068801268222
1,Céréales,BTH,84400.0,67520.0,8440.0,7.148550724637682,27170.168534068907,950955.8986924117,,True,True,50.921945230807495,1.9925568779712104
9,Fruits,LIF,84400.0,33760.0,6752.0,7.148550724637682,28446.22387510032,995617.8356285113,,True,True,50.71963471936928,2.1495483870796614
9,Fruits,LIF,84400.0,33760.0,6752.0,7.148550724637682,12399.598814911355,433985.95852189744,,True,True,50.843625563690814,2.4918004044493673
9,Fruits,LIF,84400.0,33760.0,6752.0,7.148550724637682,14742.965361567258,516003.787654854,,True,True,50.79969376115173,2.34120597205946
1,Céréales,BTH,84400.0,67520.0,8440.0,7.148550724637682,14907.721610629073,521770.25637201755,,True,True,50.85869682111795,2.200000660330547
1,Céréales,BTH,84300.0,67440.0,8430.0,7.148550724637682,22308.84223280628,780809.4781482199,,True,True,50.730293216620076,2.3495916291494323
25,Cultures permanentes,POR,84300.0,42150.0,4215.0,7.148550724637682,15417.15028354867,539600.2599242034,,True,True,50.92697334137342,2.5999254309992255
2,Oléagineux,MIS,84300.0,67440.0,8430.0,7.148550724637682,25279.96997319127,884798.9490616944,,True,True,50.852838669414446,2.040975668922152
5,Sucre,CZH,84300.0,63225.0,6744.0,7.148550724637682,16040.417903880278,561414.6266358097,,True,True,51.035111747582505,2.536932447985546
25,Cultures permanentes,PTC,84300.0,42150.0,4215.0,7.148550724637682,12551.726439755541,439310.42539144395,,True,True,50.817355046841094,2.3684526676468454
9,Fruits,LIF,84300.0,33720.0,6744.0,7.148550724637682,16645.37574249119,582588.1509871916,,True,True,50.969962956833356,2.6089888577028253
1,Céréales,BTH,84300.0,67440.0,8430.0,7.148550724637682,14928.962530054363,522513.6885519027,,True,True,50.803743891865615,2.307650381988543
25,Cultures permanentes,PTC,84200.0,42100.0,4210.0,7.148550724637682,29573.29786512918,1035065.4252795214,,True,True,50.6640410228667,2.3803266726240357
1,Céréales,BTH,84200.0,67360.0,8420.0,7.148550724637682,21547.350543260465,754157.2690141163,,True,True,50.95229081260983,2.0745117043667163
18,Semences,PPH,84200.0,63150.0,6736.0,7.148550724637682,26806.64086676465,938232.4303367628,,True,True,50.726140509497846,2.583729368308214
25,Cultures permanentes,PTC,84200.0,42100.0,4210.0,7.148550724637682,11358.45858542756,397546.05048996455,,True,True,50.86610693193505,2.506367331627757
3,Protéagineux,ORP,84200.0,67360.0,8420.0,7.148550724637682,25275.964457756625,884658.7560214818,,True,True,50.97688347806899,2.0269173352146526
2,Oléagineux,MIS,84200.0,67360.0,8420.0,7.148550724637682,28229.51643576365,988033.0752517277,,True,True,50.767066999425595,2.0716363801123214
1,Céréales,BTH,84200.0,67360.0,8420.0,7.148550724637682,18531.807566489057,648613.264827117,,True,True,51.00204517836632,2.141371140721243
1,Céréales,BTH,84200.0,67360.0,8420.0,7.148550724637682,19515.735529642876,683050.7435375006,,True,True,50.75449738812888,2.377586987738957
1,Céréales,BTP,84200.0,67360.0,8420.0,7.148550724637682,26026.004524356817,910910.1583524885,,True,True,50.738426336753825,2.592917173118222
9,Fruits,LIF,84200.0,33680.0,6736.0,7.148550724637682,11172.758635634897,391046.5522472214,,True,True,50.976989732594745,2.239013715933745
25,Cultures permanentes,PTC,84100.0,42050.0,4205.0,7.148550724637682,13089.453887134343,458130.886049702,,True,True,50.812932772925784,2.3995616017894927
24,Surfaces non agricoles,BTN,84100.0,50460.0,0.0,7.148550724637682,19517.278278115893,683104.7397340563,,True,False,50.96730126774845,2.107762920779466
1,Céréales,BTH,84100.0,67280.0,8410.0,7.148550724637682,16286.509369311621,570027.8279259067,,True,True,51.02711645188611,2.5541420486157387
1,Céréales,BTH,84100.0,67280.0,8410.0,7.148550724637682,16616.24987620952,581568.7456673332,,True,True,50.93190675839645,2.142919649053234
1,Céréales,BTH,84100.0,67280.0,8410.0,7.148550724637682,9593.262427115504,335764.1849490426,,True,True,50.97108520642844,2.259580132484241
25,Cultures permanentes,PTC,84100.0,42050.0,4205.0,7.148550724637682,27867.278851432235,975354.7598001282,,True,True,50.756942623448175,2.667078359283149
1,Céréales,BTH,84000.0,67200.0,8400.0,7.148550724637682,28997.765568292594,1014921.7948902408,,True,True,50.838666794439234,1.9928205019181877
2,Oléagineux,MIS,84000.0,67200.0,8400.0,7.148550724637682,17464.633180972225,611262.1613340279,,True,True,50.93020589861801,2.1307994028227997
1,Céréales,BTH,84000.0,67200.0,8400.0,7.148550724637682,27049.515243731945,946733.0335306181,,True,True,50.98334191930049,2.003211506031416
5,Sucre,CZH,84000.0,63000.0,6720.0,7.148550724637682,23056.604627059565,806981.1619470848,,True,True,50.992225745949156,2.0659619490090546
25,Cultures permanentes,PTC,84000.0,42000.0,4200.0,7.148550724637682,16491.582025308417,577205.3708857946,,True,True,50.800008042768695,2.2668653428168484
24,Surfaces non agricoles,BTN,84000.0,50400.0,0.0,7.148550724637682,6200.505016161646,217017.6755656576,,True,False,50.9603088403663,2.305711846653525
2,Oléagineux,MIS,84000.0,67200.0,8400.0,7.148550724637682,14646.721275627486,512635.244646962,,True,True,50.838257387400986,2.529817670172056
1,Céréales,BTH,83900.0,67120.0,8390.0,7.148550724637682,10036.108384625753,351263.79346190137,,True,True,50.86354936746883,2.47683991737737
1,Céréales,BTH,83900.0,67120.0,8390.0,7.148550724637682,25114.613601201818,879011.4760420637,,True,True,50.76858708382819,2.6302286423655037
25,Cultures permanentes,PTC,83900.0,41950.0,4195.0,7.148550724637682,26931.014243641494,942585.4985274522,,True,True,50.784844611364576,2.6871344161267343
25,Cultures permanentes,PTC,83900.0,41950.0,4195.0,7.148550724637682,16508.60512977279,577801.1795420477,,True,True,50.95781325123371,2.611457585737987
25,Cultures permanentes,PTC,83900.0,41950.0,4195.0,7.148550724637682,26700.78729538168,934527.5553383589,,True,True,50.975118471355735,2.005614302477848
25,Cultures permanentes,PTC,83900.0,41950.0,4195.0,7.148550724637682,21532.232146410777,753628.1251243772,,True,True,50.921204450219804,2.0731058082279676
9,Fruits,LIF,83900.0,33560.0,6712.0,7.148550724637682,8775.619305352235,307146.6756873282,,True,True,50.85134834739459,2.390328483003546
1,Céréales,BTH,83800.00000000001,67040.00000000001,8380.000000000002,7.148550724637682,10873.286515990407,380565.02805966424,,True,True,50.9478390402312,2.532574953144319
9,Fruits,LIF,83800.00000000001,33520.00000000001,6704.000000000001,7.148550724637682,19027.480118867275,665961.8041603547,,True,True,50.95819090088406,2.112128224558296
25,Cultures permanentes,PTC,83800.00000000001,41900.00000000001,4190.000000000001,7.148550724637682,29759.61845605978,1041586.6459620923,,True,True,50.73421086829799,2.668902887174122
25,Cultures permanentes,PTC,83800.00000000001,41900.00000000001,4190.000000000001,7.148550724637682,9562.999986713716,334704.99953498004,,True,True,50.84702835661039,2.344128262635838
1,Céréales,BTH,83699.99999999999,66959.99999999999,8369.999999999998,7.148550724637682,8367.933690633825,292877.67917218385,,True,True,50.91727807311235,2.497666156924235
24,Surfaces non agricoles,BTN,83699.99999999999,50219.99999999999,0.0,7.148550724637682,7243.633067693482,253527.15736927188,,True,False,50.95690753953731,2.474156498395544
1,Céréales,BTH,83699.99999999999,66959.99999999999,8369.999999999998,7.148550724637682,9010.8398129965,315379.39345487754,,True,True,50.96283418735273,2.2624110114971834
1,Céréales,BTH,83699.99999999999,66959.99999999999,8369.999999999998,7.148550724637682,27421.81805794922,959763.6320282227,,True,True,50.8270493025937,2.0248406647379564
1,Céréales,BTH,83699.99999999999,66959.99999999999,8369.999999999998,7.148550724637682,28656.00019278967,1002960.0067476385,,True,True,50.83685459059032,1.9991345673403724
1,Céréales,BTH,83699.99999999999,66959.99999999999,8369.999999999998,7.148550724637682,24582.841395060554,860399.4488271194,,True,True,50.8120539614817,2.083695297328441
1,Céréales,BTH,83699.99999999999,66959.99999999999,8369.999999999998,7.148550724637682,28784.882404261312,1007470.8841491459,,True,True,50.848193432152115,1.9906627600270006
1,Céréales,BTH,83699.99999999999,66959.99999999999,8369.999999999998,7.148550724637682,26567.99274563199,929879.7460971196,,True,True,50.79731401798708,2.6948182071664246
25,Cultures permanentes,PTC,83600.0,41800.0,4180.0,7.148550724637682,11570.634389045337,404972.2036165868,,True,True,50.92013779884982,2.215660986344317
25,Cultures permanentes,PTC,83600.0,41800.0,4180.0,7.148550724637682,9413.038311327688,329456.3408964691,,True,True,50.870688434495385,2.475773528991779
1,Céréales,BTH,83600.0,66880.0,8360.0,7.148550724637682,12718.726909239529,445155.4418233835,,True,True,50.932679170538385,2.1985629780899303
1,Céréales,BTH,83600.0,66880.0,8360.0,7.148550724637682,10939.243673790557,382873.5285826695,,True,True,50.984013179879064,2.51053642072735
9,Fruits,LIF,83600.0,33440.0,6688.0,7.148550724637682,4792.065336957841,167722.28679352446,,True,True,50.972554018786035,2.3691841598753776
3,Protéagineux,ORP,83600.0,66880.0,8360.0,7.148550724637682,21858.843667965266,765059.5283787843,,True,True,50.94184799323053,2.068626662222067
3,Protéagineux,ORH,83600.0,66880.0,8360.0,7.148550724637682,29172.09534365581,1021023.3370279532,,True,True,50.95505219603123,1.9655378652085336
2,Oléagineux,MIS,83600.0,66880.0,8360.0,7.148550724637682,12198.125272417665,426934.3845346183,,True,True,50.82475974590992,2.4290699831397027
1,Céréales,BTH,83500.0,66800.0,8350.0,7.148550724637682,7242.650283215389,253492.75991253863,,True,True,50.92546359564095,2.2769117124242793
1,Céréales,BTH,83500.0,66800.0,8350.0,7.148550724637682,13876.504116225535,485677.64406789374,,True,True,50.847874906705236,2.528953064154837
9,Fruits,LIF,83500.0,33400.0,6680.0,7.148550724637682,28288.122904648273,990084.3016626895,,True,True,50.91638956361934,1.9769976854872287
9,Fruits,LIF,83500.0,33400.0,6680.0,7.148550724637682,3447.8316069580214,120674.10624353075,,True,True,50.95943060262057,2.3954921282223447
1,Céréales,BTH,83500.0,66800.0,8350.0,7.148550724637682,13713.530837796421,479973.5793228747,,True,True,50.97274987385889,2.196371086066614
1,Céréales,BTH,83400.0,66720.0,8340.0,7.148550724637682,12906.047897363673,451711.6764077285,,True,True,50.82771039404073,2.4669283985122554
1,Céréales,BTH,83400.0,66720.0,8340.0,7.148550724637682,26567.06696178972,929847.3436626402,,True,True,50.756971644877055,2.1190737080857174
3,Protéagineux,ORH,83300.0,66640.0,8330.0,7.148550724637682,12684.573605356383,443960.07618747343,,True,True,50.821645493413016,2.323469079107691
16,Gel,LUZ,83300.0,74970.0,0.0,7.148550724637682,25200.75077183124,882026.2770140935,,True,False,50.78783352581997,2.100386524470528
3,Protéagineux,ORH,83300.0,66640.0,8330.0,7.148550724637682,22072.044188796026,772521.546607861,,True,True,50.76833894001017,2.1975624149356725
3,Protéagineux,ORH,83300.0,66640.0,8330.0,7.148550724637682,17501.010196578707,612535.3568802547,,True,True,50.77273191229954,2.3898250705112387
18,Semences,PPH,83300.0,62475.0,6664.0,7.148550724637682,24195.989185260405,846859.6214841142,,True,True,50.718295557990054,2.459638821427536
18,Semences,PPH,83300.0,62475.0,6664.0,7.148550724637682,16374.368380096821,573102.8933033887,,True,True,50.802244186947945,2.496038008580193
25,Cultures permanentes,PTC,83300.0,41650.0,4165.0,7.148550724637682,21877.64266326647,765717.4932143264,,True,True,50.748123188054265,2.498833917785227
2,Oléagineux,MIS,83200.0,66560.0,8320.0,7.148550724637682,10635.903279399041,372256.6147789664,,True,True,50.853476396183645,2.4709764864299064
18,Semences,PPH,83200.0,62400.0,6656.0,7.148550724637682,26197.60466974264,916916.1634409924,,True,True,50.69752533713313,2.3194591284685186
9,Fruits,LIF,83200.0,33280.0,6656.0,7.148550724637682,4639.822559168541,162393.78957089895,,True,True,50.9583371375015,2.331388314403405
25,Cultures permanentes,PTC,83200.0,41600.0,4160.0,7.148550724637682,23058.768751258303,807056.9062940406,,True,True,50.825590582054375,2.0960423287340064
5,Sucre,CZH,83200.0,62400.0,6656.0,7.148550724637682,16215.902533054381,567556.5886569034,,True,True,51.04024917805377,2.531637360830098
25,Cultures permanentes,PTC,83200.0,41600.0,4160.0,7.148550724637682,10957.097243541644,383498.40352395753,,True,True,50.83534420109002,2.4234166351565007
2,Oléagineux,MIS,83200.0,66560.0,8320.0,7.148550724637682,28315.48957990706,991042.1352967471,,True,True,50.911983928924755,1.9770606332817582
25,Cultures permanentes,PTC,83100.0,41550.0,4155.0,7.148550724637682,10520.844771709732,368229.5670098406,,True,True,50.83883572344031,2.4201403669733406
25,Cultures permanentes,PTC,83100.0,41550.0,4155.0,7.148550724637682,8984.683006659505,314463.90523308265,,True,True,50.97788525025082,2.4833158876002392
1,Céréales,BTH,83100.0,66480.0,8310.0,7.148550724637682,21930.006065539117,767550.2122938691,,True,True,50.96171108659372,2.0710499995815197
25,Cultures permanentes,PTC,83100.0,41550.0,4155.0,7.148550724637682,3599.69092227452,125989.1822796082,,True,True,50.904439905910905,2.3484879337288542
24,Surfaces non agricoles,BTN,83100.0,49860.0,0.0,7.148550724637682,10764.877850786637,376770.7247775323,,True,False,50.83378450711371,2.3630085469003013
1,Céréales,BTH,83100.0,66480.0,8310.0,7.148550724637682,25173.13317619494,881059.6611668229,,True,True,50.74409779835502,2.5845775661758186
25,Cultures permanentes,OIG,83100.0,41550.0,4155.0,7.148550724637682,6515.208997660267,228032.31491810936,,True,True,50.946170849257776,2.4693694213371047
24,Surfaces non agricoles,BTN,83100.0,49860.0,0.0,7.148550724637682,23220.83546535428,812729.2412873998,,True,False,50.81294696989554,2.1059522352390334
1,Céréales,BTH,83100.0,66480.0,8310.0,7.148550724637682,6038.730255110201,211355.55892885703,,True,True,50.88303421772059,2.3367581428607567
9,Fruits,LIF,83100.0,33240.0,6648.0,7.148550724637682,3893.433615076384,136270.17652767344,,True,True,50.91344789867948,2.4289468440817577
2,Oléagineux,MIS,83000.0,66400.0,8300.0,7.148550724637682,17718.90147771669,620161.5517200842,,True,True,50.814499245975796,2.553966107196592
5,Sucre,CZH,83000.0,62250.0,6640.0,7.148550724637682,11115.84591471124,389054.60701489344,,True,True,50.975620701084885,2.521200240339773
24,Surfaces non agricoles,BTN,83000.0,49800.0,0.0,7.148550724637682,7675.657725824465,268648.0204038563,,True,False,50.99146261503898,2.330112479057301
1,Céréales,BTH,83000.0,66400.0,8300.0,7.148550724637682,29424.33249985749,1029851.6374950121,,True,True,50.69211249557897,2.196577287100045
25,Cultures permanentes,PTC,83000.0,41500.0,4150.0,7.148550724637682,28856.929093856295,1009992.5182849703,,True,True,50.680093991483645,2.2692800813807037
25,Cultures permanentes,LBF,82899.99999999999,41449.99999999999,4144.999999999999,7.148550724637682,15276.245439989498,534668.5903996325,,True,True,50.95591064272457,2.5941222480480057
1,Céréales,BTH,82899.99999999999,66319.99999999999,8289.999999999998,7.148550724637682,26874.664614005753,940613.2614902013,,True,True,50.964019334910574,2.000207949670399
25,Cultures permanentes,PTC,82899.99999999999,41449.99999999999,4144.999999999999,7.148550724637682,19432.35574103117,680132.4509360909,,True,True,50.974871686489784,2.1118890646166815
2,Oléagineux,MIS,82899.99999999999,66319.99999999999,8289.999999999998,7.148550724637682,14698.224668718412,514437.8634051444,,True,True,50.83383292864275,2.523741640426335
1,Céréales,BTH,82899.99999999999,66319.99999999999,8289.999999999998,7.148550724637682,13383.142317591371,468409.981115698,,True,True,50.80964338538838,2.379272443848682
2,Oléagineux,MIS,82899.99999999999,66319.99999999999,8289.999999999998,7.148550724637682,28262.662251996375,989193.1788198731,,True,True,50.84112477049584,2.002541245093414
1,Céréales,BTH,82899.99999999999,66319.99999999999,8289.999999999998,7.148550724637682,25730.04325013725,900551.5137548037,,True,True,50.74401181388652,2.597992014228383
1,Céréales,BTH,82800.0,66240.0,8280.0,7.148550724637682,28610.338674630842,1001361.8536120795,,True,True,50.85381218763179,1.9903892597811517
1,Céréales,BTH,82800.0,66240.0,8280.0,7.148550724637682,28315.338739999446,991036.8558999806,,True,True,50.677214534799624,2.4286184450395707
24,Surfaces non agricoles,BTN,82800.0,49680.0,0.0,7.148550724637682,3732.449913569071,130635.74697491749,,True,False,50.94876996059833,2.3358380744136475
24,Surfaces non agricoles,BTN,82800.0,49680.0,0.0,7.148550724637682,18955.310930030108,663435.8825510538,,True,False,50.8745219556721,2.1244058020945027
1,Céréales,BTH,82800.0,66240.0,8280.0,7.148550724637682,14389.76369305051,503641.7292567679,,True,True,50.83571100358559,2.239507998485602
1,Céréales,BTH,82800.0,66240.0,8280.0,7.148550724637682,11782.48009975609,412386.8034914632,,True,True,50.82405155803624,2.3827245916073214
1,Céréales,BTH,82800.0,66240.0,8280.0,7.148550724637682,4789.08196525108,167617.8687837878,,True,True,50.9727859869279,2.372171993987483
25,Cultures permanentes,CHU,82800.0,41400.0,4140.0,7.148550724637682,22485.99535214808,787009.8373251827,,True,True,50.75488174071048,2.5401528615390365
18,Semences,PPH,82800.0,62100.0,6624.0,7.148550724637682,21390.646635655638,748672.6322479473,,True,True,51.000986462535856,2.0961038165893604
25,Cultures permanentes,PTC,82800.0,41400.0,4140.0,7.148550724637682,15091.745191998463,528211.0817199462,,True,True,50.96328716427286,2.588839618750725
2,Oléagineux,MIS,82700.0,66160.0,8270.0,7.148550724637682,7525.118812649722,263379.15844274027,,True,True,50.904227728078105,2.479256317746174
19,Légumineuses,PTR,82700.0,66160.0,8270.0,7.148550724637682,27262.729422544573,954195.52978906,,True,True,50.68614829435187,2.4203266712780502
18,Semences,PPH,82700.0,62025.0,6616.0,7.148550724637682,21187.04207840164,741546.4727440573,,True,True,50.8127373039905,2.1420163164094066
1,Céréales,BTH,82700.0,66160.0,8270.0,7.148550724637682,10378.072143307965,363232.5250157788,,True,True,50.85543149087471,2.46898403034159
2,Oléagineux,MIS,82700.0,66160.0,8270.0,7.148550724637682,23476.6478005192,821682.673018172,,True,True,50.719335785975304,2.357797544118041
1,Céréales,BTH,82700.0,66160.0,8270.0,7.148550724637682,13577.210448759955,475202.36570659844,,True,True,51.02085419573964,2.5095566648278713
1,Céréales,BTH,82700.0,66160.0,8270.0,7.148550724637682,22363.01028481723,782705.359968603,,True,True,50.93180088854073,2.0609120431026633
1,Céréales,BTH,82700.0,66160.0,8270.0,7.148550724637682,12034.373378333492,421203.06824167224,,True,True,50.940417442760186,2.550938461302445
1,Céréales,BTH,82700.0,66160.0,8270.0,7.148550724637682,10257.37978859466,359008.29260081315,,True,True,50.943747832333855,2.5247478494330657
9,Fruits,LIF,82600.0,33040.0,6608.0,7.148550724637682,26012.41989217303,910434.6962260561,,True,True,50.90121098663352,2.011767697694237
1,Céréales,BTH,82600.0,66080.0,8260.0,7.148550724637682,6263.638132357763,219227.33463252173,,True,True,50.88147052426319,2.334645472120729
2,Oléagineux,MIS,82600.0,66080.0,8260.0,7.148550724637682,24842.523717046395,869488.3300966239,,True,True,50.75203173830727,2.5938809083306213
1,Céréales,BTH,82600.0,66080.0,8260.0,7.148550724637682,11629.68364215051,407038.92747526785,,True,True,51.025755409419396,2.4468128036247756
1,Céréales,BTH,82600.0,66080.0,8260.0,7.148550724637682,24587.073752388023,860547.5813335808,,True,True,50.91613316859506,2.0299132728311933
1,Céréales,BTP,82600.0,66080.0,8260.0,7.148550724637682,23134.213686822444,809697.4790387856,,True,True,50.90846182264511,2.051750824170674
2,Oléagineux,MIS,82600.0,66080.0,8260.0,7.148550724637682,26233.902685433204,918186.5939901621,,True,True,50.77826172139839,2.0938305795762515
25,Cultures permanentes,PTC,82500.0,41250.0,4125.0,7.148550724637682,7718.006965158178,270130.2437805362,,True,True,50.9071670109432,2.4839723072982904
25,Cultures permanentes,PTC,82500.0,41250.0,4125.0,7.148550724637682,13613.039596184726,476456.3858664654,,True,True,50.81367641915628,2.319519164865668
1,Céréales,BTP,82500.0,66000.0,8250.0,7.148550724637682,22400.59750261455,784020.9125915093,,True,True,50.90647810994019,2.0626355900815576
5,Sucre,CZH,82500.0,61875.0,6600.0,7.148550724637682,23034.116190527984,806194.0666684795,,True,True,50.803315620344534,2.6396911077082277
1,Céréales,BTH,82500.0,66000.0,8250.0,7.148550724637682,14000.401810222611,490014.0633577914,,True,True,51.007845601560426,2.5371435873028134
9,Fruits,LIF,82500.0,33000.0,6600.0,7.148550724637682,16026.132203807747,560914.6271332712,,True,True,50.8752341557919,2.168602144027923
1,Céréales,BTH,82500.0,66000.0,8250.0,7.148550724637682,24698.41831402925,864444.6409910239,,True,True,50.72430324802875,2.512693750357972
9,Fruits,LIF,82500.0,33000.0,6600.0,7.148550724637682,4570.084117248613,159952.94410370148,,True,True,50.93149132028942,2.3148320746075166
3,Protéagineux,ORH,82500.0,66000.0,8250.0,7.148550724637682,20369.342070499304,712926.9724674757,,True,True,50.7495775396069,2.4301967153596675
1,Céréales,BTH,82500.0,66000.0,8250.0,7.148550724637682,29941.50884114529,1047952.8094400851,,True,True,50.6640402046498,2.446598593397392
1,Céréales,BTH,82500.0,66000.0,8250.0,7.148550724637682,14178.149050344613,496235.21676206146,,True,True,50.855331973318044,2.2161420756008807
1,Céréales,BTH,82500.0,66000.0,8250.0,7.148550724637682,6938.6371969828815,242852.30189440085,,True,True,50.99200481777117,2.391141566561461
25,Cultures permanentes,PTC,82500.0,41250.0,4125.0,7.148550724637682,21410.28358311457,749359.92540901,,True,True,50.73780442208884,2.3984190870828948
1,Céréales,BTH,82400.0,65920.0,8240.0,7.148550724637682,14566.66281803342,509833.1986311697,,True,True,51.042733131530376,2.485999793557368
24,Surfaces non agricoles,BTN,82400.0,49440.0,0.0,7.148550724637682,28161.823442856847,985663.8204999897,,True,False,50.81192287124326,2.0249571760107443
1,Céréales,BTH,82400.0,65920.0,8240.0,7.148550724637682,27538.891158037703,963861.1905313196,,True,True,50.68233881021931,2.3784216779255427
9,Fruits,LIF,82400.0,32960.0,6592.0,7.148550724637682,7463.238398662389,261213.34395318362,,True,True,50.924122377325176,2.273924011541781
25,Cultures permanentes,PTC,82400.0,41200.0,4120.0,7.148550724637682,23326.479373391547,816426.7780687042,,True,True,50.799455987010596,2.6401797917481415
1,Céréales,BTH,82400.0,65920.0,8240.0,7.148550724637682,13983.031329127527,489406.09651946346,,True,True,50.80854366736986,2.328361167650087
1,Céréales,BTH,82400.0,65920.0,8240.0,7.148550724637682,12352.009771647208,432320.3420076523,,True,True,50.851170378341635,2.5040740538636026
1,Céréales,BTH,82400.0,65920.0,8240.0,7.148550724637682,3520.3626630254053,123212.69320588918,,True,True,50.89863777868631,2.386863851378096
25,Cultures permanentes,PTC,82400.0,41200.0,4120.0,7.148550724637682,18729.080423884338,655517.8148359518,,True,True,50.81347860791292,2.5727343265149094
25,Cultures permanentes,OIG,82300.0,41150.0,4115.0,7.148550724637682,5183.527878270602,181423.47573947106,,True,True,50.88636118355442,2.354001256559336
5,Sucre,CZH,82300.0,61725.0,6584.0,7.148550724637682,26280.687953101824,919824.0783585638,,True,True,50.75826668755417,2.1228343242860506
1,Céréales,BTH,82300.0,65840.0,8230.0,7.148550724637682,13423.494100565404,469822.2935197891,,True,True,50.97124764746192,2.5600902972153547
9,Fruits,LIF,82300.0,32920.0,6584.0,7.148550724637682,3421.2356319295695,119743.24711753493,,True,True,50.954793373655704,2.351084688692046
2,Oléagineux,MIS,82300.0,65840.0,8230.0,7.148550724637682,22999.81163040737,804993.407064258,,True,True,50.753639748516186,2.551154715243648
1,Céréales,BTH,82300.0,65840.0,8230.0,7.148550724637682,22242.599441950242,778490.9804682585,,True,True,50.91555441451351,2.063501365599248
25,Cultures permanentes,PTC,82300.0,41150.0,4115.0,7.148550724637682,7513.962715110191,262988.6950288567,,True,True,50.9333039951039,2.4870911487346334
5,Sucre,CZH,82300.0,61725.0,6584.0,7.148550724637682,23183.372766266886,811418.046819341,,True,True,50.9682613106164,2.0546838521281034
1,Céréales,BTH,82200.0,65760.0,8220.0,7.148550724637682,2553.4891404497926,89372.11991574273,,True,True,50.952309112193106,2.3886418825123847
1,Céréales,BTH,82200.0,65760.0,8220.0,7.148550724637682,7280.118190273534,254804.1366595737,,True,True,50.874488923864256,2.3249548144546512
9,Fruits,LIF,82200.0,32880.0,6576.0,7.148550724637682,8310.394086478986,290863.79302676447,,True,True,50.90058062233379,2.488971819841321
1,Céréales,BTH,82200.0,65760.0,8220.0,7.148550724637682,28946.715695053535,1013135.0493268737,,True,True,50.846740154132654,1.98900795899915
1,Céréales,BTH,82200.0,65760.0,8220.0,7.148550724637682,21765.688673082346,761799.1035578821,,True,True,50.86555921728092,2.0869437291065718
1,Céréales,BTH,82200.0,65760.0,8220.0,7.148550724637682,25464.640466937875,891262.4163428256,,True,True,50.88676206918753,2.023349323037381
1,Céréales,BTH,82200.0,65760.0,8220.0,7.148550724637682,28263.240421369006,989213.4147479152,,True,True,50.67584710520328,2.3855877747431684
1,Céréales,BTH,82200.0,65760.0,8220.0,7.148550724637682,27391.392080821,958698.7228287349,,True,True,50.77666746622965,2.685394730700751
25,Cultures permanentes,PTC,82200.0,41100.0,4110.0,7.148550724637682,13833.696581247885,484179.38034367596,,True,True,50.85435291856374,2.536581242195551
25,Cultures permanentes,PTC,82200.0,41100.0,4110.0,7.148550724637682,9331.15033864394,326590.2618525379,,True,True,50.951647448412515,2.508668409474102
2,Oléagineux,MIS,82200.0,65760.0,8220.0,7.148550724637682,28450.723613507602,995775.3264727661,,True,True,50.67989997615018,2.4654501333826535
18,Semences,PPH,82100.00000000001,61575.000000000015,6568.000000000001,7.148550724637682,26635.914185280388,932256.9964848135,,True,True,50.88602386470694,2.006571867008796
24,Surfaces non agricoles,BTN,82100.00000000001,49260.00000000001,0.0,7.148550724637682,16200.957291361681,567033.5051976588,,True,False,50.79697042686809,2.2858504897304113
24,Surfaces non agricoles,BTN,82100.00000000001,49260.00000000001,0.0,7.148550724637682,6736.668249213321,235783.38872246625,,True,False,50.87248687701671,2.4101980649052117
2,Oléagineux,MIS,82100.00000000001,65680.00000000001,8210.000000000002,7.148550724637682,23841.097710138987,834438.4198548646,,True,True,50.79012170238294,2.637433327847877
1,Céréales,BTH,82100.00000000001,65680.00000000001,8210.000000000002,7.148550724637682,16458.12867175861,576034.5035115514,,True,True,50.79157149366113,2.2969964739857276
1,Céréales,BTH,82100.00000000001,65680.00000000001,8210.000000000002,7.148550724637682,15372.434532816349,538035.2086485722,,True,True,50.792950364938726,2.4087715247410344
1,Céréales,BTH,82100.00000000001,65680.00000000001,8210.000000000002,7.148550724637682,7940.30213068941,277910.57457412936,,True,True,50.997130056144464,2.418657539945962
1,Céréales,BTH,82100.00000000001,65680.00000000001,8210.000000000002,7.148550724637682,28898.377812909494,1011443.2234518323,,True,True,50.71312257201854,2.153320472727555
1,Céréales,BTH,82000.0,65600.0,8200.0,7.148550724637682,21385.148913395533,748480.2119688436,,True,True,50.7647714171204,2.2241169977032587
1,Céréales,BTH,82000.0,65600.0,8200.0,7.148550724637682,26662.935324587892,933202.7363605762,,True,True,50.69036861178148,2.3663953446371595
24,Surfaces non agricoles,BTN,82000.0,49200.0,0.0,7.148550724637682,8938.001513119501,312830.05295918253,,True,False,50.94678495267061,2.504745957109366
9,Fruits,LIF,82000.0,32800.0,6560.0,7.148550724637682,2626.0103636278686,91910.3627269754,,True,True,50.95182925382916,2.3656983345503986
3,Protéagineux,ORH,82000.0,65600.0,8200.0,7.148550724637682,28999.626665279324,1014986.9332847763,,True,True,50.730681808011596,2.113710516138335
3,Protéagineux,ORP,82000.0,65600.0,8200.0,7.148550724637682,17970.6965613581,628974.3796475335,,True,True,50.813033214128694,2.5567272806016885
25,Cultures permanentes,PTC,82000.0,41000.0,4100.0,7.148550724637682,9939.50104739877,347882.53665895696,,True,True,50.84236051368516,2.4078888211542773
2,Oléagineux,MIS,82000.0,65600.0,8200.0,7.148550724637682,1043.4133079366818,36519.465777783866,,True,True,50.931750024046956,2.36537263049228
25,Cultures permanentes,PTC,81900.0,40950.0,4095.0,7.148550724637682,16429.06981923439,575017.4436732037,,True,True,50.896333781509774,2.1518253344013094
19,Légumineuses,PTR,81900.0,65520.0,8190.0,7.148550724637682,26125.888487976692,914406.0970791843,,True,True,50.73319660472407,2.5832073648848124
2,Oléagineux,MIS,81900.0,65520.0,8190.0,7.148550724637682,28148.937778164942,985212.822235773,,True,True,50.68411305601448,2.4752665623102894
18,Semences,PPH,81900.0,61425.0,6552.0,7.148550724637682,15332.012890243708,536620.4511585297,,True,True,50.79298874621003,2.355459172377885
1,Céréales,BTH,81900.0,65520.0,8190.0,7.148550724637682,9597.91146006136,335926.9011021476,,True,True,50.89000817297408,2.501312850110647
2,Oléagineux,MIS,81900.0,65520.0,8190.0,7.148550724637682,27192.978595994355,951754.2508598024,,True,True,50.792234953475834,2.059886395067751
25,Cultures permanentes,PTC,81800.0,40900.0,4090.0,7.148550724637682,8303.280853836577,290614.8298842802,,True,True,50.989979421090254,2.4506200815718984
25,Cultures permanentes,PTC,81800.0,40900.0,4090.0,7.148550724637682,13933.14950014934,487660.2325052269,,True,True,50.96110265793243,2.5726525214118734
2,Oléagineux,MIS,81800.0,65440.0,8180.0,7.148550724637682,15669.098203104582,548418.4371086603,,True,True,50.93248787519369,2.156448852307356
24,Surfaces non agricoles,BTN,81800.0,49080.0,0.0,7.148550724637682,15770.324007758894,551961.3402715613,,True,False,50.90349150843021,2.1590041038493215
1,Céréales,BTH,81800.0,65440.0,8180.0,7.148550724637682,15570.693934936337,544974.2877227718,,True,True,50.878043353596965,2.1737986265416045
1,Céréales,BTH,81800.0,65440.0,8180.0,7.148550724637682,2366.936414280921,82842.77449983223,,True,True,50.909813677966895,2.3907143694897077
25,Cultures permanentes,NVT,81800.0,40900.0,4090.0,7.148550724637682,15180.495829051713,531317.35401681,,True,True,50.868211710113236,2.1869745648089642
5,Sucre,CZH,81800.0,61350.0,6544.0,7.148550724637682,27015.50480343562,945542.6681202466,,True,True,50.692559992921765,2.298531121456931
2,Oléagineux,MIS,81800.0,65440.0,8180.0,7.148550724637682,21035.383425437158,736238.4198903005,,True,True,50.783953609577296,2.570478721974392
1,Céréales,BTH,81800.0,65440.0,8180.0,7.148550724637682,23696.497227594948,829377.4029658232,,True,True,50.909217523196716,2.0435648789292253
2,Oléagineux,MIS,81700.0,65360.0,8170.0,7.148550724637682,25225.21289916478,882882.4514707673,,True,True,50.8857358868197,2.0271510051959245
9,Fruits,LIF,81700.0,32680.0,6536.0,7.148550724637682,10429.138035643944,365019.83124753804,,True,True,50.99464141043503,2.487899263848797
24,Surfaces non agricoles,BTN,81700.0,49020.0,0.0,7.148550724637682,16036.201432951428,561267.0501532999,,True,False,50.95625466218401,2.6050579899427078
24,Surfaces non agricoles,BTN,81700.0,49020.0,0.0,7.148550724637682,12874.085304945267,450592.98567308433,,True,False,50.946750393958744,2.561798462972906
9,Fruits,LIF,81700.0,32680.0,6536.0,7.148550724637682,11382.654944252085,398392.92304882297,,True,True,50.83062988657771,2.341031403157525
24,Surfaces non agricoles,BTN,81700.0,49020.0,0.0,7.148550724637682,11541.489097254202,403952.11840389704,,True,False,50.9605167710621,2.5374567950968787
1,Céréales,BTH,81700.0,65360.0,8170.0,7.148550724637682,8801.850340444995,308064.76191557484,,True,True,50.851660314030674,2.3620144735135837
25,Cultures permanentes,PTC,81700.0,40850.0,4085.0,7.148550724637682,7356.690574206539,257484.17009722887,,True,True,50.939379701764985,2.4839216777876008
2,Oléagineux,MIS,81600.0,65280.0,8160.0,7.148550724637682,27274.31908558229,954601.1679953801,,True,True,50.690962179607155,2.292957621800698
25,Cultures permanentes,PTC,81600.0,40800.0,4080.0,7.148550724637682,13321.172900494332,466241.0515173016,,True,True,50.91672819629664,2.1911191398279364
24,Surfaces non agricoles,BTN,81600.0,48960.0,0.0,7.148550724637682,24982.02235958929,874370.7825856251,,True,False,50.98541641886954,2.0343429226906578
1,Céréales,BTH,81600.0,65280.0,8160.0,7.148550724637682,13158.174274362344,460536.09960268205,,True,True,50.8143859160971,2.340024207775667
1,Céréales,BTH,81600.0,65280.0,8160.0,7.148550724637682,4767.326030841869,166856.41107946544,,True,True,50.90265027270161,2.432370508188282
28,Surfaces non exploitées,SNE,81600.0,73440.0,0.0,7.148550724637682,14563.96999526185,509738.94983416476,,True,False,51.02359837656169,2.234486363164951
9,Fruits,LIF,81600.0,32640.0,6528.0,7.148550724637682,16009.513177207069,560332.9612022474,,True,True,50.94562581575307,2.607126168722292
3,Protéagineux,ORH,81500.0,65200.0,8150.0,7.148550724637682,29357.872860038093,1027525.5501013333,,True,True,50.91165505461478,1.9621913094280516
1,Céréales,BTH,81500.0,65200.0,8150.0,7.148550724637682,27367.773997041444,957872.0898964505,,True,True,50.68619497085299,2.433343653598672
5,Sucre,CZH,81500.0,61125.0,6520.0,7.148550724637682,29083.616840474147,1017926.5894165952,,True,True,50.816845807371394,2.006308920757483
2,Oléagineux,MIS,81500.0,65200.0,8150.0,7.148550724637682,10215.572801630848,357545.04805707966,,True,True,50.99097476937679,2.489103072104051
25,Cultures permanentes,PTC,81400.0,40700.0,4070.0,7.148550724637682,15429.585192008959,540035.4817203135,,True,True,51.01121865204312,2.558665792969045
1,Céréales,BTH,81400.0,65120.0,8140.0,7.148550724637682,29475.756101197578,1031651.4635419152,,True,True,50.724910934014396,2.114113093055294
1,Céréales,BTH,81400.0,65120.0,8140.0,7.148550724637682,3952.016803361236,138320.58811764326,,True,True,50.9457422490795,2.329433935584242
2,Oléagineux,MIS,81400.0,65120.0,8140.0,7.148550724637682,25903.87121136567,906635.4923977985,,True,True,50.941434299945755,2.010781405122537
2,Oléagineux,MIS,81400.0,65120.0,8140.0,7.148550724637682,21196.108770327504,741863.8069614626,,True,True,50.73939027048078,2.3833090410111355
25,Cultures permanentes,PTC,81400.0,40700.0,4070.0,7.148550724637682,14516.22605841317,508067.912044461,,True,True,50.92850839099429,2.5871130039547867
1,Céréales,BTH,81400.0,65120.0,8140.0,7.148550724637682,22789.768225211796,797641.8878824129,,True,True,50.858878199453315,2.0752559437533677
25,Cultures permanentes,PTC,81300.00000000001,40650.00000000001,4065.000000000001,7.148550724637682,28732.039587117666,1005621.3855491183,,True,True,50.7406969855884,2.658479752786235
25,Cultures permanentes,PTC,81300.00000000001,40650.00000000001,4065.000000000001,7.148550724637682,25273.45013793942,884570.7548278797,,True,True,50.760722716387484,2.620217192903245
1,Céréales,BTH,81300.00000000001,65040.000000000015,8130.000000000002,7.148550724637682,19415.425338790068,679539.8868576523,,True,True,50.77831049399595,2.5169803545575786
1,Céréales,BTH,81300.00000000001,65040.000000000015,8130.000000000002,7.148550724637682,28660.770832142684,1003126.9791249939,,True,True,50.845685745300955,1.9938917757609695
18,Semences,PPH,81300.00000000001,60975.000000000015,6504.000000000001,7.148550724637682,18942.643975419927,662992.5391396974,,True,True,50.829263857642104,2.597734193758214
9,Fruits,LIF,81300.00000000001,32520.000000000007,6504.000000000001,7.148550724637682,5457.339049862286,191006.86674518,,True,True,50.88574475293829,2.346350256991164
1,Céréales,BTH,81300.00000000001,65040.000000000015,8130.000000000002,7.148550724637682,25843.89725215133,904536.4038252966,,True,True,50.81188077012453,2.0628125795265095
1,Céréales,BTH,81300.00000000001,65040.000000000015,8130.000000000002,7.148550724637682,15482.185610384875,541876.4963634707,,True,True,50.9697908918254,2.1682097095657222
24,Surfaces non agricoles,BTN,81300.00000000001,48780.00000000001,0.0,7.148550724637682,13858.393102679793,485043.75859379274,,True,False,50.96404344400426,2.57029293288095
1,Céréales,BTH,81199.99999999999,64959.99999999999,8119.999999999999,7.148550724637682,27994.42971657626,979805.040080169,,True,True,50.840306077399525,2.007120834423788
25,Cultures permanentes,PTC,81199.99999999999,40599.99999999999,4059.9999999999995,7.148550724637682,23235.771730492863,813252.0105672502,,True,True,50.995416154825534,2.06489504094236
25,Cultures permanentes,PTC,81199.99999999999,40599.99999999999,4059.9999999999995,7.148550724637682,19221.38532661696,672748.4864315937,,True,True,50.86398766572979,2.126698550332203
1,Céréales,BTH,81199.99999999999,64959.99999999999,8119.999999999999,7.148550724637682,21108.503486786136,738797.6220375148,,True,True,50.972427885396414,2.086290904280608
1,Céréales,BTH,81199.99999999999,64959.99999999999,8119.999999999999,7.148550724637682,10156.919861724451,355492.19516035577,,True,True,50.95960612096375,2.2428525251745337
24,Surfaces non agricoles,BTN,81199.99999999999,48719.99999999999,0.0,7.148550724637682,9560.74758382878,334626.1654340073,,True,False,50.905437483603734,2.2492986182067622
2,Oléagineux,MIS,81100.0,64880.0,8110.0,7.148550724637682,7817.690091406002,273619.15319921006,,True,True,50.985183267436014,2.3108403305236074
1,Céréales,BTH,81100.0,64880.0,8110.0,7.148550724637682,13966.854134119325,488839.8946941764,,True,True,50.828467306273595,2.2628011498631277
2,Oléagineux,MIS,81100.0,64880.0,8110.0,7.148550724637682,28837.85421846953,1009324.8976464336,,True,True,50.73467831394345,2.6501349437925046
3,Protéagineux,ORH,81100.0,64880.0,8110.0,7.148550724637682,25573.49159860928,895072.2059513248,,True,True,50.80839868552427,2.6893236368288767
25,Cultures permanentes,PTC,81100.0,40550.0,4055.0,7.148550724637682,18411.384070007352,644398.4424502574,,True,True,50.817270247514514,2.18781286219433
2,Oléagineux,MIS,81100.0,64880.0,8110.0,7.148550724637682,15723.405119103536,550319.1791686238,,True,True,50.93079192028485,2.6043533061394393
24,Surfaces non agricoles,BTN,81100.0,48660.0,0.0,7.148550724637682,14387.65626745456,503567.9693609096,,True,False,50.91895102079652,2.584521157502062
18,Semences,PPH,81000.0,60750.0,6480.0,7.148550724637682,17805.172311010363,623181.0308853628,,True,True,50.76995227798507,2.387917325620837
25,Cultures permanentes,PTC,81000.0,40500.0,4050.0,7.148550724637682,17037.391192224943,596308.6917278729,,True,True,50.950386004470985,2.6209954734769605
25,Cultures permanentes,PTC,81000.0,40500.0,4050.0,7.148550724637682,12352.184205205716,432326.4471822001,,True,True,50.862251164856715,2.5195768339991234
25,Cultures permanentes,PTC,81000.0,40500.0,4050.0,7.148550724637682,14896.161584391084,521365.65545368794,,True,True,50.98601271053077,2.573196404053462
1,Céréales,BTH,81000.0,64800.0,8100.0,7.148550724637682,8292.204242401147,290227.14848404017,,True,True,50.85768429173411,2.4088723201480016
1,Céréales,BTH,81000.0,64800.0,8100.0,7.148550724637682,22132.29033742108,774630.1618097378,,True,True,50.86319400807734,2.082730527666473
1,Céréales,BTH,81000.0,64800.0,8100.0,7.148550724637682,6789.30465399576,237625.6628898516,,True,True,50.86931033122656,2.3693866332425335
2,Oléagineux,MIS,81000.0,64800.0,8100.0,7.148550724637682,2360.770572645758,82626.97004260153,,True,True,50.9093172699245,2.3723963790492926
1,Céréales,BTH,81000.0,64800.0,8100.0,7.148550724637682,26923.8159189363,942333.5571627705,,True,True,50.746000083977165,2.629227582742784
2,Oléagineux,MIS,81000.0,64800.0,8100.0,7.148550724637682,11423.151371826758,399810.29801393655,,True,True,50.82754810654753,2.3919908303480155
2,Oléagineux,MIS,81000.0,64800.0,8100.0,7.148550724637682,14676.12139157275,513664.24870504625,,True,True,50.842826479798795,2.5370884910352536
25,Cultures permanentes,PTC,81000.0,40500.0,4050.0,7.148550724637682,5588.376143661189,195593.16502814164,,True,True,50.90709781024259,2.4509615987346804
1,Céréales,BTH,81000.0,64800.0,8100.0,7.148550724637682,18824.42888091272,658855.0108319452,,True,True,50.76091794921743,2.3933537626513433
1,Céréales,BTH,81000.0,64800.0,8100.0,7.148550724637682,26390.376361373485,923663.172648072,,True,True,50.76056124727215,2.1168023511426375
25,Cultures permanentes,PTC,80900.0,40450.0,4045.0,7.148550724637682,14007.366303365567,490257.8206177948,,True,True,50.832526637505254,2.5064768193039657
2,Oléagineux,MIS,80900.0,64720.0,8090.0,7.148550724637682,10830.918210823413,379082.13737881946,,True,True,50.88771283207154,2.5191577792557607
25,Cultures permanentes,PTC,80900.0,40450.0,4045.0,7.148550724637682,23275.57638273915,814645.1733958703,,True,True,50.758154295593265,2.5692831594797334
25,Cultures permanentes,PTC,80900.0,40450.0,4045.0,7.148550724637682,13389.328643387666,468626.5025185683,,True,True,50.926226719799054,2.5709487374000206
1,Céréales,BTH,80900.0,64720.0,8090.0,7.148550724637682,19884.674065532763,695963.5922936467,,True,True,50.89505060668811,2.1018443555387525
1,Céréales,BTH,80900.0,64720.0,8090.0,7.148550724637682,14509.842900374044,507844.50151309156,,True,True,51.032091108482284,2.5090893545326343
24,Surfaces non agricoles,BTN,80900.0,48540.0,0.0,7.148550724637682,6049.798649024613,211742.95271586147,,True,False,50.92577806087982,2.2939405580957604
1,Céréales,BTH,80900.0,64720.0,8090.0,7.148550724637682,14110.317327928286,493861.10647749,,True,True,51.03447696939357,2.494403452011011
1,Céréales,BTH,80900.0,64720.0,8090.0,7.148550724637682,28756.99959404552,1006494.9857915932,,True,True,50.97644513067379,1.976139901156482
1,Céréales,BTH,80900.0,64720.0,8090.0,7.148550724637682,4939.006430021495,172865.22505075234,,True,True,50.95003841294113,2.3170916753978883
2,Oléagineux,MIS,80900.0,64720.0,8090.0,7.148550724637682,10236.632418764437,358282.1346567553,,True,True,50.860102508426685,2.2850137846449936
3,Protéagineux,ORP,80900.0,64720.0,8090.0,7.148550724637682,3821.7901195795334,133762.65418528367,,True,True,50.95515866700299,2.342836155960697
25,Cultures permanentes,PTC,80800.0,40400.0,4040.0,7.148550724637682,29096.634891498332,1018382.2212024416,,True,True,50.67741157720542,2.2718498565435743
1,Céréales,BTH,80800.0,64640.0,8080.0,7.148550724637682,12351.032008556427,432286.120299475,,True,True,50.8636312362643,2.5212153124891317
25,Cultures permanentes,PTC,80800.0,40400.0,4040.0,7.148550724637682,17772.504371003288,622037.6529851151,,True,True,50.98052408429777,2.139279377377811
1,Céréales,BTH,80800.0,64640.0,8080.0,7.148550724637682,14206.052092188032,497211.82322658115,,True,True,50.82959121886479,2.2547997108540843
18,Semences,PPH,80800.0,60600.0,6464.0,7.148550724637682,14295.327672003064,500336.4685201073,,True,True,50.80396573228651,2.3398127067586962
25,Cultures permanentes,PTC,80700.0,40350.0,4035.0,7.148550724637682,12376.913213770098,433191.96248195344,,True,True,50.909651473221,2.2064098355284307
3,Protéagineux,ORH,80700.0,64560.0,8070.0,7.148550724637682,29150.270100177913,1020259.453506227,,True,True,50.70667920262567,2.1626678388967813
5,Sucre,CZH,80700.0,60525.0,6456.0,7.148550724637682,18051.75744016089,631811.5104056312,,True,True,50.82298293314214,2.573467396477194
5,Sucre,CZH,80700.0,60525.0,6456.0,7.148550724637682,23724.223993909953,830347.8397868483,,True,True,50.76003559643036,2.175745194113395
1,Céréales,BTH,80700.0,64560.0,8070.0,7.148550724637682,27582.35736942977,965382.507930042,,True,True,50.6930995024308,2.4963938425171657
1,Céréales,BTH,80600.0,64480.0,8060.0,7.148550724637682,19697.69083617175,689419.1792660112,,True,True,50.88624664526723,2.1077724938658124
1,Céréales,BTH,80600.0,64480.0,8060.0,7.148550724637682,13818.927578323766,483662.46524133184,,True,True,50.99840091622469,2.544748132155276
24,Surfaces non agricoles,BTN,80600.0,48360.0,0.0,7.148550724637682,28522.15059758425,998275.2709154487,,True,False,50.93433357852938,1.9730604706286623
2,Oléagineux,MIS,80600.0,64480.0,8060.0,7.148550724637682,21790.60325977058,762671.1140919704,,True,True,50.765631349099536,2.2109952951726637
24,Surfaces non agricoles,BTN,80600.0,48360.0,0.0,7.148550724637682,25491.827730867975,892213.9705803791,,True,False,50.719490649968904,2.2362735817490296
1,Céréales,BTH,80600.0,64480.0,8060.0,7.148550724637682,17182.70146977218,601394.5514420263,,True,True,50.81206908679569,2.5382327504036497
18,Semences,PPH,80500.0,60375.0,6440.0,7.148550724637682,13053.538884023083,456873.8609408079,,True,True,50.82424298051034,2.4607582034618436
1,Céréales,BTH,80500.0,64400.0,8050.0,7.148550724637682,15377.89504886942,538226.3267104297,,True,True,50.81052288838237,2.26963231315
1,Céréales,BTH,80500.0,64400.0,8050.0,7.148550724637682,20478.609971754275,716751.3490113997,,True,True,50.79080046667709,2.571042855777669
9,Fruits,LIF,80500.0,32200.0,6440.0,7.148550724637682,15931.1059666983,557588.7088344404,,True,True,51.006140682795504,2.572718198614623
25,Cultures permanentes,PTC,80399.99999999999,40199.99999999999,4019.9999999999995,7.148550724637682,21404.16082245848,749145.6287860469,,True,True,50.974192523125794,2.0826034987585746
1,Céréales,BTH,80399.99999999999,64319.99999999999,8039.999999999999,7.148550724637682,16685.944164472854,584008.0457565499,,True,True,50.82709984475682,2.553104416776113
5,Sucre,CZH,80399.99999999999,60299.999999999985,6431.999999999999,7.148550724637682,29383.19087814967,1028411.6807352385,,True,True,50.73994508822185,2.0892976154705574
18,Semences,PPH,80399.99999999999,60299.999999999985,6431.999999999999,7.148550724637682,25870.802600165785,905478.0910058025,,True,True,50.75661181946777,2.134310376639743
18,Semences,PPH,80399.99999999999,60299.999999999985,6431.999999999999,7.148550724637682,14232.012190602232,498120.42667107814,,True,True,50.94230862247689,2.177840026371527
1,Céréales,BTH,80399.99999999999,64319.99999999999,8039.999999999999,7.148550724637682,7567.550427833181,264864.26497416134,,True,True,50.877431382600385,2.3114598073053423
1,Céréales,BTP,80300.0,64240.0,8030.0,7.148550724637682,16796.832636462183,587889.1422761764,,True,True,50.85927799080875,2.591620985479375
5,Sucre,CZH,80300.0,60225.0,6424.0,7.148550724637682,27521.14738574673,963240.1585011357,,True,True,50.711842040891,2.1949598196703795
9,Fruits,LIF,80300.0,32120.0,6424.0,7.148550724637682,25221.017215790514,882735.602552668,,True,True,50.74307654766918,2.1765651190108786
18,Semences,PPH,80300.0,60225.0,6424.0,7.148550724637682,16070.646438778906,562472.6253572617,,True,True,50.786719340589705,2.3499986951075558
1,Céréales,BTH,80300.0,64240.0,8030.0,7.148550724637682,16724.936244157016,585372.7685454956,,True,True,50.9359943811858,2.141528602751693
1,Céréales,BTH,80300.0,64240.0,8030.0,7.148550724637682,22686.50983524365,794027.8442335278,,True,True,50.931101856705695,2.0562903378487265
1,Céréales,BTH,80300.0,64240.0,8030.0,7.148550724637682,3488.846129311346,122109.61452589711,,True,True,50.960203210145075,2.366512482437441
1,Céréales,BTH,80300.0,64240.0,8030.0,7.148550724637682,18742.8089788152,655998.314258532,,True,True,50.89596669886942,2.118165435060967
19,Légumineuses,PTR,80200.0,64160.0,8020.0,7.148550724637682,10686.536305173306,374028.7706810657,,True,True,50.93196548490094,2.2275441147284547
25,Cultures permanentes,NVT,80200.0,40100.0,4010.0,7.148550724637682,22113.84377668116,773984.5321838405,,True,True,50.92300260723119,2.0646798467552125
2,Oléagineux,MIS,80200.0,64160.0,8020.0,7.148550724637682,13103.756619806847,458631.48169323965,,True,True,50.83523454467541,2.268970828486381
2,Oléagineux,MIS,80200.0,64160.0,8020.0,7.148550724637682,15771.983195794868,552019.4118528204,,True,True,50.912103554972866,2.6032066153332862
24,Surfaces non agricoles,BTN,80200.0,48120.0,0.0,7.148550724637682,8320.410798052146,291214.3779318251,,True,False,50.94270668384787,2.4970143446960478
1,Céréales,BTH,80200.0,64160.0,8020.0,7.148550724637682,15027.187236175414,525951.5532661395,,True,True,50.822704002545045,2.510215290276305
1,Céréales,BTH,80200.0,64160.0,8020.0,7.148550724637682,13255.46345369283,463941.22087924904,,True,True,50.81201700855568,2.3529750632453115
1,Céréales,BTH,80200.0,64160.0,8020.0,7.148550724637682,18327.14663940397,641450.132379139,,True,True,50.77022065636067,2.4440688036541496
1,Céréales,BTH,80200.0,64160.0,8020.0,7.148550724637682,15544.987406392489,544074.5592237371,,True,True,50.849503758957894,2.561192649287537
1,Céréales,BTH,80200.0,64160.0,8020.0,7.148550724637682,19366.77488416142,677837.1209456497,,True,True,50.795330994980596,2.5549903289775306
3,Protéagineux,ORH,80200.0,64160.0,8020.0,7.148550724637682,20601.736371816107,721060.7730135637,,True,True,50.979104856001996,2.096399657595173
1,Céréales,BTH,80200.0,64160.0,8020.0,7.148550724637682,18646.399026605515,652623.9659311931,,True,True,50.89886843379067,2.1186498859023177
25,Cultures permanentes,PTC,80100.0,40050.0,4005.0,7.148550724637682,23031.004854603816,806085.1699111336,,True,True,50.74093359585263,2.5139246903708883
9,Fruits,LIF,80100.0,32040.0,6408.0,7.148550724637682,11692.499802128297,409237.4930744904,,True,True,50.96967264202109,2.225425340027597
16,Gel,MLG,80100.0,72090.0,0.0,7.148550724637682,17894.618980807423,626311.6643282598,,True,False,50.76941123612329,2.3634053568358833
1,Céréales,BTH,80100.0,64080.0,8010.0,7.148550724637682,6391.213190025785,223692.46165090246,,True,True,50.971523326291106,2.316915115563485
1,Céréales,BTH,80100.0,64080.0,8010.0,7.148550724637682,12455.541815432978,435943.9635401542,,True,True,50.82022622074658,2.344664491810797
25,Cultures permanentes,PTC,80100.0,40050.0,4005.0,7.148550724637682,24740.225519029005,865907.8931660152,,True,True,50.70952029297388,2.332715453798916
1,Céréales,BTH,80100.0,64080.0,8010.0,7.148550724637682,13265.301124658596,464285.53936305083,,True,True,50.824631247909316,2.2913433559780683
1,Céréales,BTH,80100.0,64080.0,8010.0,7.148550724637682,18630.322909391984,652061.3018287194,,True,True,51.0515147259162,2.5632593504179813
25,Cultures permanentes,PTC,80000.0,40000.0,4000.0,7.148550724637682,8478.281288352682,296739.84509234386,,True,True,50.85519016949914,2.4033588511124324
25,Cultures permanentes,OIG,80000.0,40000.0,4000.0,7.148550724637682,7411.877503178931,259415.71261126257,,True,True,50.97083407710064,2.2963724321922316
25,Cultures permanentes,NVT,80000.0,40000.0,4000.0,7.148550724637682,5895.481598055164,206341.85593193074,,True,True,50.87767001696009,2.393513491496608
24,Surfaces non agricoles,BTN,80000.0,48000.0,0.0,7.148550724637682,14063.08061929085,492207.82167517976,,True,False,50.80360870652133,2.387172131808662
24,Surfaces non agricoles,BTN,80000.0,48000.0,0.0,7.148550724637682,11017.907994343577,385626.7798020252,,True,False,50.846210699562015,2.463842865464562
25,Cultures permanentes,PTC,80000.0,40000.0,4000.0,7.148550724637682,10659.374089399073,373078.09312896756,,True,True,50.83731054283784,2.4187671755686226
24,Surfaces non agricoles,BTN,80000.0,48000.0,0.0,7.148550724637682,10314.49791967562,361007.4271886467,,True,False,50.85723677143982,2.471211606565852
2,Oléagineux,MIS,80000.0,64000.0,8000.0,7.148550724637682,16511.78205532267,577912.3719362934,,True,True,50.950210813444365,2.613462445476841
1,Céréales,BTH,80000.0,64000.0,8000.0,7.148550724637682,18498.769582265166,647456.9353792808,,True,True,50.7657888203145,2.4222464697780004
1,Céréales,BTH,80000.0,64000.0,8000.0,7.148550724637682,28072.644817157983,982542.5686005295,,True,True,50.68200031306722,2.305208429948687
1,Céréales,BTH,80000.0,64000.0,8000.0,7.148550724637682,5382.353261200942,188382.36414203298,,True,True,50.91437183934406,2.452674745870751
1,Céréales,BTH,80000.0,64000.0,8000.0,7.148550724637682,27668.215666640488,968387.548332417,,True,True,50.936057042427294,1.9852973375025085
1,Céréales,BTH,80000.0,64000.0,8000.0,7.148550724637682,19604.6793954409,686163.7788404315,,True,True,50.76715807572582,2.4870411171900244
5,Sucre,CZH,80000.0,60000.0,6400.0,7.148550724637682,25025.186584152456,875881.5304453359,,True,True,50.76780434255732,2.627119685485219
1,Céréales,BTH,80000.0,64000.0,8000.0,7.148550724637682,13527.974508679332,473479.1078037766,,True,True,51.003318452682855,2.534159436432043
9,Fruits,LIF,80000.0,32000.0,6400.0,7.148550724637682,25321.771129538156,886261.9895338354,,True,True,50.952671434905454,2.0203945958267306
25,Cultures permanentes,PTC,80000.0,40000.0,4000.0,7.148550724637682,23728.537586215207,830498.8155175323,,True,True,50.748704457674464,2.5582433839603764
25,Cultures permanentes,PTC,80000.0,40000.0,4000.0,7.148550724637682,10650.73079377924,372775.57778227335,,True,True,50.872964738959055,2.2579808744463112
1,Céréales,BTH,80000.0,64000.0,8000.0,7.148550724637682,9918.897515942775,347161.4130579971,,True,True,50.84287433841454,2.34966386161305
1,Céréales,BTH,80000.0,64000.0,8000.0,7.148550724637682,28491.54196690562,997203.9688416967,,True,True,50.68645708532849,2.2539859939574907
1,Céréales,BTH,80000.0,64000.0,8000.0,7.148550724637682,20279.600011249382,709786.0003937284,,True,True,50.80708485963685,2.166505734188163
25,Cultures permanentes,PTC,79900.0,39950.0,3995.0,7.148550724637682,14875.139108174015,520629.8687860905,,True,True,50.999707398983084,2.5612941745312963
25,Cultures permanentes,PTC,79900.0,39950.0,3995.0,7.148550724637682,10024.453022169382,350855.85577592836,,True,True,50.86570540050873,2.4801973584142942
1,Céréales,BTH,79900.0,63920.0,7990.0,7.148550724637682,18922.91973808097,662302.190832834,,True,True,50.901382889451355,2.113918471501027
1,Céréales,BTH,79900.0,63920.0,7990.0,7.148550724637682,21276.581600759808,744680.3560265932,,True,True,50.98142579618426,2.0874157298717586
1,Céréales,BTH,79900.0,63920.0,7990.0,7.148550724637682,11142.165049414716,389975.77672951506,,True,True,50.89344507052464,2.232028979650763
1,Céréales,BTH,79900.0,63920.0,7990.0,7.148550724637682,24928.127836778738,872484.4742872558,,True,True,50.70770378245959,2.4259537775489792
9,Fruits,LIF,79900.0,31960.0,6392.0,7.148550724637682,19604.450917547856,686155.7821141749,,True,True,50.8278283260379,2.6077228075702403
1,Céréales,BTH,79900.0,63920.0,7990.0,7.148550724637682,5850.584656634584,204770.46298221042,,True,True,50.96264558000878,2.314507611705542
9,Fruits,LIF,79900.0,31960.0,6392.0,7.148550724637682,25625.78958604149,896902.6355114521,,True,True,50.92102034371805,2.01466214756124
24,Surfaces non agricoles,BTN,79900.0,47940.0,0.0,7.148550724637682,14723.812241523408,515333.4284533193,,True,False,50.798212014215174,2.400382973608938
2,Oléagineux,MIS,79800.0,63840.0,7980.0,7.148550724637682,10790.906574714032,377681.73011499114,,True,True,50.84049219377949,2.320562453449591
3,Protéagineux,ORH,79800.0,63840.0,7980.0,7.148550724637682,15917.11558838023,557099.045593308,,True,True,51.02391855731061,2.551573516795231
25,Cultures permanentes,PTC,79800.0,39900.0,3990.0,7.148550724637682,3791.815351409856,132713.53729934496,,True,True,50.94676391967677,2.4271240675974974
25,Cultures permanentes,PTC,79800.0,39900.0,3990.0,7.148550724637682,28255.34909969593,988937.2184893575,,True,True,50.785191785207175,2.7107853171563283
1,Céréales,BTH,79800.0,63840.0,7980.0,7.148550724637682,24735.42073380695,865739.7256832432,,True,True,50.70764186842406,2.3901723274042
1,Céréales,BTH,79800.0,63840.0,7980.0,7.148550724637682,25967.61174603661,908866.4111112814,,True,True,50.952142796757215,2.0110532793850733
1,Céréales,BTH,79800.0,63840.0,7980.0,7.148550724637682,29305.161384032483,1025680.6484411369,,True,True,50.90918587441261,1.9632479813169255
24,Surfaces non agricoles,BTN,79800.0,47880.0,0.0,7.148550724637682,29001.21687702934,1015042.5906960269,,True,False,50.96142730431332,1.9690619033062369
9,Fruits,LIF,79800.0,31920.0,6384.0,7.148550724637682,8176.859286150414,286190.0750152645,,True,True,50.98740873645624,2.4529575746187224
1,Céréales,BTH,79800.0,63840.0,7980.0,7.148550724637682,27157.341507482022,950506.9527618708,,True,True,50.93605985180692,1.992589722331194
9,Fruits,LIF,79800.0,31920.0,6384.0,7.148550724637682,28139.612406483026,984886.4342269059,,True,True,50.90541277902388,1.9804848976212077
9,Fruits,LIF,79800.0,31920.0,6384.0,7.148550724637682,26957.594945085777,943515.8230780022,,True,True,50.83774283180818,2.0246381476331448
9,Fruits,LIF,79800.0,31920.0,6384.0,7.148550724637682,28360.111498123602,992603.9024343261,,True,True,50.72845516393388,2.132546814786795
25,Cultures permanentes,PTC,79700.0,39850.0,3985.0,7.148550724637682,5296.862550406666,185390.1892642333,,True,True,50.90369261229399,2.4429911836174703
3,Protéagineux,ORP,79700.0,63760.0,7970.0,7.148550724637682,21348.66875390556,747203.4063866946,,True,True,50.814127166136025,2.6225857514142645
2,Oléagineux,MIS,79700.0,63760.0,7970.0,7.148550724637682,10809.762523293315,378341.68831526604,,True,True,50.86725917304462,2.2622598526407693
2,Oléagineux,MIS,79700.0,63760.0,7970.0,7.148550724637682,14653.32789364742,512866.4762776597,,True,True,51.04475470145864,2.482921076636104
1,Céréales,BTH,79700.0,63760.0,7970.0,7.148550724637682,7434.745859883311,260216.10509591587,,True,True,50.86723065020527,2.416521909164407
9,Fruits,LIF,79700.0,31880.0,6376.0,7.148550724637682,15656.193309411112,547966.7658293889,,True,True,50.9808731359924,2.171581963715476
1,Céréales,BTH,79700.0,63760.0,7970.0,7.148550724637682,14638.349791139692,512342.2426898892,,True,True,51.02771303164368,2.5201194455704803
1,Céréales,BTH,79700.0,63760.0,7970.0,7.148550724637682,8880.518457882297,310818.1460258804,,True,True,50.85272441445557,2.348025107976525
1,Céréales,BTH,79700.0,63760.0,7970.0,7.148550724637682,14444.9012126803,505571.54244381055,,True,True,50.807365128497864,2.4479004614406783
24,Surfaces non agricoles,BTN,79700.0,47820.0,0.0,7.148550724637682,28979.29951023472,1014275.4828582152,,True,False,50.68205698242551,2.252957162589738
24,Surfaces non agricoles,BTN,79600.0,47760.0,0.0,7.148550724637682,15901.535271890596,556553.7345161708,,True,False,51.04793859890153,2.5084853793961464
2,Oléagineux,MIS,79600.0,63680.0,7960.0,7.148550724637682,29246.99198242573,1023644.7193849005,,True,True,50.68669308959216,2.538119998966155
24,Surfaces non agricoles,BTN,79600.0,47760.0,0.0,7.148550724637682,14295.004810543569,500325.16836902493,,True,False,50.831540690383584,2.5110143054877674
1,Céréales,BTH,79600.0,63680.0,7960.0,7.148550724637682,23923.08858893446,837308.1006127062,,True,True,50.78530691980159,2.127767035752786
2,Oléagineux,MIS,79600.0,63680.0,7960.0,7.148550724637682,13297.73591243106,465420.75693508715,,True,True,50.902686892085214,2.564674173294274
2,Oléagineux,MIS,79500.0,63600.0,7950.0,7.148550724637682,15511.841268953567,542914.4444133749,,True,True,50.807749672797144,2.4864770975784967
18,Semences,PPH,79500.0,59625.0,6360.0,7.148550724637682,17809.365297075467,623327.7853976414,,True,True,50.772019205544616,2.338260744530007
9,Fruits,LIF,79500.0,31800.0,6360.0,7.148550724637682,16762.528484150418,586688.4969452646,,True,True,50.89657784930911,2.146854173566008
9,Fruits,LIF,79500.0,31800.0,6360.0,7.148550724637682,28973.03654781767,1014056.2791736185,,True,True,50.69453918268674,2.556589729026826
1,Céréales,BTH,79500.0,63600.0,7950.0,7.148550724637682,13114.129561107198,458994.53463875194,,True,True,51.02340211261604,2.4943679521534903
1,Céréales,BTH,79500.0,63600.0,7950.0,7.148550724637682,4402.927732896585,154102.47065138048,,True,True,50.93329403644158,2.4426091420055043
2,Oléagineux,MIS,79500.0,63600.0,7950.0,7.148550724637682,13225.057667628276,462877.0183669897,,True,True,50.86623092235501,2.2208194038613374
24,Surfaces non agricoles,BTN,79500.0,47700.0,0.0,7.148550724637682,12160.814615406927,425628.51153924246,,True,False,50.82156345871375,2.3574658586091513
24,Surfaces non agricoles,BTN,79500.0,47700.0,0.0,7.148550724637682,28640.76674283942,1002426.8359993796,,True,False,50.69121088613872,2.5328095364897965
18,Semences,PPH,79400.0,59550.0,6352.0,7.148550724637682,25169.027274322354,880915.9546012824,,True,True,50.71392286809055,2.4867200405782874
25,Cultures permanentes,PTC,79400.0,39700.0,3970.0,7.148550724637682,7439.189870931865,260371.64548261528,,True,True,50.88770647980163,2.2977901395438676
9,Fruits,LIF,79400.0,31760.0,6352.0,7.148550724637682,27454.45182132451,960905.8137463578,,True,True,50.9382619446755,1.9884408312371928
2,Oléagineux,MIS,79400.0,63520.0,7940.0,7.148550724637682,16716.257127055804,585068.9994469532,,True,True,50.83033207592515,2.2016249890246233
1,Céréales,BTH,79400.0,63520.0,7940.0,7.148550724637682,29258.93691268316,1024062.7919439105,,True,True,50.845964193990774,1.9847286947624259
1,Céréales,BTH,79400.0,63520.0,7940.0,7.148550724637682,13165.531676663451,460793.6086832208,,True,True,50.95515654376982,2.19638258151626
1,Céréales,BTH,79400.0,63520.0,7940.0,7.148550724637682,4237.153647830576,148300.37767407016,,True,True,50.943252674527606,2.323306907337136
1,Céréales,BTH,79400.0,63520.0,7940.0,7.148550724637682,13622.64165777824,476792.4580222384,,True,True,51.031490690238066,2.4889927603272324
1,Céréales,BTH,79400.0,63520.0,7940.0,7.148550724637682,14679.42287272745,513779.8005454607,,True,True,50.96477506903559,2.582136414393445
1,Céréales,BTP,79400.0,63520.0,7940.0,7.148550724637682,27335.687472599147,956749.0615409701,,True,True,50.83922528168814,2.017868614432485
25,Cultures permanentes,PTC,79300.0,39650.0,3965.0,7.148550724637682,18704.20471321385,654647.1649624847,,True,True,50.76869910183578,2.455578619121537
18,Semences,PPH,79300.0,59475.0,6344.0,7.148550724637682,12410.263939129545,434359.23786953406,,True,True,50.85652525984697,2.513188711266897
25,Cultures permanentes,PTC,79300.0,39650.0,3965.0,7.148550724637682,13212.996249780288,462454.8687423101,,True,True,50.96770249880629,2.2011349573183847
1,Céréales,BTH,79300.0,63440.0,7930.0,7.148550724637682,25554.31951549068,894401.1830421737,,True,True,50.70611799755005,2.462124250509895
24,Surfaces non agricoles,BTN,79300.0,47580.0,0.0,7.148550724637682,26093.226480195965,913262.9268068587,,True,False,50.74489074656334,2.151622889994601
24,Surfaces non agricoles,BTN,79300.0,47580.0,0.0,7.148550724637682,4194.558772137846,146809.5570248246,,True,False,50.92528636210585,2.4393794070364154
1,Céréales,BTH,79300.0,63440.0,7930.0,7.148550724637682,4599.529985921928,160983.54950726745,,True,True,50.94776620886495,2.3207205116442577
25,Cultures permanentes,PTC,79200.0,39600.0,3960.0,7.148550724637682,9231.883075153262,323115.9076303642,,True,True,50.96737413669393,2.2623261035501967
1,Céréales,BTH,79200.0,63360.0,7920.0,7.148550724637682,10336.817446320138,361788.61062120483,,True,True,50.965233448964696,2.2434581213080453
2,Oléagineux,MIS,79100.0,63280.0,7910.0,7.148550724637682,29322.98658709255,1026304.5305482392,,True,True,50.670604617273085,2.4551500960444272
2,Oléagineux,MIS,79100.0,63280.0,7910.0,7.148550724637682,6044.879293384725,211570.7752684654,,True,True,50.895629590421784,2.4468021272485183
3,Protéagineux,ORH,79100.0,63280.0,7910.0,7.148550724637682,29598.097361351265,1035933.4076472942,,True,True,50.904933418864815,1.9596588215805144
9,Fruits,LIF,79100.0,31640.0,6328.0,7.148550724637682,13656.029634323611,477961.0372013264,,True,True,50.87339736425715,2.2071788748224512
2,Oléagineux,MIS,79100.0,63280.0,7910.0,7.148550724637682,5889.269139430515,206124.41988006802,,True,True,50.8773980688373,2.370203598493981
1,Céréales,BTH,79100.0,63280.0,7910.0,7.148550724637682,17597.388816153132,615908.6085653596,,True,True,50.772644700496,2.406722555130319
1,Céréales,BTH,79100.0,63280.0,7910.0,7.148550724637682,25457.605521230536,891016.1932430688,,True,True,50.71429775221589,2.258527010402179
1,Céréales,BTH,79100.0,63280.0,7910.0,7.148550724637682,21738.389711926604,760843.6399174312,,True,True,50.76699655877857,2.5509487189891304
1,Céréales,BTH,79000.0,63200.0,7900.0,7.148550724637682,23958.422509154567,838544.7878204099,,True,True,50.74021815266095,2.2184678750366045
1,Céréales,BTH,79000.0,63200.0,7900.0,7.148550724637682,3263.413171374228,114219.46099809799,,True,True,50.90232411929048,2.3954911669641383
18,Semences,PPH,79000.0,59250.0,6320.0,7.148550724637682,16167.120966499233,565849.2338274731,,True,True,50.79847922115792,2.4782040851385387
1,Céréales,BTH,79000.0,63200.0,7900.0,7.148550724637682,12564.950588431426,439773.2705950999,,True,True,50.820659334476225,2.425199476844983
2,Oléagineux,MID,79000.0,63200.0,7900.0,7.148550724637682,12298.78209972976,430457.3734905416,,True,True,50.822903586616405,2.4238035583528235
25,Cultures permanentes,PTC,79000.0,39500.0,3950.0,7.148550724637682,7185.267667818507,251484.36837364774,,True,True,50.86778312157819,2.4076739572500347
24,Surfaces non agricoles,BTN,79000.0,47400.0,0.0,7.148550724637682,16882.31111668011,590880.8890838039,,True,False,50.81528468006226,2.537606022438234
9,Fruits,LIF,79000.0,31600.0,6320.0,7.148550724637682,19864.680635481236,695263.8222418432,,True,True,50.80149024709784,2.5766243379022837
2,Oléagineux,MIS,79000.0,63200.0,7900.0,7.148550724637682,15753.853698995452,551384.8794648409,,True,True,50.85520754132465,2.570761082715151
1,Céréales,BTH,79000.0,63200.0,7900.0,7.148550724637682,14299.693379420967,500489.26827973383,,True,True,50.97576817657846,2.5707747317807637
5,Sucre,CZH,79000.0,59250.0,6320.0,7.148550724637682,15568.837440274327,544909.3104096014,,True,True,51.04728594268716,2.5014849677346245
9,Fruits,LIF,79000.0,31600.0,6320.0,7.148550724637682,25542.555615745983,893989.4465511094,,True,True,50.770450090740916,2.1182450629358933
9,Fruits,LIF,79000.0,31600.0,6320.0,7.148550724637682,14331.012163619273,501585.42572667456,,True,True,50.99298065353375,2.5585295382533615
9,Fruits,LIF,78900.0,31560.0,6312.0,7.148550724637682,5110.884509471172,178880.95783149102,,True,True,50.89997855171341,2.324796562927376
2,Oléagineux,MIS,78900.0,63120.0,7890.0,7.148550724637682,12622.796505644079,441797.8776975428,,True,True,50.83312211079993,2.4737865550513147
1,Céréales,BTH,78900.0,63120.0,7890.0,7.148550724637682,14053.146969531253,491860.1439335939,,True,True,50.93832599247466,2.179895465057318
19,Légumineuses,PTR,78800.0,63040.0,7880.0,7.148550724637682,23356.36174336928,817472.6610179249,,True,True,50.75370115826873,2.5608335003891964
3,Protéagineux,ORH,78800.0,63040.0,7880.0,7.148550724637682,27622.953297343374,966803.3654070181,,True,True,50.76401599643202,2.087268801862482
9,Fruits,LIF,78800.0,31520.0,6304.0,7.148550724637682,28181.23190486435,986343.1166702523,,True,True,50.875977224440426,1.987355295619306
2,Oléagineux,MIS,78800.0,63040.0,7880.0,7.148550724637682,22127.181188800503,774451.3416080176,,True,True,50.74684030728939,2.503181980214717
18,Semences,PPH,78800.0,59100.0,6304.0,7.148550724637682,29696.747085868716,1039386.1480054051,,True,True,50.66465500136791,2.42793655686272
1,Céréales,BTH,78800.0,63040.0,7880.0,7.148550724637682,25061.16190479784,877140.6666679244,,True,True,50.71162689716341,2.291731588465707
1,Céréales,BTH,78800.0,63040.0,7880.0,7.148550724637682,27819.32375196589,973676.3313188062,,True,True,50.717162289010545,2.5881687024243734
25,Cultures permanentes,PTC,78700.0,39350.0,3935.0,7.148550724637682,28007.806014971782,980273.2105240123,,True,True,50.721564603673826,2.6038726514230945
3,Protéagineux,ORH,78700.0,62960.0,7870.0,7.148550724637682,28293.217817085846,990262.6235980046,,True,True,50.735004652820265,2.6388126259124767
2,Oléagineux,MIS,78700.0,62960.0,7870.0,7.148550724637682,26426.62236586676,924931.7828053365,,True,True,50.692401933140545,2.371391442699458
2,Oléagineux,MIS,78700.0,62960.0,7870.0,7.148550724637682,5884.373181196879,205953.06134189077,,True,True,50.980803451649486,2.356481748321902
2,Oléagineux,MIS,78700.0,62960.0,7870.0,7.148550724637682,8835.576387678891,309245.1735687612,,True,True,50.89940534055107,2.496315432471533
24,Surfaces non agricoles,BTN,78700.0,47220.0,0.0,7.148550724637682,24366.65032164604,852832.7612576114,,True,False,50.98265519382849,2.0423109973951146
24,Surfaces non agricoles,BTN,78700.0,47220.0,0.0,7.148550724637682,12012.41430637435,420434.50072310225,,True,False,50.84304157257384,2.2783929122034317
1,Céréales,BTH,78700.0,62960.0,7870.0,7.148550724637682,11454.134871782577,400894.7205123902,,True,True,51.0075111944284,2.4877346427013602
1,Céréales,BTH,78700.0,62960.0,7870.0,7.148550724637682,20577.50567486467,720212.6986202635,,True,True,50.856890276015626,2.1104789724990423
1,Céréales,BTH,78700.0,62960.0,7870.0,7.148550724637682,21535.45032277312,753740.7612970591,,True,True,50.95911161755111,2.0761099142877733
1,Céréales,BTH,78700.0,62960.0,7870.0,7.148550724637682,25836.355819172808,904272.4536710483,,True,True,50.701823374343476,2.4494040256543643
1,Céréales,BTH,78700.0,62960.0,7870.0,7.148550724637682,8858.38329901027,310043.4154653594,,True,True,50.96309827126361,2.4950144662076132
25,Cultures permanentes,PTC,78600.0,39300.0,3930.0,7.148550724637682,7897.171545639921,276401.0040973972,,True,True,50.97607902995013,2.465789206208811
25,Cultures permanentes,PTC,78600.0,39300.0,3930.0,7.148550724637682,8815.764265426184,308551.7492899164,,True,True,50.989938104614794,2.2976093805757807
25,Cultures permanentes,PTC,78600.0,39300.0,3930.0,7.148550724637682,17990.01505921719,629650.5270726016,,True,True,50.769477572171596,2.4119906297758242
25,Cultures permanentes,PTC,78600.0,39300.0,3930.0,7.148550724637682,7067.271204053696,247354.49214187937,,True,True,50.869247138894856,2.409606176687946
1,Céréales,BTH,78600.0,62880.0,7860.0,7.148550724637682,20699.849954351077,724494.7484022877,,True,True,50.981325587915286,2.0959280339021245
1,Céréales,BTH,78600.0,62880.0,7860.0,7.148550724637682,8259.888997747224,289096.1149211529,,True,True,50.98165185545112,2.295249748608066
1,Céréales,BTH,78600.0,62880.0,7860.0,7.148550724637682,12036.652289431451,421282.8301301008,,True,True,50.82814966549303,2.438107024407171
1,Céréales,BTH,78600.0,62880.0,7860.0,7.148550724637682,15575.523362298924,545143.3176804624,,True,True,51.03759540207696,2.522466308748271
24,Surfaces non agricoles,BTN,78600.0,47160.0,0.0,7.148550724637682,27732.393216540626,970633.7625789219,,True,False,50.95694354211581,1.9864922334286872
25,Cultures permanentes,PTC,78500.0,39250.0,3925.0,7.148550724637682,12408.034845971715,434281.21960901003,,True,True,51.00175528470993,2.515694607590376
25,Cultures permanentes,PTC,78500.0,39250.0,3925.0,7.148550724637682,4269.4951965467635,149432.33187913673,,True,True,50.9141949856465,2.324489129383563
25,Cultures permanentes,PTC,78500.0,39250.0,3925.0,7.148550724637682,29129.37039535785,1019527.9638375248,,True,True,50.752020635179775,2.684405269230835
2,Oléagineux,MIS,78500.0,62800.0,7850.0,7.148550724637682,6288.003728870277,220080.13051045968,,True,True,50.958932292092825,2.4571141977096556
2,Oléagineux,MIS,78500.0,62800.0,7850.0,7.148550724637682,29334.85132475828,1026719.7963665399,,True,True,50.73812297654753,2.6666781235537247
2,Oléagineux,MIS,78500.0,62800.0,7850.0,7.148550724637682,25106.25829675647,878719.0403864764,,True,True,50.735715161708946,2.5621353261049404
1,Céréales,BTH,78500.0,62800.0,7850.0,7.148550724637682,27656.65441798169,967982.9046293591,,True,True,50.79401173934617,2.050059877913001
1,Céréales,BTH,78500.0,62800.0,7850.0,7.148550724637682,5197.306689956735,181905.7341484857,,True,True,50.908839897599364,2.3138902474552134
1,Céréales,BTH,78500.0,62800.0,7850.0,7.148550724637682,22213.917692177805,777487.1192262232,,True,True,50.94403561381014,2.063768349089555
1,Céréales,BTH,78500.0,62800.0,7850.0,7.148550724637682,28931.421817569302,1012599.7636149256,,True,True,50.68498378314521,2.2414634410309926
1,Céréales,BTP,78400.0,62720.0,7840.0,7.148550724637682,952.1226542341471,33324.29289819515,,True,True,50.9328610748467,2.3671947476832766
1,Céréales,BTH,78400.0,62720.0,7840.0,7.148550724637682,27253.992403581153,953889.7341253404,,True,True,50.690401116015394,2.2982735969846
9,Fruits,LIF,78400.0,31360.0,6272.0,7.148550724637682,19532.584071202098,683640.4424920734,,True,True,50.86655357271466,2.1202840917795243
9,Fruits,LIF,78400.0,31360.0,6272.0,7.148550724637682,18133.806772213884,634683.237027486,,True,True,50.76898413078053,2.420978946814108
2,Oléagineux,MIS,78400.0,62720.0,7840.0,7.148550724637682,21207.9100569969,742276.8519948915,,True,True,50.73927521643299,2.3784433643070715
18,Semences,PPH,78300.0,58725.0,6264.0,7.148550724637682,20277.129600204065,709699.5360071423,,True,True,50.78241608398621,2.210322818731131
3,Protéagineux,ORP,78300.0,62640.0,7830.0,7.148550724637682,25355.70583520864,887449.7042323024,,True,True,50.90695585650463,2.0201443295263815
1,Céréales,BTH,78300.0,62640.0,7830.0,7.148550724637682,1475.5569152571227,51644.4920339993,,True,True,50.937426482371365,2.397449943081953
9,Fruits,LIF,78300.0,31320.0,6264.0,7.148550724637682,4583.347768390539,160417.17189366888,,True,True,50.969989473690205,2.3641387732816037
2,Oléagineux,MIS,78300.0,62640.0,7830.0,7.148550724637682,20212.56083525831,707439.6292340409,,True,True,50.778999818412274,2.5403064250217944
25,Cultures permanentes,PTC,78300.0,39150.0,3915.0,7.148550724637682,13662.061910965596,478172.1668837959,,True,True,50.86993681377438,2.5499511897433984
25,Cultures permanentes,PTC,78300.0,39150.0,3915.0,7.148550724637682,17254.300643844763,603900.5225345667,,True,True,50.94766293578173,2.6246453227355633
16,Gel,TRE,78300.0,70470.0,0.0,7.148550724637682,18441.637638655804,645457.3173529531,,True,False,50.77916375938653,2.270774250772022
25,Cultures permanentes,PTC,78300.0,39150.0,3915.0,7.148550724637682,19792.076651686602,692722.6828090311,,True,True,50.77580149966825,2.5208322571582022
1,Céréales,BTH,78300.0,62640.0,7830.0,7.148550724637682,16659.651785004622,583087.8124751617,,True,True,50.98210749733254,2.6029989937490843
1,Céréales,BTH,78300.0,62640.0,7830.0,7.148550724637682,6308.671735365473,220803.51073779157,,True,True,50.927549956413436,2.469931122076429
1,Céréales,BTH,78300.0,62640.0,7830.0,7.148550724637682,19924.298797535495,697350.4579137423,,True,True,50.974303497807185,2.1043988732228027
25,Cultures permanentes,PTC,78300.0,39150.0,3915.0,7.148550724637682,16220.44337985592,567715.5182949572,,True,True,50.79967772944236,2.2761601194517525
9,Fruits,LIF,78200.0,31280.0,6256.0,7.148550724637682,5990.516504073103,209668.07764255858,,True,True,50.8764774588596,2.389742316625349
24,Surfaces non agricoles,BTN,78200.0,46920.0,0.0,7.148550724637682,27309.480489723097,955831.8171403084,,True,False,50.91630721024398,1.9909881510437288
1,Céréales,BTH,78200.0,62560.0,7820.0,7.148550724637682,21970.41917708376,768964.6711979316,,True,True,50.80441956389898,2.621702032588196
9,Fruits,LIF,78200.0,31280.0,6256.0,7.148550724637682,21195.19664543618,741831.8825902663,,True,True,50.93683121510316,2.077740898144376
1,Céréales,BTH,78200.0,62560.0,7820.0,7.148550724637682,24298.623331354716,850451.816597415,,True,True,50.778504287852975,2.130537554577173
3,Protéagineux,ORH,78100.0,62480.0,7810.0,7.148550724637682,26648.176723346256,932686.185317119,,True,True,50.78413120196157,2.0787802789346834
2,Oléagineux,MIS,78100.0,62480.0,7810.0,7.148550724637682,25738.757680173865,900856.5188060852,,True,True,50.79444280779763,2.0827362181749165
9,Fruits,LIF,78100.0,31240.0,6248.0,7.148550724637682,22110.383851657803,773863.4348080232,,True,True,50.759614902578186,2.217657170115497
1,Céréales,BTH,78100.0,62480.0,7810.0,7.148550724637682,26460.955473470254,926133.4415714589,,True,True,50.69591685461807,2.4477841640253652
1,Céréales,BTH,78100.0,62480.0,7810.0,7.148550724637682,15590.234536493144,545658.20877726,,True,True,50.790464289895745,2.358300657813286
1,Céréales,BTH,78100.0,62480.0,7810.0,7.148550724637682,17686.26616583253,619019.3158041385,,True,True,50.83380935991103,2.580776565478544
24,Surfaces non agricoles,BTN,78100.0,46860.0,0.0,7.148550724637682,14131.9001105072,494616.50386775204,,True,False,50.80931913650028,2.3168491626837935
1,Céréales,BTH,78100.0,62480.0,7810.0,7.148550724637682,11292.374920885119,395233.12223097915,,True,True,50.95172583929169,2.2225644291779663
2,Oléagineux,MIS,78100.0,62480.0,7810.0,7.148550724637682,10579.487561640075,370282.06465740263,,True,True,51.02194699600261,2.4188396460457198
18,Semences,PPH,78100.0,58575.0,6248.0,7.148550724637682,29434.457698384052,1030206.0194434419,,True,True,50.87526065723896,1.9693232964600151
25,Cultures permanentes,PTC,78100.0,39050.0,3905.0,7.148550724637682,14038.81921954683,491358.672684139,,True,True,50.81321229019685,2.3039913385615467
25,Cultures permanentes,CHU,78000.0,39000.0,3900.0,7.148550724637682,16678.899814201366,583761.4934970478,,True,True,50.78509979812497,2.441415883949249
9,Fruits,LIF,78000.0,31200.0,6240.0,7.148550724637682,16384.27276963518,573449.5469372313,,True,True,50.97618587147508,2.1578865153234355
9,Fruits,LIF,78000.0,31200.0,6240.0,7.148550724637682,13641.36947214308,477447.9315250078,,True,True,50.80930313805506,2.3451900394081173
1,Céréales,BTH,78000.0,62400.0,7800.0,7.148550724637682,20087.361641924777,703057.6574673672,,True,True,50.76931111832462,2.510740653526161
1,Céréales,BTH,78000.0,62400.0,7800.0,7.148550724637682,12535.255860132713,438733.95510464493,,True,True,50.831974500075475,2.4682403523500867
2,Oléagineux,MIS,78000.0,62400.0,7800.0,7.148550724637682,23804.099549879767,833143.4842457919,,True,True,50.76726055282297,2.1597119320368217
25,Cultures permanentes,OIG,78000.0,39000.0,3900.0,7.148550724637682,3321.338334556776,116246.84170948715,,True,True,50.95190347879884,2.4122291465705414
25,Cultures permanentes,PTC,78000.0,39000.0,3900.0,7.148550724637682,6508.652377524278,227802.83321334972,,True,True,50.90356301024443,2.2971647032184173
25,Cultures permanentes,PTC,77900.0,38950.0,3895.0,7.148550724637682,21577.89458135882,755226.3103475587,,True,True,50.95487697640571,2.0745669008765484
25,Cultures permanentes,PTC,77900.0,38950.0,3895.0,7.148550724637682,19772.996181244715,692054.866343565,,True,True,50.7573752205498,2.447592998836921
25,Cultures permanentes,PTC,77900.0,38950.0,3895.0,7.148550724637682,7635.134750436107,267229.71626526373,,True,True,50.97810676453017,2.45777735201546
25,Cultures permanentes,CHU,77900.0,38950.0,3895.0,7.148550724637682,16733.505156248873,585672.6804687106,,True,True,50.780318827441235,2.404652295138198
9,Fruits,LIF,77900.0,31160.0,6232.0,7.148550724637682,28398.182509290888,993936.387825181,,True,True,50.95852969252541,1.9772029321501956
1,Céréales,BTH,77900.0,62320.0,7790.0,7.148550724637682,26259.855329366812,919094.9365278385,,True,True,50.80832761154219,2.0592788328986704
9,Fruits,LIF,77900.0,31160.0,6232.0,7.148550724637682,14569.512325053754,509932.93137688143,,True,True,50.93508934863802,2.587744663995815
3,Protéagineux,ORH,77900.0,62320.0,7790.0,7.148550724637682,19407.33692976538,679256.7925417883,,True,True,50.97275299711731,2.1113925729564493
24,Surfaces non agricoles,BTN,77900.0,46740.0,0.0,7.148550724637682,29689.729077732904,1039140.5177206516,,True,False,50.82028750900536,1.9942311853573824
24,Surfaces non agricoles,BTN,77900.0,46740.0,0.0,7.148550724637682,11316.108582874067,396063.8004005923,,True,False,50.98257006579187,2.241665452101019
24,Surfaces non agricoles,BTN,77900.0,46740.0,0.0,7.148550724637682,4311.038183164759,150886.33641076658,,True,False,50.90357473515016,2.3350011472883847
3,Protéagineux,ORH,77800.0,62240.0,7780.0,7.148550724637682,12365.894759616642,432806.31658658246,,True,True,50.93784405334452,2.5560224528876225
24,Surfaces non agricoles,BTN,77800.0,46680.0,0.0,7.148550724637682,5426.211960840093,189917.41862940326,,True,False,50.951525542025706,2.3104977353203777
1,Céréales,BTP,77800.0,62240.0,7780.0,7.148550724637682,13233.025580228461,463155.89530799614,,True,True,50.92472873697558,2.1913759629878498
2,Oléagineux,MIS,77800.0,62240.0,7780.0,7.148550724637682,1315.7545848675331,46051.41047036366,,True,True,50.933094540224864,2.361878485124346
1,Céréales,BTH,77800.0,62240.0,7780.0,7.148550724637682,6422.690721572687,224794.17525504404,,True,True,50.91862771638478,2.469839583376665
1,Céréales,BTH,77800.0,62240.0,7780.0,7.148550724637682,21194.106137963892,741793.7148287363,,True,True,50.964166246033344,2.082373272846348
25,Cultures permanentes,PTC,77800.0,38900.0,3890.0,7.148550724637682,20296.70676595665,710384.7368084827,,True,True,50.89416268203314,2.096135232626105
25,Cultures permanentes,PTC,77800.0,38900.0,3890.0,7.148550724637682,22248.666855189236,778703.3399316233,,True,True,50.93340061583845,2.062571228916112
25,Cultures permanentes,PTC,77800.0,38900.0,3890.0,7.148550724637682,13627.488845563803,476962.1095947331,,True,True,51.0356126373044,2.4787599869855628
24,Surfaces non agricoles,BTN,77700.0,46620.0,0.0,7.148550724637682,9496.860001438652,332390.1000503528,,True,False,50.88810909190197,2.4980364315134143
9,Fruits,LIF,77700.0,31080.0,6216.0,7.148550724637682,7081.180512422974,247841.3179348041,,True,True,50.964678668049324,2.2952233673229703
2,Oléagineux,MIS,77700.0,62160.0,7770.0,7.148550724637682,11201.001795037957,392035.0628263285,,True,True,50.82926812760867,2.380765136414022
24,Surfaces non agricoles,BTN,77700.0,46620.0,0.0,7.148550724637682,26735.828182638692,935753.9863923542,,True,False,50.7176656848807,2.2014200528862977
2,Oléagineux,MIS,77700.0,62160.0,7770.0,7.148550724637682,4113.549069189067,143974.21742161736,,True,True,50.894055407057316,2.3938759976472768
1,Céréales,BTH,77700.0,62160.0,7770.0,7.148550724637682,12543.021456669048,439005.7509834167,,True,True,50.8195716166411,2.416479637012436
1,Céréales,BTH,77600.0,62080.0,7760.0,7.148550724637682,16651.249798183817,582793.7429364336,,True,True,50.96194723922784,2.612204098762934
1,Céréales,BTH,77600.0,62080.0,7760.0,7.148550724637682,27478.7792343597,961757.2732025895,,True,True,50.683034677656025,2.393949513193599
1,Céréales,BTH,77600.0,62080.0,7760.0,7.148550724637682,5853.754907504866,204881.42176267033,,True,True,50.877359710242644,2.3810020627939728
1,Céréales,BTH,77600.0,62080.0,7760.0,7.148550724637682,20169.514875997313,705933.020659906,,True,True,50.75815700026682,2.4719623119958545
1,Céréales,BTH,77600.0,62080.0,7760.0,7.148550724637682,18635.527919665292,652243.4771882852,,True,True,50.76348751633074,2.4100969306272493
24,Surfaces non agricoles,BTN,77600.0,46560.0,0.0,7.148550724637682,2002.9387217495598,70102.8552612346,,True,False,50.94056183004216,2.403153787877986
9,Fruits,LIF,77600.0,31040.0,6208.0,7.148550724637682,5952.9277355989825,208352.47074596438,,True,True,50.983071869616886,2.368833422350638
9,Fruits,LIF,77600.0,31040.0,6208.0,7.148550724637682,10398.170806808954,363935.9782383134,,True,True,50.9515984667113,2.5243917350044778
25,Cultures permanentes,PTC,77600.0,38800.0,3880.0,7.148550724637682,14473.744377341209,506581.0532069423,,True,True,50.813163889490504,2.2890747403425906
25,Cultures permanentes,PTC,77600.0,38800.0,3880.0,7.148550724637682,7624.3299859866665,266851.54950953333,,True,True,50.95656931940609,2.279680449405268
25,Cultures permanentes,PTC,77600.0,38800.0,3880.0,7.148550724637682,26205.11159487508,917178.9058206278,,True,True,50.76375725595855,2.6445600746148576
2,Oléagineux,MIS,77600.0,62080.0,7760.0,7.148550724637682,13870.227860811076,485457.9751283876,,True,True,50.81490065670237,2.303809109897945
25,Cultures permanentes,PTC,77500.0,38750.0,3875.0,7.148550724637682,7208.897810830383,252311.4233790634,,True,True,50.87417207350265,2.3277371527169612
2,Oléagineux,MIS,77500.0,62000.0,7750.0,7.148550724637682,12132.030065248562,424621.0522836997,,True,True,50.943257601861745,2.5518518523023688
2,Oléagineux,MIS,77500.0,62000.0,7750.0,7.148550724637682,14201.636752153148,497057.2863253602,,True,True,50.81167588184215,2.3038168370169436
3,Protéagineux,ORH,77500.0,62000.0,7750.0,7.148550724637682,17465.091977524997,611278.2192133749,,True,True,50.95006270238963,2.6272187732177046
1,Céréales,BTH,77500.0,62000.0,7750.0,7.148550724637682,8980.100152032926,314303.50532115245,,True,True,50.8948351629965,2.4953074217075297
1,Céréales,BTH,77500.0,62000.0,7750.0,7.148550724637682,13043.330224330299,456516.5578515605,,True,True,51.039148060471646,2.4482558736290048
1,Céréales,BTH,77500.0,62000.0,7750.0,7.148550724637682,28110.57954016424,983870.2839057484,,True,True,50.860809300495475,1.994495903702387
1,Céréales,BTH,77500.0,62000.0,7750.0,7.148550724637682,24763.850497384567,866734.7674084598,,True,True,50.775985181703156,2.125188245922587
24,Surfaces non agricoles,BTN,77500.0,46500.0,0.0,7.148550724637682,26403.54509242849,924124.0782349971,,True,False,50.91151968617628,2.004468825963162
24,Surfaces non agricoles,BTN,77500.0,46500.0,0.0,7.148550724637682,22081.90314635059,772866.6101222706,,True,False,50.953800489795384,2.0671075217941213
1,Céréales,BTH,77500.0,62000.0,7750.0,7.148550724637682,7230.921761178262,253082.2616412392,,True,True,50.87056212867965,2.338170468301995
24,Surfaces non agricoles,BTN,77500.0,46500.0,0.0,7.148550724637682,19878.87865636183,695760.7529726641,,True,False,50.88150540799587,2.1071285098327226
2,Oléagineux,MIS,77400.0,61920.0,7740.0,7.148550724637682,8747.375479024542,306158.141765859,,True,True,50.98113102222306,2.47490680680214
9,Fruits,LIF,77400.0,30960.0,6192.0,7.148550724637682,9159.20444592071,320572.15560722485,,True,True,50.88804866633156,2.2675791297273
18,Semences,PPH,77400.0,58050.0,6192.0,7.148550724637682,17567.364363741446,614857.7527309506,,True,True,50.77207194757855,2.3731587295387144
1,Céréales,BTH,77400.0,61920.0,7740.0,7.148550724637682,16907.289727916777,591755.1404770872,,True,True,50.78758729522827,2.4643964758243513
1,Céréales,BTH,77400.0,61920.0,7740.0,7.148550724637682,18785.62781856253,657496.9736496885,,True,True,50.820651736727974,2.584088701702048
18,Semences,PPH,77300.0,57975.0,6184.0,7.148550724637682,21243.001323677738,743505.0463287209,,True,True,50.837532000462254,2.115021274763674
28,Surfaces non exploitées,SNE,77300.0,69570.0,0.0,7.148550724637682,14051.581488166827,491805.3520858389,,True,False,51.011744958718005,2.226965098169317
24,Surfaces non agricoles,BTN,77300.0,46380.0,0.0,7.148550724637682,13078.709428439055,457754.8299953669,,True,False,50.947501068708384,2.564575469188576
1,Céréales,BTH,77300.0,61840.0,7730.0,7.148550724637682,13247.036206667228,463646.267233353,,True,True,50.913610164271674,2.192810354556486
24,Surfaces non agricoles,BTN,77300.0,46380.0,0.0,7.148550724637682,23965.486996355598,838792.0448724459,,True,False,50.758791308604664,2.172664154918666
1,Céréales,BTH,77300.0,61840.0,7730.0,7.148550724637682,20519.924573958797,718197.3600885579,,True,True,50.89666433947156,2.0921241172516516
1,Céréales,BTP,77300.0,61840.0,7730.0,7.148550724637682,5747.794792762359,201172.81774668256,,True,True,50.910995270681994,2.4562545820365407
2,Oléagineux,MIS,77300.0,61840.0,7730.0,7.148550724637682,14211.719271931774,497410.1745176121,,True,True,50.848708929795784,2.223655549236196
3,Protéagineux,ORH,77300.0,61840.0,7730.0,7.148550724637682,29355.029634098708,1027426.0371934548,,True,True,50.748800749888154,2.075972533127816
2,Oléagineux,MIS,77300.0,61840.0,7730.0,7.148550724637682,27351.450535254855,957300.76873392,,True,True,50.73997950861215,2.6273198572266283
25,Cultures permanentes,PTC,77200.0,38600.0,3860.0,7.148550724637682,11153.764580813118,390381.76032845915,,True,True,50.99129198393226,2.506067707730462
25,Cultures permanentes,PTC,77200.0,38600.0,3860.0,7.148550724637682,28002.18856552486,980076.5997933701,,True,True,50.718563938907394,2.5965518255819733
3,Protéagineux,ORP,77200.0,61760.0,7720.0,7.148550724637682,6018.823909379847,210658.83682829462,,True,True,50.97959341643518,2.345569954188512
1,Céréales,BTH,77200.0,61760.0,7720.0,7.148550724637682,5578.992320247542,195264.73120866396,,True,True,50.88122904186765,2.3986781773011803
1,Céréales,BTH,77200.0,61760.0,7720.0,7.148550724637682,10924.11795576275,382344.12845169625,,True,True,51.00108687418435,2.4876728789163773
1,Céréales,BTH,77200.0,61760.0,7720.0,7.148550724637682,11314.392893226508,396003.7512629278,,True,True,50.91786557047522,2.219729650736843
1,Céréales,BTH,77200.0,61760.0,7720.0,7.148550724637682,10615.692743673497,371549.2460285724,,True,True,50.98274225693957,2.506331656389089
1,Céréales,BTH,77200.0,61760.0,7720.0,7.148550724637682,12862.534751451132,450188.7163007896,,True,True,50.8808195403406,2.213968054742872
9,Fruits,LIF,77200.0,30880.0,6176.0,7.148550724637682,12083.172154614977,422911.02541152417,,True,True,50.83406904101217,2.2990928603974248
2,Oléagineux,MIS,77100.0,61680.0,7710.0,7.148550724637682,12410.770244630876,434376.95856208063,,True,True,50.924455829682664,2.5568582470854
24,Surfaces non agricoles,BTN,77100.0,46260.0,0.0,7.148550724637682,11681.604167993915,408856.14587978704,,True,False,51.029682403721154,2.432679115331451
2,Oléagineux,MIS,77100.0,61680.0,7710.0,7.148550724637682,8781.002840929563,307335.0994325347,,True,True,50.874157495208536,2.2914605661026806
25,Cultures permanentes,PTC,77100.0,38550.0,3855.0,7.148550724637682,23307.052950250745,815746.8532587761,,True,True,50.96016880653051,2.050790985648255
1,Céréales,BTH,77100.0,61680.0,7710.0,7.148550724637682,26581.773907124392,930362.0867493537,,True,True,50.91184336637058,2.001877743401615
1,Céréales,BTH,77100.0,61680.0,7710.0,7.148550724637682,12166.845961834028,425839.608664191,,True,True,50.91668095326392,2.2077087538551257
25,Cultures permanentes,PTC,77100.0,38550.0,3855.0,7.148550724637682,8033.1349666882925,281159.7238340902,,True,True,50.86413746750266,2.427067810410378
4,Plantes à fibres,TTH,77100.0,57825.0,6168.0,7.148550724637682,22951.807274865798,803313.2546203029,,True,True,50.73438444037511,2.4843042128802018
25,Cultures permanentes,PTC,77000.0,38500.0,3850.0,7.148550724637682,14560.358092212733,509612.5332274457,,True,True,50.905210643844335,2.1760516964479835
25,Cultures permanentes,PTC,77000.0,38500.0,3850.0,7.148550724637682,9789.928101205354,342647.4835421874,,True,True,50.852837472995006,2.4472123171225184
9,Fruits,LIF,77000.0,30800.0,6160.0,7.148550724637682,8606.50710703314,301227.7487461599,,True,True,50.914777349369686,2.259613294509672
25,Cultures permanentes,PTC,77000.0,38500.0,3850.0,7.148550724637682,22477.356311162315,786707.470890681,,True,True,50.739283727860496,2.4860912692504105
1,Céréales,BTH,77000.0,61600.0,7700.0,7.148550724637682,26823.04327834826,938806.5147421891,,True,True,50.810750171933584,2.7122711709331484
24,Surfaces non agricoles,BTN,77000.0,46200.0,0.0,7.148550724637682,25687.925569516403,899077.3949330741,,True,False,50.80708684726805,2.070057663766616
24,Surfaces non agricoles,BTN,77000.0,46200.0,0.0,7.148550724637682,16016.869694965964,560590.4393238088,,True,False,50.97070538148623,2.599323012970427
1,Céréales,BTH,77000.0,61600.0,7700.0,7.148550724637682,14725.226468947207,515382.92641315225,,True,True,50.945605491615744,2.1713169331189253
1,Céréales,BTH,77000.0,61600.0,7700.0,7.148550724637682,13514.936705786504,473022.7847025276,,True,True,50.81095191312435,2.3411792281151365
1,Céréales,BTH,77000.0,61600.0,7700.0,7.148550724637682,21457.069616978893,750997.4365942613,,True,True,50.73704055108383,2.3828869192077295
9,Fruits,LIF,76900.0,30760.0,6152.0,7.148550724637682,22988.144825042502,804585.0688764876,,True,True,50.76592460272788,2.5792083707610165
25,Cultures permanentes,OIG,76900.0,38450.0,3845.0,7.148550724637682,14939.28668275211,522875.0338963239,,True,True,50.88906278695567,2.177059292460314
1,Céréales,BTH,76900.0,61520.0,7690.0,7.148550724637682,23230.812674957204,813078.4436235022,,True,True,50.74646423502054,2.53804992141266
1,Céréales,BTH,76900.0,61520.0,7690.0,7.148550724637682,12389.222434071458,433622.78519250103,,True,True,50.82440700827679,2.3236482636747167
24,Surfaces non agricoles,BTN,76900.0,46140.0,0.0,7.148550724637682,8442.598981207911,295490.9643422769,,True,False,50.92528936308155,2.5002279844904023
1,Céréales,BTH,76900.0,61520.0,7690.0,7.148550724637682,23179.892057246187,811296.2220036165,,True,True,50.72244791061516,2.4107969777027347
24,Surfaces non agricoles,BTN,76900.0,46140.0,0.0,7.148550724637682,23068.159548498643,807385.5841974525,,True,False,50.7465745435081,2.533473480297886
18,Semences,PPH,76900.0,57675.0,6152.0,7.148550724637682,28702.31312985562,1004580.9595449468,,True,True,50.6718811802674,2.37693185582678
18,Semences,PPH,76900.0,57675.0,6152.0,7.148550724637682,20199.51181959265,706982.9136857428,,True,True,50.77661108935237,2.5341604486957845
25,Cultures permanentes,CHU,76900.0,38450.0,3845.0,7.148550724637682,8494.304929271104,297300.67252448865,,True,True,50.85481742035034,2.401456832971325
5,Sucre,CZH,76900.0,57675.0,6152.0,7.148550724637682,15729.95218361479,550548.3264265177,,True,True,50.80432442415821,2.2771012433835778
9,Fruits,LIF,76900.0,30760.0,6152.0,7.148550724637682,25833.609975098134,904176.3491284347,,True,True,50.703698730947224,2.4632079660849078
25,Cultures permanentes,PTC,76800.0,38400.0,3840.0,7.148550724637682,14818.119994547349,518634.19980915723,,True,True,50.79726386700363,2.361251694513872
25,Cultures permanentes,PTC,76800.0,38400.0,3840.0,7.148550724637682,14421.328420597603,504746.4947209161,,True,True,50.930117697791296,2.1742240598568934
18,Semences,PPH,76800.0,57600.0,6144.0,7.148550724637682,15397.122759432468,538899.2965801364,,True,True,50.81551258558986,2.2565734600818987
1,Céréales,BTP,76800.0,61440.0,7680.0,7.148550724637682,18725.420816979775,655389.7285942921,,True,True,50.81022879319435,2.567584515437534
24,Surfaces non agricoles,BTN,76800.0,46080.0,0.0,7.148550724637682,7834.185423961529,274196.4898386535,,True,False,50.923540878217814,2.491306301545517
9,Fruits,LIF,76800.0,30720.0,6144.0,7.148550724637682,11883.336468851341,415916.77640979696,,True,True,50.88424311447,2.226841816469657
1,Céréales,BTH,76800.0,61440.0,7680.0,7.148550724637682,26342.299306022138,921980.4757107748,,True,True,50.69417120831347,2.3443529506801744
1,Céréales,BTH,76800.0,61440.0,7680.0,7.148550724637682,25595.45224776833,895840.8286718916,,True,True,50.71485179201687,2.509538643358673
2,Oléagineux,MIS,76800.0,61440.0,7680.0,7.148550724637682,26594.635714103784,930812.2499936324,,True,True,50.778319035114116,2.6729233411006397
5,Sucre,CZH,76700.0,57525.0,6136.0,7.148550724637682,23755.29132562474,831435.1963968659,,True,True,50.762038159731624,2.170910338036367
9,Fruits,LIF,76700.0,30680.0,6136.0,7.148550724637682,7253.61545119249,253876.54079173715,,True,True,50.92523013895226,2.483218373881706
18,Semences,PPH,76700.0,57525.0,6136.0,7.148550724637682,13274.79838870759,464617.94360476563,,True,True,51.041903999748186,2.446069103980969
1,Céréales,BTH,76700.0,61360.0,7670.0,7.148550724637682,7727.368666334539,270457.90332170884,,True,True,50.87380891036536,2.444837317188615
1,Céréales,BTH,76700.0,61360.0,7670.0,7.148550724637682,13366.699531270124,467834.48359445436,,True,True,50.81458065924823,2.3267609217176983
25,Cultures permanentes,PTC,76700.0,38350.0,3835.0,7.148550724637682,803.6584682976744,28128.046390418604,,True,True,50.92397143009943,2.3736752278530604
1,Céréales,BTH,76700.0,61360.0,7670.0,7.148550724637682,27092.958418078222,948253.5446327378,,True,True,50.71075906473007,2.211734448798453
1,Céréales,BTH,76700.0,61360.0,7670.0,7.148550724637682,29263.40991964828,1024219.3471876897,,True,True,50.66737217690322,2.3532329780957455
24,Surfaces non agricoles,BTN,76700.0,46020.0,0.0,7.148550724637682,25620.09678308117,896703.387407841,,True,False,50.79718036313584,2.0817083418722677
25,Cultures permanentes,PTC,76600.0,38300.0,3830.0,7.148550724637682,18774.124123671718,657094.3443285101,,True,True,50.780970294912606,2.505703357398023
25,Cultures permanentes,OIG,76600.0,38300.0,3830.0,7.148550724637682,13613.351155701404,476467.29044954915,,True,True,50.96983676198391,2.1962453535645334
2,Oléagineux,MIS,76600.0,61280.0,7660.0,7.148550724637682,16793.57886823413,587775.2603881946,,True,True,50.811568742942534,2.528510701118803
1,Céréales,BTH,76600.0,61280.0,7660.0,7.148550724637682,19606.652852720737,686232.8498452258,,True,True,50.91748658966271,2.1009784560590155
24,Surfaces non agricoles,BTN,76600.0,45960.0,0.0,7.148550724637682,23857.26456848785,835004.2598970748,,True,False,50.98344080486096,2.050123343054222
1,Céréales,BTP,76600.0,61280.0,7660.0,7.148550724637682,25744.412064767796,901054.4222668728,,True,True,50.7009003397189,2.4329021479163098
9,Fruits,LIF,76500.0,30600.0,6120.0,7.148550724637682,22168.72013648146,775905.2047768511,,True,True,50.75135514622076,2.5201600589214337
2,Oléagineux,MIS,76500.0,61200.0,7650.0,7.148550724637682,16195.488690559212,566842.1041695725,,True,True,50.80721185903591,2.5041294174216007
2,Oléagineux,MIS,76500.0,61200.0,7650.0,7.148550724637682,27733.5343722089,970673.7030273115,,True,True,50.7422721527729,2.6400182537143078
24,Surfaces non agricoles,BTN,76500.0,45900.0,0.0,7.148550724637682,17041.835026617126,596464.2259315994,,True,False,50.825018011686915,2.5569609833627807
5,Sucre,CZH,76500.0,57375.0,6120.0,7.148550724637682,28077.05364173087,982696.8774605804,,True,True,50.949271840470956,1.9804581796649117
1,Céréales,BTH,76500.0,61200.0,7650.0,7.148550724637682,23442.540511111158,820488.9178888905,,True,True,50.81606416078243,2.0989011286136376
1,Céréales,BTH,76500.0,61200.0,7650.0,7.148550724637682,425.6867316300918,14899.035607053213,,True,True,50.933753564437914,2.378805677256496
1,Céréales,BTH,76400.0,61120.0,7640.0,7.148550724637682,28385.428326793004,993489.9914377552,,True,True,50.69242340754448,2.232187771084745
25,Cultures permanentes,PTC,76400.0,38200.0,3820.0,7.148550724637682,9945.041663315833,348076.45821605413,,True,True,50.98083054830566,2.4968224704343203
1,Céréales,BTH,76400.0,61120.0,7640.0,7.148550724637682,28110.743605130305,983876.0261795607,,True,True,50.75306388353714,2.665949225250376
18,Semences,PPH,76400.0,57300.0,6112.0,7.148550724637682,17692.559878816977,619239.5957585942,,True,True,50.86598079595776,2.6109578092810746
4,Plantes à fibres,TTH,76400.0,57300.0,6112.0,7.148550724637682,9407.735059373037,329270.7270780563,,True,True,50.87243925090382,2.281678636551156
1,Céréales,BTH,76400.0,61120.0,7640.0,7.148550724637682,12016.825624271094,420588.8968494883,,True,True,50.86372172238856,2.2446625071717317
1,Céréales,BTH,76400.0,61120.0,7640.0,7.148550724637682,24700.382674538945,864513.3936088631,,True,True,50.89953121715935,2.0309991562013043
1,Céréales,BTP,76400.0,61120.0,7640.0,7.148550724637682,17504.78398075902,612667.4393265657,,True,True,50.77449468512303,2.4188158586030934
18,Semences,PPH,76400.0,57300.0,6112.0,7.148550724637682,21637.67976531912,757318.7917861692,,True,True,50.735407706199624,2.379814291289078
2,Oléagineux,MIS,76400.0,61120.0,7640.0,7.148550724637682,19679.930605822105,688797.5712037736,,True,True,50.77807418895815,2.5238125966148437
5,Sucre,CZH,76400.0,57300.0,6112.0,7.148550724637682,23342.539742331057,816988.890981587,,True,True,50.75929000153675,2.1865109044336077
2,Oléagineux,MIS,76400.0,61120.0,7640.0,7.148550724637682,16834.705821322674,589214.7037462936,,True,True,50.92760912587555,2.1398242156555844
28,Surfaces non exploitées,SNE,76300.0,68670.0,0.0,7.148550724637682,19264.981068470697,674274.3373964744,,True,False,50.85699989758659,2.130898486854694
2,Oléagineux,MIS,76300.0,61040.0,7630.0,7.148550724637682,10804.36169569485,378152.65934931976,,True,True,50.95892733607482,2.527221111777597
24,Surfaces non agricoles,BTN,76300.0,45780.0,0.0,7.148550724637682,28434.516474574506,995208.0766101077,,True,False,50.67919394157433,2.3010734845879814
9,Fruits,LIF,76300.0,30520.0,6104.0,7.148550724637682,14514.225798457148,507997.90294600016,,True,True,50.82759786171863,2.5082849966651177
1,Céréales,BTH,76300.0,61040.0,7630.0,7.148550724637682,5532.54324618149,193639.01361635214,,True,True,50.898256206866385,2.440768417296936
1,Céréales,BTH,76300.0,61040.0,7630.0,7.148550724637682,23481.780810025684,821862.3283508989,,True,True,50.77686901978967,2.6103457204127882
3,Protéagineux,ORP,76300.0,61040.0,7630.0,7.148550724637682,22006.63039784836,770232.0639246926,,True,True,50.736369918710984,2.3151816457667045
1,Céréales,BTH,76300.0,61040.0,7630.0,7.148550724637682,24642.334326002452,862481.7014100858,,True,True,50.806828078609556,2.0880793462032465
1,Céréales,BTH,76300.0,61040.0,7630.0,7.148550724637682,27004.362069815106,945152.6724435287,,True,True,50.73497902278126,2.6091477557871787
1,Céréales,BTH,76300.0,61040.0,7630.0,7.148550724637682,24412.011570666098,854420.4049733134,,True,True,50.96952438859575,2.037214173880308
11,Noix,JAC,76200.0,30480.0,3810.0,7.148550724637682,15359.79657300685,537592.8800552398,,True,True,51.0207370137386,2.2145873681050556
1,Céréales,BTH,76200.0,60960.0,7620.0,7.148550724637682,27738.99312166979,970864.7592584427,,True,True,50.732499865223375,2.621288170031533
1,Céréales,BTH,76200.0,60960.0,7620.0,7.148550724637682,21401.715122898087,749060.029301433,,True,True,50.81063340285909,2.6192494730310707
25,Cultures permanentes,PTC,76200.0,38100.0,3810.0,7.148550724637682,21274.88481626249,744620.9685691871,,True,True,50.74041682200623,2.4208397571219646
1,Céréales,BTH,76200.0,60960.0,7620.0,7.148550724637682,17071.183924047622,597491.4373416668,,True,True,51.02873679009643,2.566725705754642
1,Céréales,BTH,76200.0,60960.0,7620.0,7.148550724637682,20843.636936554525,729527.2927794084,,True,True,50.746524492399075,2.3191896771701903
1,Céréales,BTH,76200.0,60960.0,7620.0,7.148550724637682,1928.398336076784,67493.94176268745,,True,True,50.9197942614429,2.402244557469206
1,Céréales,BTH,76200.0,60960.0,7620.0,7.148550724637682,11883.8865428834,415936.02900091896,,True,True,50.878359045029924,2.231622008797213
1,Céréales,BTH,76200.0,60960.0,7620.0,7.148550724637682,25710.748917805606,899876.2121231962,,True,True,50.804621448385305,2.072168007877863
25,Cultures permanentes,PTC,76200.0,38100.0,3810.0,7.148550724637682,8273.993159122907,289589.7605693017,,True,True,50.96023334941848,2.4879110467917416
1,Céréales,BTH,76200.0,60960.0,7620.0,7.148550724637682,10975.228689018628,384133.004115652,,True,True,50.8483346819001,2.467876526401514
25,Cultures permanentes,PTC,76200.0,38100.0,3810.0,7.148550724637682,24431.670245029734,855108.4585760407,,True,True,50.765549468186926,2.610786099921979
28,Surfaces non exploitées,SNE,76200.0,68580.0,0.0,7.148550724637682,14517.041291564059,508096.4452047421,,True,False,51.02179473355418,2.232560459994881
1,Céréales,BTH,76100.0,60880.0,7610.0,7.148550724637682,26530.9884175513,928584.5946142955,,True,True,50.826974941724934,2.038920118546283
1,Céréales,BTH,76100.0,60880.0,7610.0,7.148550724637682,25164.03895238563,880741.363333497,,True,True,50.70471276149018,2.3460563469924134
24,Surfaces non agricoles,BTN,76100.0,45660.0,0.0,7.148550724637682,9302.141022651287,325574.93579279503,,True,False,50.9430306441528,2.2488708843410223
19,Légumineuses,PTR,76100.0,60880.0,7610.0,7.148550724637682,29162.57058102729,1020689.9703359551,,True,True,50.67168339489485,2.451737108802317
25,Cultures permanentes,PTC,76100.0,38050.0,3805.0,7.148550724637682,7138.260201900211,249839.10706650736,,True,True,50.93599334417521,2.4814164086817176
25,Cultures permanentes,CAR,76100.0,38050.0,3805.0,7.148550724637682,14959.145007754763,523570.0752714167,,True,True,50.912175234280795,2.59152740381471
25,Cultures permanentes,CHU,76100.0,38050.0,3805.0,7.148550724637682,14430.52324518044,505068.3135813154,,True,True,50.801240797971445,2.4056995413186435
3,Protéagineux,ORH,76100.0,60880.0,7610.0,7.148550724637682,29961.830729659767,1048664.0755380918,,True,True,50.81752636000657,1.9919731361736037
25,Cultures permanentes,PTC,76100.0,38050.0,3805.0,7.148550724637682,4185.460072109321,146491.10252382624,,True,True,50.967254842161964,2.3885332780394557
25,Cultures permanentes,PTC,76000.0,38000.0,3800.0,7.148550724637682,13499.843020928625,472494.50573250186,,True,True,50.81219499405757,2.3334855259506626
18,Semences,PPH,76000.0,57000.0,6080.0,7.148550724637682,7923.199976348198,277311.99917218694,,True,True,50.998322478418764,2.3478763340708704
18,Semences,PPH,76000.0,57000.0,6080.0,7.148550724637682,20662.238548172372,723178.349186033,,True,True,50.74428188865763,2.370258593186485
25,Cultures permanentes,PTC,76000.0,38000.0,3800.0,7.148550724637682,12920.243799026737,452208.5329659358,,True,True,50.83563942161936,2.272531011019794
18,Semences,PPH,76000.0,57000.0,6080.0,7.148550724637682,28026.659811099074,980933.0933884676,,True,True,50.80591763123637,2.0323709981667895
18,Semences,PPH,76000.0,57000.0,6080.0,7.148550724637682,29503.023069314328,1032605.8074260014,,True,True,50.707328087918846,2.1516330932824443
24,Surfaces non agricoles,BTN,76000.0,45600.0,0.0,7.148550724637682,25633.024715158805,897155.8650305582,,True,False,50.72593158201213,2.210246756204635
1,Céréales,BTP,76000.0,60800.0,7600.0,7.148550724637682,12804.270492795158,448149.46724783053,,True,True,50.82684049555752,2.298908025111337
1,Céréales,BTH,76000.0,60800.0,7600.0,7.148550724637682,19076.059555139957,667662.0844298985,,True,True,50.76441022842161,2.451027922706241
1,Céréales,BTH,76000.0,60800.0,7600.0,7.148550724637682,25111.53737421012,878903.8080973541,,True,True,50.71727537119205,2.5000272614181145
1,Céréales,BTH,76000.0,60800.0,7600.0,7.148550724637682,28266.943997289574,989343.039905135,,True,True,50.946208398746656,1.97741338328205
9,Fruits,LIF,76000.0,30400.0,6080.0,7.148550724637682,21919.66011667642,767188.1040836747,,True,True,50.73306769468152,2.3939121304652957
9,Fruits,LIF,76000.0,30400.0,6080.0,7.148550724637682,10662.127448543353,373174.4606990174,,True,True,50.94171039604195,2.5310164574118996
25,Cultures permanentes,NVT,76000.0,38000.0,3800.0,7.148550724637682,9029.85360407636,316044.87614267255,,True,True,50.924512718606536,2.2514564677095517
25,Cultures permanentes,PTC,75900.0,37950.0,3795.0,7.148550724637682,28937.318517747088,1012806.1481211481,,True,True,50.70063442107571,2.574592540503929
3,Protéagineux,ORH,75900.0,60720.0,7590.0,7.148550724637682,15750.858270948793,551280.0394832077,,True,True,50.800480777975025,2.2891235847946785
2,Oléagineux,MIS,75900.0,60720.0,7590.0,7.148550724637682,15059.445882279664,527080.6058797883,,True,True,50.817894934408244,2.2595771235459754
2,Oléagineux,MIS,75900.0,60720.0,7590.0,7.148550724637682,9321.802159522491,326263.07558328717,,True,True,50.88732144944236,2.494432153821689
1,Céréales,BTH,75900.0,60720.0,7590.0,7.148550724637682,14765.504226726569,516792.64793542994,,True,True,51.03184749022106,2.5153385564908404
25,Cultures permanentes,OIG,75900.0,37950.0,3795.0,7.148550724637682,26320.60928218739,921221.3248765586,,True,True,50.70903033855076,2.514335172333842
25,Cultures permanentes,CCN,75900.0,37950.0,3795.0,7.148550724637682,15765.96071977285,551808.6251920498,,True,True,50.790466365248335,2.4198850709920645
1,Céréales,BTH,75900.0,60720.0,7590.0,7.148550724637682,23083.30082690903,807915.5289418161,,True,True,50.95469634544831,2.052879887903843
9,Fruits,LIF,75900.0,30360.0,6072.0,7.148550724637682,13071.285131966251,457494.9796188188,,True,True,51.01001232604854,2.516758238847235
25,Cultures permanentes,PTC,75800.0,37900.0,3790.0,7.148550724637682,12704.638122827637,444662.33429896727,,True,True,50.822808490327006,2.3173189984190605
9,Fruits,LIF,75800.0,30320.0,6064.0,7.148550724637682,6506.709328084134,227734.82648294469,,True,True,50.87482335179648,2.3491020297760263
2,Oléagineux,MIS,75800.0,60640.0,7580.0,7.148550724637682,25938.43286411143,907845.1502439,,True,True,50.74348482704001,2.1581639475544643
24,Surfaces non agricoles,BTN,75800.0,45480.0,0.0,7.148550724637682,8868.651469248884,310402.80142371095,,True,False,50.85808533276942,2.325319352257244
1,Céréales,BTH,75800.0,60640.0,7580.0,7.148550724637682,9695.781329569618,339352.34653493663,,True,True,50.977672622689575,2.264100686346909
1,Céréales,BTH,75800.0,60640.0,7580.0,7.148550724637682,29505.044647241248,1032676.5626534437,,True,True,50.740033329644355,2.6733379604445475
1,Céréales,BTH,75800.0,60640.0,7580.0,7.148550724637682,24661.187351388395,863141.5572985938,,True,True,50.92239269450103,2.028348829196776
1,Céréales,BTH,75800.0,60640.0,7580.0,7.148550724637682,9951.617921781362,348306.62726234767,,True,True,50.92761177780443,2.2380560962658897
1,Céréales,BTH,75800.0,60640.0,7580.0,7.148550724637682,23485.067739280414,821977.3708748145,,True,True,50.755045333240695,2.5673730955717815
25,Cultures permanentes,PTC,75700.0,37850.0,3785.0,7.148550724637682,19993.342776319,699766.9971711651,,True,True,50.9094402420969,2.0966516679916425
25,Cultures permanentes,PTC,75700.0,37850.0,3785.0,7.148550724637682,10913.319764816913,381966.191768592,,True,True,50.83695530577722,2.4295002297230806
2,Oléagineux,MIS,75700.0,60560.0,7570.0,7.148550724637682,17688.42312671259,619094.8094349407,,True,True,50.8369378112192,2.584491859327693
1,Céréales,BTH,75700.0,60560.0,7570.0,7.148550724637682,10154.829347839444,355419.02717438055,,True,True,50.853523919883834,2.3008674364547024
1,Céréales,BTH,75700.0,60560.0,7570.0,7.148550724637682,10123.157253635229,354310.503877233,,True,True,50.92581606253361,2.5242866737430316
9,Fruits,LIF,75700.0,30280.0,6056.0,7.148550724637682,22721.411203328695,795249.3921165043,,True,True,50.77783855695941,2.1639595596127568
2,Oléagineux,MIS,75600.0,60480.0,7560.0,7.148550724637682,14658.762187461252,513056.67656114383,,True,True,50.87864243293564,2.572532314717722
3,Protéagineux,ORP,75600.0,60480.0,7560.0,7.148550724637682,21749.857257924385,761245.0040273535,,True,True,50.974804839592515,2.077760344717256
25,Cultures permanentes,PTC,75600.0,37800.0,3780.0,7.148550724637682,13985.302436265229,489485.585269283,,True,True,50.89223034592162,2.5702664496144894
2,Oléagineux,MIS,75600.0,60480.0,7560.0,7.148550724637682,15270.73481541398,534475.7185394893,,True,True,50.839297237017504,2.5434505611417935
1,Céréales,BTH,75600.0,60480.0,7560.0,7.148550724637682,17872.62204027823,625541.7714097381,,True,True,51.06124244253976,2.5274338513810832
24,Surfaces non agricoles,BTN,75600.0,45360.0,0.0,7.148550724637682,13480.956682951717,471833.4839033101,,True,False,50.878207935232275,2.5538252225069757
24,Surfaces non agricoles,BTN,75600.0,45360.0,0.0,7.148550724637682,19919.472521463493,697181.5382512222,,True,False,51.0732599663952,2.550910562893946
1,Céréales,BTH,75600.0,60480.0,7560.0,7.148550724637682,13428.073123053984,469982.5593068894,,True,True,50.913382652723804,2.5697465813233196
1,Céréales,BTH,75600.0,60480.0,7560.0,7.148550724637682,10861.49888098773,380152.4608345706,,True,True,50.8866333827539,2.2411949645653895
1,Céréales,BTH,75600.0,60480.0,7560.0,7.148550724637682,28176.116384535886,986164.073458756,,True,True,50.78380883841528,2.052130696215732
9,Fruits,LIF,75600.0,30240.0,6048.0,7.148550724637682,19184.52129032313,671458.2451613095,,True,True,51.06741996560551,2.5457608515106194
1,Céréales,BTH,75600.0,60480.0,7560.0,7.148550724637682,29270.94334809368,1024483.0171832788,,True,True,50.666818934052806,2.371193634195511
5,Sucre,CZH,75500.0,56625.0,6040.0,7.148550724637682,8123.81957595279,284333.68515834765,,True,True,50.88754338483234,2.285707728362917
3,Protéagineux,ORH,75500.0,60400.0,7550.0,7.148550724637682,26671.83384448598,933514.1845570093,,True,True,50.769462718389235,2.6622858083903815
1,Céréales,BTH,75500.0,60400.0,7550.0,7.148550724637682,19474.435751587534,681605.2513055637,,True,True,50.85130973537223,2.131959564155106
25,Cultures permanentes,PTC,75500.0,37750.0,3775.0,7.148550724637682,5586.889607632343,195541.13626713198,,True,True,50.912527836167584,2.4547291181240265
1,Céréales,BTH,75500.0,60400.0,7550.0,7.148550724637682,26750.09959079973,936253.4856779906,,True,True,50.69409239061112,2.4545890401584622
25,Cultures permanentes,PTC,75500.0,37750.0,3775.0,7.148550724637682,8650.82487608766,302778.8706630681,,True,True,50.99088162584833,2.456900451818181
3,Protéagineux,ORP,75400.0,60320.0,7540.0,7.148550724637682,27287.779137838865,955072.2698243603,,True,True,50.797669526875424,2.052558568309687
18,Semences,PPH,75400.0,56550.0,6032.0,7.148550724637682,26820.13232274129,938704.6312959451,,True,True,50.86293720051243,2.012661589559333
25,Cultures permanentes,PTC,75400.0,37700.0,3770.0,7.148550724637682,24366.541029531247,852828.9360335936,,True,True,50.75802219713135,2.595075436364742
2,Oléagineux,MIS,75400.0,60320.0,7540.0,7.148550724637682,5052.03407180485,176821.19251316975,,True,True,50.97335632176953,2.401560157332244
1,Céréales,BTH,75400.0,60320.0,7540.0,7.148550724637682,23381.49946547245,818352.4812915358,,True,True,50.744050624024055,2.22454321823216
1,Céréales,BTH,75400.0,60320.0,7540.0,7.148550724637682,9235.579727385228,323245.290458483,,True,True,50.911100337182305,2.251702050075717
1,Céréales,BTH,75400.0,60320.0,7540.0,7.148550724637682,3264.6805410510647,114263.81893678727,,True,True,50.93982037216729,2.3360952311036627
25,Cultures permanentes,PTC,75400.0,37700.0,3770.0,7.148550724637682,19263.447366899447,674220.6578414807,,True,True,50.83075591876533,2.605054178687149
1,Céréales,BTH,75400.0,60320.0,7540.0,7.148550724637682,28684.578762478202,1003960.2566867371,,True,True,50.69513292667024,2.2111374890350484
1,Céréales,BTH,75400.0,60320.0,7540.0,7.148550724637682,21580.43507190902,755315.2275168158,,True,True,50.78210003598591,2.579066979715809
1,Céréales,BTH,75400.0,60320.0,7540.0,7.148550724637682,19745.382102655374,691088.3735929381,,True,True,50.91109551850914,2.0999140824159124
25,Cultures permanentes,PTC,75300.0,37650.0,3765.0,7.148550724637682,19890.528823630542,696168.508827069,,True,True,50.758763404224986,2.4619258838147062
25,Cultures permanentes,PTC,75300.0,37650.0,3765.0,7.148550724637682,26948.879118805868,943210.7691582054,,True,True,50.94667124796791,1.9963122538398423
1,Céréales,BTH,75300.0,60240.0,7530.0,7.148550724637682,26091.340797669367,913196.9279184279,,True,True,50.96179599560669,2.0110140404980696
1,Céréales,BTH,75300.0,60240.0,7530.0,7.148550724637682,7733.258903960604,270664.06163862115,,True,True,50.944075635377494,2.488077439122607
1,Céréales,BTH,75300.0,60240.0,7530.0,7.148550724637682,9066.320325853698,317321.2114048794,,True,True,50.91080694458052,2.505704779661063
9,Fruits,LIF,75300.0,30120.0,6024.0,7.148550724637682,24685.972283448285,864009.02992069,,True,True,50.825151755114995,2.0698664771895947
1,Céréales,BTH,75300.0,60240.0,7530.0,7.148550724637682,25188.1807743793,881586.3271032755,,True,True,50.78050979889895,2.649597764250137
9,Fruits,LIF,75300.0,30120.0,6024.0,7.148550724637682,8726.650169437833,305432.75593032414,,True,True,50.916189537071645,2.2574420802458723
25,Cultures permanentes,PTC,75200.0,37600.0,3760.0,7.148550724637682,14415.104567482163,504528.6598618757,,True,True,50.89060932285357,2.1841209244063386
18,Semences,PPH,75200.0,56400.0,6016.0,7.148550724637682,20113.75069925863,703981.2744740521,,True,True,50.794112262160276,2.569156163622736
3,Protéagineux,ORH,75200.0,60160.0,7520.0,7.148550724637682,5505.2423178230965,192683.48112380836,,True,True,50.97243393513288,2.3395122190207704
1,Céréales,BTH,75200.0,60160.0,7520.0,7.148550724637682,25847.02887901942,904646.0107656798,,True,True,50.75466403099717,2.1383225396228585
1,Céréales,BTH,75200.0,60160.0,7520.0,7.148550724637682,27237.36123176936,953307.6431119276,,True,True,50.75614000801774,2.6532641213461567
24,Surfaces non agricoles,BTN,75200.0,45120.0,0.0,7.148550724637682,17072.62800429214,597541.9801502249,,True,False,50.850935794104736,2.1713524538545244
24,Surfaces non agricoles,BTN,75200.0,45120.0,0.0,7.148550724637682,23461.184070671283,821141.4424734949,,True,False,50.750567803206216,2.5557803389416005
2,Oléagineux,MIS,75200.0,60160.0,7520.0,7.148550724637682,9881.111523985737,345838.90333950083,,True,True,50.87612488899768,2.2679398651551215
1,Céréales,BTH,75100.0,60080.0,7510.0,7.148550724637682,14626.750022854918,511936.25079992216,,True,True,51.034951188466216,2.5059607930782533
25,Cultures permanentes,PTC,75100.0,37550.0,3755.0,7.148550724637682,10101.198817084509,353541.9585979578,,True,True,50.84198416591386,2.41563992803713
25,Cultures permanentes,PTC,75100.0,37550.0,3755.0,7.148550724637682,10395.656378373289,363847.9732430651,,True,True,50.836991120528495,2.39502031008834
3,Protéagineux,ORP,75100.0,60080.0,7510.0,7.148550724637682,11583.369534522115,405417.93370827404,,True,True,50.93643100919621,2.2150225153198413
24,Surfaces non agricoles,BTN,75100.0,45060.0,0.0,7.148550724637682,29800.436668099683,1043015.2833834889,,True,False,50.680524846212194,2.2250622794298494
9,Fruits,LIF,75100.0,30040.0,6008.0,7.148550724637682,8582.444145890488,300385.5451061671,,True,True,50.86488462937671,2.31429533865523
2,Oléagineux,MIS,75100.0,60080.0,7510.0,7.148550724637682,27763.319432861477,971716.1801501517,,True,True,50.79407026290623,2.711814132899775
1,Céréales,BTH,75100.0,60080.0,7510.0,7.148550724637682,23142.476252586854,809986.6688405399,,True,True,50.95007311920723,2.0512518115701353
1,Céréales,BTH,75100.0,60080.0,7510.0,7.148550724637682,25984.255064090667,909448.9272431734,,True,True,50.95991250047353,2.012166102142168
1,Céréales,BTH,75100.0,60080.0,7510.0,7.148550724637682,26259.80201633146,919093.0705716012,,True,True,50.699557919498154,2.2982482647110807
1,Céréales,BTH,75100.0,60080.0,7510.0,7.148550724637682,21340.414553237555,746914.5093633144,,True,True,50.799641295916146,2.6031679918413517
1,Céréales,BTH,75100.0,60080.0,7510.0,7.148550724637682,14951.819596564537,523313.6858797588,,True,True,50.79916443483533,2.429164250578709
24,Surfaces non agricoles,BTN,75100.0,45060.0,0.0,7.148550724637682,23067.932267971635,807377.6293790073,,True,False,50.791900067329536,2.1347393304459965
25,Cultures permanentes,PTC,75000.0,37500.0,3750.0,7.148550724637682,21525.073845079693,753377.5845777893,,True,True,50.736699362777784,2.396450020419191
19,Légumineuses,PTR,75000.0,60000.0,7500.0,7.148550724637682,26445.370965344493,925587.9837870572,,True,True,50.981933731767484,2.01155540120656
28,Surfaces non exploitées,SNE,75000.0,67500.0,0.0,7.148550724637682,13735.139303242157,480729.87561347545,,True,False,51.03059794550576,2.4938521940049676
25,Cultures permanentes,PTC,75000.0,37500.0,3750.0,7.148550724637682,23869.6746687234,835438.613405319,,True,True,50.9232761121689,2.039598736416044
5,Sucre,CZH,75000.0,56250.0,6000.0,7.148550724637682,15380.751081722134,538326.2878602747,,True,True,50.963270844602974,2.1669013295619637
9,Fruits,LIF,75000.0,30000.0,6000.0,7.148550724637682,6354.389911490407,222403.64690216424,,True,True,50.98195063992543,2.342203846039705
9,Fruits,LIF,75000.0,30000.0,6000.0,7.148550724637682,5749.524477020598,201233.35669572093,,True,True,50.98081504256534,2.364821735753954
1,Céréales,BTP,75000.0,60000.0,7500.0,7.148550724637682,27934.048507432697,977691.6977601444,,True,True,50.678954889946375,2.394699849248252
2,Oléagineux,MIS,75000.0,60000.0,7500.0,7.148550724637682,9129.277567486737,319524.7148620358,,True,True,51.00703406028692,2.4250935757347
24,Surfaces non agricoles,BTN,75000.0,45000.0,0.0,7.148550724637682,7182.5902626249535,251390.65919187336,,True,False,50.990303859123,2.3432464290430906
24,Surfaces non agricoles,BTN,75000.0,45000.0,0.0,7.148550724637682,24395.199423239366,853831.9798133778,,True,False,50.747486513060444,2.187217144274149
24,Surfaces non agricoles,BTN,75000.0,45000.0,0.0,7.148550724637682,25328.703822607957,886504.6337912785,,True,False,50.70356820410885,2.4192623130923208
9,Fruits,LIF,75000.0,30000.0,6000.0,7.148550724637682,21835.15107276473,764230.2875467655,,True,True,50.73749786992,2.4413927098186954
24,Surfaces non agricoles,BTN,75000.0,45000.0,0.0,7.148550724637682,12871.024897343843,450485.8714070345,,True,False,51.03138333849405,2.4687196446513493
1,Céréales,BTH,75000.0,60000.0,7500.0,7.148550724637682,23725.134861804152,830379.7201631453,,True,True,50.75354141446364,2.5699498852599922
2,Oléagineux,MIS,75000.0,60000.0,7500.0,7.148550724637682,11961.559963254456,418654.59871390596,,True,True,50.822655609034896,2.3911059147824276
3,Protéagineux,ORH,75000.0,60000.0,7500.0,7.148550724637682,9508.844055925387,332809.5419573885,,True,True,50.93221826388919,2.5156378178408203
1,Céréales,BTH,75000.0,60000.0,7500.0,7.148550724637682,28651.448021215052,1002800.6807425268,,True,True,50.677586980333864,2.2980719182602662
1,Céréales,BTH,74900.0,59920.0,7490.0,7.148550724637682,28197.343510989536,986907.0228846337,,True,True,50.97022963120242,1.982579383059944
1,Céréales,BTH,74900.0,59920.0,7490.0,7.148550724637682,16687.26025659683,584054.1089808891,,True,True,50.80393362982274,2.2509946488708894
1,Céréales,BTH,74900.0,59920.0,7490.0,7.148550724637682,24937.720358831313,872820.2125590959,,True,True,50.710176140112445,2.3096611693086975
1,Céréales,BTH,74900.0,59920.0,7490.0,7.148550724637682,3031.664386527287,106108.25352845505,,True,True,50.95475771335149,2.3618768117540765
1,Céréales,BTH,74900.0,59920.0,7490.0,7.148550724637682,28275.367345448056,989637.8570906819,,True,True,50.689739901721545,2.2481946939595807
2,Oléagineux,MIS,74900.0,59920.0,7490.0,7.148550724637682,6284.620381712245,219961.71335992857,,True,True,50.91721396946389,2.2926625347029574
2,Oléagineux,MIS,74900.0,59920.0,7490.0,7.148550724637682,16565.3639984911,579787.7399471884,,True,True,50.864994980845786,2.59253117200248
25,Cultures permanentes,PTC,74800.0,37400.0,3740.0,7.148550724637682,18639.820522487982,652393.7182870794,,True,True,50.76680971715863,2.4407132365506046
1,Céréales,BTH,74800.0,59840.0,7480.0,7.148550724637682,27825.934756071816,973907.7164625135,,True,True,50.684863904298126,2.4596071350364492
1,Céréales,BTH,74800.0,59840.0,7480.0,7.148550724637682,14903.969135642572,521638.91974749,,True,True,50.797503723901706,2.412081615140934
1,Céréales,BTH,74800.0,59840.0,7480.0,7.148550724637682,29321.016694970254,1026235.584323959,,True,True,50.78258343060953,2.7263423182019704
1,Céréales,BTH,74800.0,59840.0,7480.0,7.148550724637682,26997.98584425216,944929.5045488257,,True,True,50.773948683291046,2.085367694594475
24,Surfaces non agricoles,BTN,74800.0,44880.0,0.0,7.148550724637682,11414.844876642024,399519.57068247086,,True,False,50.93570869437355,2.2173653750354085
24,Surfaces non agricoles,BTN,74800.0,44880.0,0.0,7.148550724637682,29874.520940813833,1045608.2329284841,,True,False,50.6652916260122,2.307290993286948
5,Sucre,CZH,74800.0,56100.0,5984.0,7.148550724637682,21300.140354925454,745504.9124223909,,True,True,50.74188274921534,2.437220555446348
5,Sucre,CZH,74800.0,56100.0,5984.0,7.148550724637682,14209.056375481172,497316.973141841,,True,True,51.01323894789075,2.533969296441438
9,Fruits,LIF,74800.0,29920.0,5984.0,7.148550724637682,6492.138933346123,227224.8626671143,,True,True,50.91325465542992,2.46872757253002
9,Fruits,LIF,74800.0,29920.0,5984.0,7.148550724637682,11382.753168385905,398396.3608935067,,True,True,50.92786405141982,2.54237968365585
9,Fruits,LIF,74800.0,29920.0,5984.0,7.148550724637682,9186.781313451122,321537.34597078926,,True,True,50.88146834517218,2.2739704513081844
1,Céréales,BTP,74700.0,59760.0,7470.0,7.148550724637682,17038.533256746854,596348.6639861399,,True,True,50.7784496332035,2.4158530419466917
1,Céréales,BTH,74700.0,59760.0,7470.0,7.148550724637682,25570.74296061272,894976.0036214452,,True,True,50.70325892709217,2.4407168079615507
1,Céréales,BTH,74700.0,59760.0,7470.0,7.148550724637682,29021.714707446903,1015760.0147606416,,True,True,50.74025042092031,2.0962426835455394
1,Céréales,BTH,74700.0,59760.0,7470.0,7.148550724637682,16507.603972797067,577766.1390478973,,True,True,50.78355653404841,2.418596601438984
4,Plantes à fibres,AVP,74600.0,55950.0,5968.0,7.148550724637682,10855.142053287638,379929.9718650673,,True,True,50.981107563014525,2.5120410823277783
1,Céréales,BTH,74600.0,59680.0,7460.0,7.148550724637682,5310.774798598316,185877.11795094106,,True,True,50.89803673164228,2.3237119262174177
1,Céréales,BTH,74600.0,59680.0,7460.0,7.148550724637682,19805.850474581053,693204.7666103368,,True,True,50.858398789776636,2.121431288340369
1,Céréales,BTH,74600.0,59680.0,7460.0,7.148550724637682,8985.641378482942,314497.44824690296,,True,True,50.94171898701402,2.25312465770352
25,Cultures permanentes,PTC,74600.0,37300.0,3730.0,7.148550724637682,22758.225332822414,796537.8866487845,,True,True,50.74961691703297,2.5331359447784543
25,Cultures permanentes,PTC,74600.0,37300.0,3730.0,7.148550724637682,8727.505336787828,305462.68678757397,,True,True,50.918241951652554,2.5031105835023033
3,Protéagineux,ORP,74600.0,59680.0,7460.0,7.148550724637682,9801.012921591044,343035.4522556865,,True,True,51.01304382516485,2.4269170545213004
1,Céréales,BTH,74600.0,59680.0,7460.0,7.148550724637682,11119.501321090493,389182.54623816727,,True,True,51.00335424821762,2.4879191799580487
25,Cultures permanentes,CHU,74600.0,37300.0,3730.0,7.148550724637682,17002.9857578865,595104.5015260276,,True,True,50.84183743877707,2.578040751689647
5,Sucre,CZH,74600.0,55950.0,5968.0,7.148550724637682,24789.49093452203,867632.1827082711,,True,True,50.805559608004685,2.0869063877995306
5,Sucre,CZH,74600.0,55950.0,5968.0,7.148550724637682,26656.451055997102,932975.7869598985,,True,True,50.717402284706,2.2046398698021075
5,Sucre,CZH,74600.0,55950.0,5968.0,7.148550724637682,10845.827572371423,379603.9650329998,,True,True,51.01450880730171,2.4573454358864764
25,Cultures permanentes,OIG,74500.0,37250.0,3725.0,7.148550724637682,15964.775350017606,558767.1372506162,,True,True,50.79166569021541,2.4408926062083975
25,Cultures permanentes,PTC,74500.0,37250.0,3725.0,7.148550724637682,29674.009582675677,1038590.3353936487,,True,True,50.96853354851483,1.9608491408529944
1,Céréales,BTH,74500.0,59600.0,7450.0,7.148550724637682,14207.475289219248,497261.6351226737,,True,True,50.98044395569106,2.566357528239786
9,Fruits,LIF,74500.0,29800.0,5960.0,7.148550724637682,4180.9500841585395,146333.25294554888,,True,True,50.944504691544154,2.3249516418074676
1,Céréales,BTH,74500.0,59600.0,7450.0,7.148550724637682,28941.923152952124,1012967.3103533243,,True,True,50.68551867735547,2.521320092925919
2,Oléagineux,MIS,74500.0,59600.0,7450.0,7.148550724637682,7405.642127625458,259197.47446689103,,True,True,50.98363775538789,2.4426750905772936
2,Oléagineux,MIS,74500.0,59600.0,7450.0,7.148550724637682,29986.69450986918,1049534.3078454214,,True,True,50.70490796009748,2.6150830311835667
25,Cultures permanentes,PTC,74500.0,37250.0,3725.0,7.148550724637682,17117.113113649437,599098.9589777302,,True,True,50.98296735946367,2.1505412942189546
1,Céréales,BTH,74500.0,59600.0,7450.0,7.148550724637682,14973.17337700048,524061.06819501676,,True,True,50.81679336773196,2.495549971560759
1,Céréales,BTH,74500.0,59600.0,7450.0,7.148550724637682,23722.741948420775,830295.9681947271,,True,True,50.789373989482684,2.125831246788858
1,Céréales,BTH,74500.0,59600.0,7450.0,7.148550724637682,7335.29439761481,256735.30391651834,,True,True,50.97440600582636,2.3025613506567995
1,Céréales,BTH,74500.0,59600.0,7450.0,7.148550724637682,3675.687022805083,128649.0457981779,,True,True,50.95967272655318,2.356877706339188
25,Cultures permanentes,PTC,74500.0,37250.0,3725.0,7.148550724637682,4063.7655092396126,142231.79282338644,,True,True,50.90876265637142,2.427179172294459
25,Cultures permanentes,PTC,74400.0,37200.0,3720.0,7.148550724637682,11049.454307799344,386730.90077297704,,True,True,50.92345106653602,2.222690863481581
25,Cultures permanentes,PTC,74400.0,37200.0,3720.0,7.148550724637682,12512.32649503681,437931.42732628837,,True,True,50.82944676141045,2.460052316251944
18,Semences,PPH,74400.0,55800.0,5952.0,7.148550724637682,16811.378829198606,588398.2590219512,,True,True,50.83099051415936,2.198907058237056
1,Céréales,BTH,74400.0,59520.0,7440.0,7.148550724637682,20717.32758117186,725106.4653410151,,True,True,50.74572466646802,2.4235397287499256
24,Surfaces non agricoles,BTN,74400.0,44640.0,0.0,7.148550724637682,23216.821874124118,812588.7655943441,,True,False,50.95793620302065,2.0516024899383267
9,Fruits,CHV,74400.0,29760.0,5952.0,7.148550724637682,22067.439451432794,772360.3808001478,,True,True,50.925615434026895,2.065214584331821
9,Fruits,LIF,74400.0,29760.0,5952.0,7.148550724637682,7961.71750615711,278660.11271549884,,True,True,50.87780785086913,2.4577292239450794
1,Céréales,BTH,74400.0,59520.0,7440.0,7.148550724637682,29431.426150999643,1030099.9152849875,,True,True,50.73197035040251,2.6580479477315984
9,Fruits,LIF,74300.0,29720.0,5944.0,7.148550724637682,7837.812664697574,274323.4432644151,,True,True,50.94881027739055,2.272197407380152
1,Céréales,BTH,74300.0,59440.0,7430.0,7.148550724637682,22243.437062029992,778520.2971710498,,True,True,50.95523092235228,2.0650608925209433
16,Gel,LUZ,74300.0,66870.0,0.0,7.148550724637682,17663.80605213536,618233.2118247375,,True,False,50.77498987039009,2.3249786384228743
1,Céréales,BTH,74300.0,59440.0,7430.0,7.148550724637682,16428.56988400063,574999.945940022,,True,True,50.846647298015085,2.186623817406223
25,Cultures permanentes,OIG,74300.0,37150.0,3715.0,7.148550724637682,13011.561484852364,455404.6519698327,,True,True,50.96773043104632,2.204184711600785
1,Céréales,BTH,74300.0,59440.0,7430.0,7.148550724637682,19815.357913130912,693537.5269595819,,True,True,50.855482270415095,2.123369757020062
25,Cultures permanentes,PTC,74300.0,37150.0,3715.0,7.148550724637682,27611.462648922825,966401.1927122988,,True,True,50.9665662293786,1.990157678427019
25,Cultures permanentes,PTC,74200.0,37100.0,3710.0,7.148550724637682,13414.212158425029,469497.425544876,,True,True,51.03671519822095,2.4693652391812195
1,Céréales,BTH,74200.0,59360.0,7420.0,7.148550724637682,14943.960966049743,523038.633811741,,True,True,51.03071275411833,2.5213426996262864
1,Céréales,BTH,74200.0,59360.0,7420.0,7.148550724637682,6656.727523140751,232985.4633099263,,True,True,50.87502392006215,2.4175742623846537
24,Surfaces non agricoles,BTN,74200.0,44520.0,0.0,7.148550724637682,23073.130363509936,807559.5627228478,,True,False,50.80766466860705,2.1144247627203003
1,Céréales,BTH,74200.0,59360.0,7420.0,7.148550724637682,5886.570604291648,206029.97115020768,,True,True,50.949456482033966,2.458132436117474
9,Fruits,LIF,74200.0,29680.0,5936.0,7.148550724637682,7042.306462870926,246480.72620048243,,True,True,50.87628694792663,2.433209305541795
1,Céréales,BTH,74200.0,59360.0,7420.0,7.148550724637682,27196.457815384667,951876.0235384633,,True,True,50.690332744107465,2.302782393986256
2,Oléagineux,MIS,74200.0,59360.0,7420.0,7.148550724637682,27756.279028282454,971469.7659898859,,True,True,50.72253569811974,2.5997479073504475
1,Céréales,BTH,74200.0,59360.0,7420.0,7.148550724637682,18027.118407804843,630949.1442731695,,True,True,50.84047924642552,2.5942495706050726
3,Protéagineux,ORP,74200.0,59360.0,7420.0,7.148550724637682,21511.234977008524,752893.2241952984,,True,True,50.94858735383559,2.0744182905347714
25,Cultures permanentes,PTC,74200.0,37100.0,3710.0,7.148550724637682,14119.12273933947,494169.2958768814,,True,True,50.91014383580706,2.1810573375427893
25,Cultures permanentes,PTC,74200.0,37100.0,3710.0,7.148550724637682,27999.67310937942,979988.5588282796,,True,True,50.68480503368365,2.2892840432861767
25,Cultures permanentes,PTC,74100.0,37050.0,3705.0,7.148550724637682,13839.694498353057,484389.307442357,,True,True,50.915586120932275,2.18388257321595
25,Cultures permanentes,PTC,74100.0,37050.0,3705.0,7.148550724637682,16502.743367702198,577596.0178695769,,True,True,50.79147235919102,2.4643751880161946
25,Cultures permanentes,PTC,74100.0,37050.0,3705.0,7.148550724637682,15422.58411917707,539790.4441711975,,True,True,50.819224191434216,2.512266621553875
2,Oléagineux,MIS,74100.0,59280.0,7410.0,7.148550724637682,10864.221027613816,380247.73596648354,,True,True,50.882730064906816,2.5156007048093105
3,Protéagineux,ORP,74100.0,59280.0,7410.0,7.148550724637682,26322.63655838003,921292.279543301,,True,True,50.94769227058391,2.0053851687731563
25,Cultures permanentes,PTC,74100.0,37050.0,3705.0,7.148550724637682,10200.189905180501,357006.64668131754,,True,True,50.93029992955519,2.5255446421486063
1,Céréales,BTH,74100.0,59280.0,7410.0,7.148550724637682,8817.19237757906,308601.73321526713,,True,True,50.861490173618286,2.4433009703582496
24,Surfaces non agricoles,BTN,74100.0,44460.0,0.0,7.148550724637682,21902.874578085597,766600.6102329959,,True,False,50.733137995037325,2.390668198395053
9,Fruits,LIF,74100.0,29640.0,5928.0,7.148550724637682,8515.341207576892,298036.94226519123,,True,True,50.85377410106214,2.3683335596165667
24,Surfaces non agricoles,BTN,74100.0,44460.0,0.0,7.148550724637682,8682.438958367433,303885.36354286014,,True,False,50.86306538191997,2.443749822723212
1,Céréales,BTH,74100.0,59280.0,7410.0,7.148550724637682,5431.248719145408,190093.7051700893,,True,True,50.97378037235586,2.3456212862960935
16,Gel,LUZ,74000.0,66600.0,0.0,7.148550724637682,15026.162149547325,525915.6752341563,,True,False,51.044764967994354,2.493337202699082
1,Céréales,BTH,74000.0,59200.0,7400.0,7.148550724637682,26036.30516369952,911270.6807294831,,True,True,50.75014974906494,2.6174304519251743
25,Cultures permanentes,POR,74000.0,37000.0,3700.0,7.148550724637682,13075.596714792062,457645.88501772215,,True,True,50.91306569037007,2.5645953263453594
25,Cultures permanentes,PTC,74000.0,37000.0,3700.0,7.148550724637682,18290.495845031393,640167.3545760987,,True,True,50.76874664182473,2.328567957033568
9,Fruits,LIF,74000.0,29600.0,5920.0,7.148550724637682,6832.854937813134,239149.9228234597,,True,True,50.911179128532694,2.287207462264599
1,Céréales,BTH,74000.0,59200.0,7400.0,7.148550724637682,11915.687354923257,417049.057422314,,True,True,50.96884256291953,2.5385269038184326
2,Oléagineux,MIS,74000.0,59200.0,7400.0,7.148550724637682,9079.886570177832,317796.02995622414,,True,True,50.932955431949296,2.2505212622814956
1,Céréales,BTH,74000.0,59200.0,7400.0,7.148550724637682,10151.226489244134,355292.9271235447,,True,True,50.91346137985965,2.2375757357521096
1,Céréales,BTH,74000.0,59200.0,7400.0,7.148550724637682,29065.36915674694,1017287.9204861429,,True,True,50.74324702661341,2.09040299492198
25,Cultures permanentes,PTC,74000.0,37000.0,3700.0,7.148550724637682,13880.2067701692,485807.236955922,,True,True,50.894247284400485,2.569684240064382
1,Céréales,BTH,74000.0,59200.0,7400.0,7.148550724637682,11599.667276056118,405988.3546619641,,True,True,50.95117586311067,2.21789516554935
1,Céréales,BTH,74000.0,59200.0,7400.0,7.148550724637682,8672.172347797197,303526.0321729019,,True,True,50.93070054341769,2.2562621639355975
25,Cultures permanentes,PTC,74000.0,37000.0,3700.0,7.148550724637682,15454.553410633509,540909.3693721729,,True,True,51.03323361028688,2.527813713823004
1,Céréales,BTH,74000.0,59200.0,7400.0,7.148550724637682,6574.623723985941,230111.83033950793,,True,True,50.986018290135775,2.3499634836658063
25,Cultures permanentes,PTC,73900.0,36950.0,3695.0,7.148550724637682,10658.79605182541,373057.86181388935,,True,True,50.9443785669372,2.530391240317907
3,Protéagineux,ORH,73900.0,59120.0,7390.0,7.148550724637682,11295.944113328382,395358.04396649334,,True,True,50.83206663580457,2.4227922789434353
1,Céréales,BTH,73900.0,59120.0,7390.0,7.148550724637682,27745.33754151317,971086.813952961,,True,True,50.91313023062936,1.9850830610854728
1,Céréales,BTH,73900.0,59120.0,7390.0,7.148550724637682,18440.42250175969,645414.7875615892,,True,True,50.795101325406115,2.5328267813925
1,Céréales,BTH,73900.0,59120.0,7390.0,7.148550724637682,4651.1102928073515,162788.8602482573,,True,True,50.92171138787559,2.3149558438777484
1,Céréales,BTH,73900.0,59120.0,7390.0,7.148550724637682,10649.45067389067,372730.7735861734,,True,True,50.85607363968578,2.4765293521366702
25,Cultures permanentes,LBF,73900.0,36950.0,3695.0,7.148550724637682,6614.446063715687,231505.61223004904,,True,True,50.87135802866949,2.3958246077666443
9,Fruits,LIF,73900.0,29560.0,5912.0,7.148550724637682,8489.157668249654,297120.5183887379,,True,True,50.88823371849855,2.4813509240749885
1,Céréales,BTH,73800.0,59040.0,7380.0,7.148550724637682,6787.60729931452,237566.2554760082,,True,True,50.8698104179007,2.3638774149808035
24,Surfaces non agricoles,BTN,73800.0,44280.0,0.0,7.148550724637682,13808.636395071224,483302.27382749284,,True,False,50.969486917446176,2.5668867635328056
1,Céréales,BTH,73800.0,59040.0,7380.0,7.148550724637682,16212.165563050215,567425.7947067575,,True,True,50.817850774808285,2.5276427940124737
9,Fruits,LIF,73800.0,29520.0,5904.0,7.148550724637682,15251.649862823024,533807.7451988058,,True,True,50.94866983904582,2.164358648839211
9,Fruits,LIF,73800.0,29520.0,5904.0,7.148550724637682,1697.6749672372496,59418.62385330373,,True,True,50.94288724745852,2.367009465552804
9,Fruits,LIF,73800.0,29520.0,5904.0,7.148550724637682,3642.3424723846297,127481.98653346204,,True,True,50.91827416109595,2.4285218554728356
2,Oléagineux,MIS,73800.0,59040.0,7380.0,7.148550724637682,12623.576234996477,441825.1682248767,,True,True,50.9865998819047,2.5362363592955277
25,Cultures permanentes,PTC,73800.0,36900.0,3690.0,7.148550724637682,8545.220513693526,299082.7179792734,,True,True,50.892109258602595,2.2739638758223655
25,Cultures permanentes,PTC,73800.0,36900.0,3690.0,7.148550724637682,22382.886124662073,783401.0143631726,,True,True,50.768195739055415,2.569659859581151
25,Cultures permanentes,PTC,73800.0,36900.0,3690.0,7.148550724637682,11043.996683751737,386539.8839313108,,True,True,50.87339899498951,2.2505865401202905
2,Oléagineux,MIS,73800.0,59040.0,7380.0,7.148550724637682,29560.585451708313,1034620.490809791,,True,True,50.67246615851822,2.275646254370306
2,Oléagineux,MIS,73800.0,59040.0,7380.0,7.148550724637682,27601.856075654792,966064.9626479177,,True,True,50.73220452352507,2.6174622435669614
3,Protéagineux,ORH,73800.0,59040.0,7380.0,7.148550724637682,27679.03539735967,968766.2389075884,,True,True,50.72194548726075,2.5963468671250314
1,Céréales,BTH,73800.0,59040.0,7380.0,7.148550724637682,19834.73489059496,694215.7211708236,,True,True,50.79135216602993,2.5578016815961857
1,Céréales,BTH,73800.0,59040.0,7380.0,7.148550724637682,14079.045738357961,492766.6008425286,,True,True,50.824553538591466,2.268919102371862
2,Oléagineux,MIS,73700.0,58960.0,7370.0,7.148550724637682,6297.4549043400675,220410.92165190238,,True,True,50.87464191503509,2.3989576384320337
2,Oléagineux,MIS,73700.0,58960.0,7370.0,7.148550724637682,16372.258096591762,573029.0333807117,,True,True,50.7828776381026,2.370707715496984
2,Oléagineux,MIS,73700.0,58960.0,7370.0,7.148550724637682,3460.1194443093113,121104.1805508259,,True,True,50.92406667511536,2.3315369906088015
18,Semences,PPH,73700.0,55275.0,5896.0,7.148550724637682,29218.784721177257,1022657.465241204,,True,True,50.70297285010168,2.1705762249835616
1,Céréales,BTH,73700.0,58960.0,7370.0,7.148550724637682,26527.887026722838,928476.0459352994,,True,True,50.77543603719867,2.6678610677258376
1,Céréales,BTH,73700.0,58960.0,7370.0,7.148550724637682,28041.900575070147,981466.5201274551,,True,True,50.790756997932085,2.7131070389252887
1,Céréales,BTH,73700.0,58960.0,7370.0,7.148550724637682,5172.382440318626,181033.38541115192,,True,True,50.89144599860076,2.4212765797299154
9,Fruits,LIF,73700.0,29480.0,5896.0,7.148550724637682,5861.123357987917,205139.3175295771,,True,True,50.982703234837984,2.3813747422633633
18,Semences,PPH,73700.0,55275.0,5896.0,7.148550724637682,19754.174815356087,691396.118537463,,True,True,50.81451472686746,2.1660772883656523
9,Fruits,LIF,73700.0,29480.0,5896.0,7.148550724637682,18259.813465843767,639093.4713045318,,True,True,51.051858696281805,2.5548793792681397
5,Sucre,CZH,73700.0,55275.0,5896.0,7.148550724637682,9487.27060458141,332054.4711603494,,True,True,50.981577927768605,2.272103404340485
25,Cultures permanentes,PTC,73700.0,36850.0,3685.0,7.148550724637682,7978.208685406063,279237.3039892122,,True,True,50.93245905592254,2.4937759621672813
1,Céréales,BTH,73700.0,58960.0,7370.0,7.148550724637682,26441.91078072045,925466.8773252157,,True,True,50.798881487590364,2.0656834459359423
25,Cultures permanentes,PTC,73700.0,36850.0,3685.0,7.148550724637682,19681.95235975681,688868.3325914884,,True,True,50.833202904690765,2.6148801922259115
25,Cultures permanentes,PTC,73700.0,36850.0,3685.0,7.148550724637682,16039.621129471136,561386.7395314898,,True,True,50.813632186879715,2.515075900775503
19,Légumineuses,PTR,73700.0,58960.0,7370.0,7.148550724637682,13735.170503597694,480730.96762591926,,True,True,50.95674836433904,2.571389909569807
1,Céréales,BTH,73700.0,58960.0,7370.0,7.148550724637682,4302.45340413239,150585.86914463365,,True,True,50.89960523293932,2.342022863447553
25,Cultures permanentes,POR,73600.0,36800.0,3680.0,7.148550724637682,26323.586184598906,921325.5164609617,,True,True,50.771719560654134,2.6588359277275972
3,Protéagineux,ORH,73600.0,58880.0,7360.0,7.148550724637682,13583.481446504062,475421.8506276422,,True,True,50.91605077035721,2.1874759917122573
25,Cultures permanentes,PTC,73600.0,36800.0,3680.0,7.148550724637682,26180.64811158809,916322.6839055831,,True,True,50.822783835323605,2.0477941762317324
1,Céréales,BTH,73600.0,58880.0,7360.0,7.148550724637682,25202.51568693754,882088.0490428138,,True,True,50.70561979538359,2.430662482226736
1,Céréales,BTH,73600.0,58880.0,7360.0,7.148550724637682,19147.624894256045,670166.8712989616,,True,True,50.84119415227614,2.613855988096538
24,Surfaces non agricoles,BTN,73600.0,44160.0,0.0,7.148550724637682,6687.267950674496,234054.37827360738,,True,False,50.98513213845672,2.3418563903539016
25,Cultures permanentes,PTC,73600.0,36800.0,3680.0,7.148550724637682,25427.94642847022,889978.1249964577,,True,True,50.70408260906039,2.323918690469354
25,Cultures permanentes,PTC,73600.0,36800.0,3680.0,7.148550724637682,27467.67370123921,961368.5795433724,,True,True,50.68882936647969,2.295413014353873
1,Céréales,BTH,73600.0,58880.0,7360.0,7.148550724637682,4251.919961588353,148817.19865559234,,True,True,50.954756063747325,2.3337487084565978
25,Cultures permanentes,PTC,73600.0,36800.0,3680.0,7.148550724637682,12466.971015668742,436343.98554840597,,True,True,50.823034566921756,2.433247462396869
9,Fruits,LIF,73500.0,29400.0,5880.0,7.148550724637682,19821.028800973098,693736.0080340584,,True,True,50.75991882462477,2.4645061335069913
9,Fruits,LIF,73500.0,29400.0,5880.0,7.148550724637682,17346.90184188383,607141.5644659341,,True,True,51.06374143814358,2.507614482948483
24,Surfaces non agricoles,BTN,73500.0,44100.0,0.0,7.148550724637682,12521.997911384517,438269.9268984581,,True,False,50.89639087573635,2.209530006787406
24,Surfaces non agricoles,BTN,73500.0,44100.0,0.0,7.148550724637682,27969.065598749174,978917.2959562211,,True,False,50.68115914920539,2.438065760726881
25,Cultures permanentes,PTC,73500.0,36750.0,3675.0,7.148550724637682,22660.805713269456,793128.199964431,,True,True,50.764001258903626,2.5672387569245325
1,Céréales,BTH,73500.0,58800.0,7350.0,7.148550724637682,28396.342094606392,993871.9733112238,,True,True,50.78438839199777,2.0476557445756693
1,Céréales,BTH,73500.0,58800.0,7350.0,7.148550724637682,19138.78134245964,669857.3469860874,,True,True,50.904683198489906,2.109955321418921
1,Céréales,BTH,73500.0,58800.0,7350.0,7.148550724637682,14193.530964196352,496773.5837468723,,True,True,51.036004258124564,2.492951806188428
1,Céréales,BTH,73500.0,58800.0,7350.0,7.148550724637682,23683.190772288486,828911.677030097,,True,True,50.7939956616147,2.1203144320691742
1,Céréales,BTH,73500.0,58800.0,7350.0,7.148550724637682,27754.964581148408,971423.7603401942,,True,True,50.941190189026415,1.9843188221072103
1,Céréales,BTH,73500.0,58800.0,7350.0,7.148550724637682,10793.634755279287,377777.21643477504,,True,True,50.97633117452667,2.244595248996082
1,Céréales,BTH,73500.0,58800.0,7350.0,7.148550724637682,28969.038408032346,1013916.3442811321,,True,True,50.72548099380789,2.124503048905604
1,Céréales,BTP,73500.0,58800.0,7350.0,7.148550724637682,10505.443628558745,367690.5269995561,,True,True,50.84632982921262,2.310443496744428
25,Cultures permanentes,PTC,73400.0,36700.0,3670.0,7.148550724637682,17233.61975854469,603176.6915490641,,True,True,50.777565657360476,2.424362155959747
9,Fruits,LIF,73400.0,29360.0,5872.0,7.148550724637682,21140.521134955296,739918.2397234354,,True,True,50.945058085355484,2.079247908111847
1,Céréales,BTH,73400.0,58720.0,7340.0,7.148550724637682,26414.55507160914,924509.4275063198,,True,True,50.90305711965853,2.0056348817935192
25,Cultures permanentes,OIG,73400.0,36700.0,3670.0,7.148550724637682,11406.163215890965,399215.7125561838,,True,True,50.88302752551387,2.5246132484286594
1,Céréales,BTH,73400.0,58720.0,7340.0,7.148550724637682,16157.728010679346,565520.4803737771,,True,True,50.78513579865394,2.3619835994032687
25,Cultures permanentes,PTC,73400.0,36700.0,3670.0,7.148550724637682,6650.106475112278,232753.72662892973,,True,True,50.8746128505791,2.344225342806772
1,Céréales,BTH,73300.0,58640.0,7330.0,7.148550724637682,6944.572802996069,243060.04810486242,,True,True,50.872570974460224,2.3410817174826812
2,Oléagineux,MIS,73300.0,58640.0,7330.0,7.148550724637682,2359.632303791209,82587.13063269231,,True,True,50.9267358178652,2.413267354831279
9,Fruits,LIF,73300.0,29320.0,5864.0,7.148550724637682,1214.9652991666983,42523.78547083444,,True,True,50.92615897870141,2.363770999046236
2,Oléagineux,MIS,73300.0,58640.0,7330.0,7.148550724637682,2663.400527553932,93219.01846438763,,True,True,50.92408006603211,2.416822301678493
2,Oléagineux,MIS,73300.0,58640.0,7330.0,7.148550724637682,26246.56866274203,918629.903195971,,True,True,50.808517629950636,2.7006818149798217
24,Surfaces non agricoles,BTN,73300.0,43980.0,0.0,7.148550724637682,23435.882978953523,820255.9042633733,,True,False,50.797651730709006,2.120117528337192
24,Surfaces non agricoles,BTN,73300.0,43980.0,0.0,7.148550724637682,13470.508399491446,471467.7939822006,,True,False,50.828554618998396,2.4849449126049374
9,Fruits,LIF,73300.0,29320.0,5864.0,7.148550724637682,23302.457108197606,815585.9987869163,,True,True,50.93615141395675,2.047621868832582
1,Céréales,BTH,73300.0,58640.0,7330.0,7.148550724637682,148.8355341070804,5209.243693747814,,True,True,50.931018943865865,2.378622852016428
1,Céréales,BTH,73300.0,58640.0,7330.0,7.148550724637682,10052.542761460963,351838.9966511337,,True,True,50.84590244781145,2.432589413619892
1,Céréales,BTH,73300.0,58640.0,7330.0,7.148550724637682,18614.223579717393,651497.8252901088,,True,True,50.792566836687406,2.5314254868548063
25,Cultures permanentes,PTC,73300.0,36650.0,3665.0,7.148550724637682,8201.902320171594,287066.58120600577,,True,True,50.85894706976696,2.348600934891913
1,Céréales,BTH,73300.0,58640.0,7330.0,7.148550724637682,13343.527485472301,467023.46199153055,,True,True,50.82846773398153,2.481377476093176
9,Fruits,LIF,73300.0,29320.0,5864.0,7.148550724637682,12139.868190824325,424895.3866788514,,True,True,50.822642621243986,2.3485470005316986
1,Céréales,BTH,73300.0,58640.0,7330.0,7.148550724637682,8008.89584415878,280311.3545455573,,True,True,50.98744372981846,2.4489817883160954
1,Céréales,BTH,73200.0,58560.0,7320.0,7.148550724637682,26584.61766308168,930461.6182078589,,True,True,50.94747816410877,2.0016117074185975
1,Céréales,BTH,73200.0,58560.0,7320.0,7.148550724637682,29947.208335285504,1048152.2917349926,,True,True,50.66068353375633,2.3826600850555586
9,Fruits,LIF,73200.0,29280.0,5856.0,7.148550724637682,8929.982882825576,312549.40089889517,,True,True,50.861173242750596,2.3143911406218654
1,Céréales,BTH,73200.0,58560.0,7320.0,7.148550724637682,25357.323898302042,887506.3364405715,,True,True,50.857353815859746,2.0372975075812336
18,Semences,PPH,73200.0,54900.0,5856.0,7.148550724637682,15592.146636054147,545725.1322618951,,True,True,50.79007154626817,2.365595575923396
25,Cultures permanentes,PTC,73200.0,36600.0,3660.0,7.148550724637682,4632.067388141574,162122.3585849551,,True,True,50.971061740106556,2.3688599270011474
25,Cultures permanentes,PTC,73200.0,36600.0,3660.0,7.148550724637682,13573.72933364166,475080.52667745814,,True,True,50.80793959458698,2.377394486505848
2,Oléagineux,MIS,73100.0,58480.0,7310.0,7.148550724637682,13406.71730591365,469235.1057069777,,True,True,50.88448327707383,2.2029435479519517
5,Sucre,CZH,73100.0,54825.0,5848.0,7.148550724637682,23014.60954876997,805511.334206949,,True,True,50.72384050119585,2.35093519340274
2,Oléagineux,MIS,73100.0,58480.0,7310.0,7.148550724637682,27616.314379499727,966571.0032824904,,True,True,50.797357294291274,2.047326598806146
2,Oléagineux,MIS,73100.0,58480.0,7310.0,7.148550724637682,24679.26454966603,863774.2592383111,,True,True,50.763815419019345,2.1470000765404933
1,Céréales,BTH,73100.0,58480.0,7310.0,7.148550724637682,15310.963536175675,535883.7237661487,,True,True,50.90378794024949,2.1655855686295307
1,Céréales,BTH,73100.0,58480.0,7310.0,7.148550724637682,17304.97213298387,605674.0246544353,,True,True,50.88433919331023,2.1440606576657224
1,Céréales,BTH,73100.0,58480.0,7310.0,7.148550724637682,12710.77247467673,444877.0366136856,,True,True,50.81672676623395,2.3556494625853137
1,Céréales,BTH,73100.0,58480.0,7310.0,7.148550724637682,4784.509364267678,167457.82774936873,,True,True,50.8954052775833,2.420579679951589
1,Céréales,BTH,73100.0,58480.0,7310.0,7.148550724637682,16280.498989234626,569817.4646232119,,True,True,50.86744316675514,2.5898916990902245
25,Cultures permanentes,PTC,73000.0,36500.0,3650.0,7.148550724637682,24358.303897176775,852540.6364011872,,True,True,50.72734025003631,2.511662128332684
25,Cultures permanentes,PTC,73000.0,36500.0,3650.0,7.148550724637682,13673.530461711047,478573.56615988666,,True,True,50.80716833045574,2.370793424372927
18,Semences,PPH,73000.0,54750.0,5840.0,7.148550724637682,27459.785868544877,961092.5053990707,,True,True,50.68332562317008,2.398517699867322
1,Céréales,BTH,73000.0,58400.0,7300.0,7.148550724637682,24585.10409074731,860478.6431761559,,True,True,50.7614654653409,2.1533455723355455
1,Céréales,BTH,73000.0,58400.0,7300.0,7.148550724637682,12878.357130905031,450742.4995816761,,True,True,50.859427695853626,2.525594221969195
25,Cultures permanentes,OIG,73000.0,36500.0,3650.0,7.148550724637682,15711.101095509328,549888.5383428265,,True,True,50.89670697855,2.162210855281784
1,Céréales,BTH,73000.0,58400.0,7300.0,7.148550724637682,6472.713206255183,226544.9622189314,,True,True,50.95720191201491,2.461677497822926
1,Céréales,BTH,73000.0,58400.0,7300.0,7.148550724637682,10891.32469134536,381196.3641970876,,True,True,50.87877159199042,2.5123837533602207
24,Surfaces non agricoles,BTN,73000.0,43800.0,0.0,7.148550724637682,14431.378760295594,505098.2566103458,,True,False,50.96145212536091,2.18015146614496
2,Oléagineux,MIS,72900.0,58320.0,7290.0,7.148550724637682,13532.088183252625,473623.08641384187,,True,True,50.862930432823426,2.2189988484312155
2,Oléagineux,MIS,72900.0,58320.0,7290.0,7.148550724637682,17058.40075430828,597044.0264007899,,True,True,50.77663905595674,2.373862428055913
24,Surfaces non agricoles,BTN,72900.0,43740.0,0.0,7.148550724637682,15272.7500832007,534546.2529120245,,True,False,50.792969315349524,2.394855858014555
24,Surfaces non agricoles,BTN,72900.0,43740.0,0.0,7.148550724637682,22894.252885204198,801298.8509821469,,True,False,50.791380275276865,2.1388140552622077
1,Céréales,BTH,72900.0,58320.0,7290.0,7.148550724637682,29744.058676935725,1041042.0536927504,,True,True,50.66250781422385,2.3818516298474006
25,Cultures permanentes,PTC,72900.0,36450.0,3645.0,7.148550724637682,9350.928171917525,327282.4860171134,,True,True,50.95817568958723,2.505753202859195
19,Légumineuses,PTR,72900.0,58320.0,7290.0,7.148550724637682,8945.037842628626,313076.3244920019,,True,True,50.89603492037732,2.264341399005154
9,Fruits,LIF,72800.0,29120.0,5824.0,7.148550724637682,14778.957299514866,517263.50548302033,,True,True,50.90889451802481,2.1718442107908533
2,Oléagineux,MIS,72800.0,58240.0,7280.0,7.148550724637682,22567.745649120283,789871.0977192099,,True,True,50.74246645445562,2.502882853967064
1,Céréales,BTH,72800.0,58240.0,7280.0,7.148550724637682,23067.069533517293,807347.4336731052,,True,True,50.92291509527222,2.0510763535323577
1,Céréales,BTH,72800.0,58240.0,7280.0,7.148550724637682,22921.10089829583,802238.5314403541,,True,True,50.84807659725021,2.080144520670165
25,Cultures permanentes,NVT,72800.0,36400.0,3640.0,7.148550724637682,25593.97673783614,895789.1858242649,,True,True,50.915987109162096,2.015535445690457
1,Céréales,BTH,72800.0,58240.0,7280.0,7.148550724637682,20316.058215519228,711062.037543173,,True,True,50.882073159017665,2.10040834672745
1,Céréales,BTH,72800.0,58240.0,7280.0,7.148550724637682,17422.06610552657,609772.3136934299,,True,True,50.97292302990108,2.140807100171242
9,Fruits,LIF,72800.0,29120.0,5824.0,7.148550724637682,25333.56998022893,886674.9493080126,,True,True,50.90267274022288,2.021233955355628
9,Fruits,LIF,72800.0,29120.0,5824.0,7.148550724637682,23384.695547220937,818464.3441527328,,True,True,50.893072919898,2.051641536403064
25,Cultures permanentes,PTC,72700.0,36350.0,3635.0,7.148550724637682,24982.904062603044,874401.6421911066,,True,True,50.99240679768397,2.0373199570170937
2,Oléagineux,MIS,72700.0,58160.0,7270.0,7.148550724637682,28834.90119872524,1009221.5419553835,,True,True,50.67104028150387,2.4015756583240866
2,Oléagineux,MIS,72700.0,58160.0,7270.0,7.148550724637682,29750.97685415271,1041284.1898953448,,True,True,50.675167413611995,2.509004340210515
24,Surfaces non agricoles,BTN,72700.0,43620.0,0.0,7.148550724637682,4165.589641203279,145795.63744211476,,True,False,50.91148618792957,2.431662112950706
9,Fruits,LIF,72700.0,29080.0,5816.0,7.148550724637682,24331.890066570028,851616.152329951,,True,True,50.90591440212634,2.0350105683601574
24,Surfaces non agricoles,BTN,72700.0,43620.0,0.0,7.148550724637682,27973.85289364691,979084.8512776418,,True,False,50.951776236690876,1.9822499822293274
1,Céréales,BTH,72700.0,58160.0,7270.0,7.148550724637682,26462.182293631104,926176.3802770886,,True,True,50.69606610932708,2.3108419956406068
9,Fruits,LIF,72700.0,29080.0,5816.0,7.148550724637682,23516.1384041788,823064.844146258,,True,True,50.92198228295401,2.0447216995040045
1,Céréales,BTH,72700.0,58160.0,7270.0,7.148550724637682,9685.204068620058,338982.142401702,,True,True,50.845264022299176,2.34804292588294
2,Oléagineux,MIS,72600.0,58080.0,7260.0,7.148550724637682,29243.665687704775,1023528.2990696671,,True,True,50.66962448581666,2.438579108791781
3,Protéagineux,ORH,72600.0,58080.0,7260.0,7.148550724637682,12753.87378800727,446385.5825802544,,True,True,50.91889541582357,2.5611065810254563
9,Fruits,LIF,72600.0,29040.0,5808.0,7.148550724637682,6577.065673927227,230197.29858745294,,True,True,50.91621133988859,2.47124799040942
1,Céréales,BTH,72600.0,58080.0,7260.0,7.148550724637682,28338.841057945665,991859.4370280983,,True,True,50.73777194746734,2.6449495357233657
9,Fruits,LIF,72600.0,29040.0,5808.0,7.148550724637682,22815.073434503232,798527.5702076132,,True,True,50.75542658881508,2.2092635791413593
9,Fruits,LIF,72600.0,29040.0,5808.0,7.148550724637682,7114.635372619443,249012.2380416805,,True,True,50.89319665307356,2.2969901755706332
18,Semences,PPH,72600.0,54450.0,5808.0,7.148550724637682,18408.44234800672,644295.4821802352,,True,True,50.77495790642685,2.2880588995565354
1,Céréales,BTH,72600.0,58080.0,7260.0,7.148550724637682,28944.777405815446,1013067.2092035406,,True,True,50.675490836001245,2.293555852326132
19,Légumineuses,PTR,72500.0,58000.0,7250.0,7.148550724637682,26962.2294754182,943678.031639637,,True,True,50.80569582797498,2.7098812692367016
1,Céréales,BTH,72500.0,58000.0,7250.0,7.148550724637682,29201.647051061762,1022057.6467871617,,True,True,50.77440121635884,2.7151026366375124
2,Oléagineux,MIS,72500.0,58000.0,7250.0,7.148550724637682,29927.4467396895,1047460.6358891325,,True,True,50.754648196907375,2.7033515078983217
2,Oléagineux,MIS,72500.0,58000.0,7250.0,7.148550724637682,21597.907960115564,755926.7786040448,,True,True,50.73600250844433,2.3951928183592397
1,Céréales,BTP,72500.0,58000.0,7250.0,7.148550724637682,11297.132900113373,395399.65150396805,,True,True,50.849058025819225,2.4773405077003945
25,Cultures permanentes,CHU,72500.0,36250.0,3625.0,7.148550724637682,5443.629065615126,190527.0172965294,,True,True,50.91529291068014,2.3059253192458478
3,Protéagineux,ORH,72500.0,58000.0,7250.0,7.148550724637682,27274.52957015897,954608.534955564,,True,True,50.766904045871414,2.6701727455481685
5,Sucre,CZH,72500.0,54375.0,5800.0,7.148550724637682,28751.330274093645,1006296.5595932776,,True,True,50.68823907448,2.525113866988151
9,Fruits,LIF,72500.0,29000.0,5800.0,7.148550724637682,22440.659415706148,785423.0795497152,,True,True,50.85231981686005,2.0847142132629557
5,Sucre,CZH,72500.0,54375.0,5800.0,7.148550724637682,16098.249263632988,563438.7242271546,,True,True,50.79578255613691,2.294014116402888
2,Oléagineux,MIS,72500.0,58000.0,7250.0,7.148550724637682,21374.36783299975,748102.8741549912,,True,True,50.75472344226636,2.5049807094063046
25,Cultures permanentes,PTC,72400.0,36200.0,3620.0,7.148550724637682,8766.427016675263,306824.9455836342,,True,True,50.85276281911933,2.3549387518078437
25,Cultures permanentes,PTC,72400.0,36200.0,3620.0,7.148550724637682,29956.334933586593,1048471.7226755307,,True,True,50.66353324661555,2.3172346857212185
18,Semences,PPH,72400.0,54300.0,5792.0,7.148550724637682,25365.443485421052,887790.5219897368,,True,True,50.70267234859251,2.3499914735722203
18,Semences,PPH,72400.0,54300.0,5792.0,7.148550724637682,17488.17713547865,612086.1997417528,,True,True,50.77365458906051,2.352955255713528
5,Sucre,CZH,72400.0,54300.0,5792.0,7.148550724637682,9565.260083377936,334784.1029182278,,True,True,50.89951154035602,2.2524165580341537
3,Protéagineux,ORH,72400.0,57920.0,7240.0,7.148550724637682,6524.351630227695,228352.30705796933,,True,True,50.96228506086176,2.3022378692955425
1,Céréales,BTH,72400.0,57920.0,7240.0,7.148550724637682,14180.766759228287,496326.83657299005,,True,True,50.912931911386806,2.179513913365508
1,Céréales,BTH,72400.0,57920.0,7240.0,7.148550724637682,18044.815622771206,631568.5467969922,,True,True,50.87344874874774,2.138807254884443
24,Surfaces non agricoles,BTN,72400.0,43440.0,0.0,7.148550724637682,24500.924413591754,857532.3544757114,,True,False,50.778714214922495,2.126238785018742
1,Céréales,BTH,72300.0,57840.0,7230.0,7.148550724637682,14087.299184356896,493055.47145249136,,True,True,50.87030503968237,2.202816705409591
1,Céréales,BTH,72300.0,57840.0,7230.0,7.148550724637682,13695.710291013851,479349.8601854848,,True,True,50.848442435522344,2.2336867080297234
1,Céréales,BTH,72300.0,57840.0,7230.0,7.148550724637682,14744.374421131255,516053.1047395939,,True,True,51.0468337556438,2.4796213434004852
1,Céréales,BTH,72300.0,57840.0,7230.0,7.148550724637682,29418.866877992732,1029660.3407297456,,True,True,50.92830365122248,1.9602424695658798
25,Cultures permanentes,PTC,72300.0,36150.0,3615.0,7.148550724637682,11369.88903445268,397946.1162058438,,True,True,50.98651922053044,2.244718992920055
1,Céréales,BTH,72300.0,57840.0,7230.0,7.148550724637682,22998.435273373376,804945.2345680682,,True,True,50.962869358035334,2.055894514144071
9,Fruits,LIF,72300.0,28920.0,5784.0,7.148550724637682,6872.2755416013,240529.64395604547,,True,True,50.94039982414942,2.476671989847287
25,Cultures permanentes,PTC,72300.0,36150.0,3615.0,7.148550724637682,7488.353845590339,262092.38459566186,,True,True,50.982288175292155,2.3126247142696164
9,Fruits,LIF,72300.0,28920.0,5784.0,7.148550724637682,13018.079936455959,455632.79777595855,,True,True,51.00006368199509,2.5289295479542164
25,Cultures permanentes,PTC,72300.0,36150.0,3615.0,7.148550724637682,13448.444272604554,470695.5495411594,,True,True,50.879782437881154,2.554476509159151
2,Oléagineux,MIS,72300.0,57840.0,7230.0,7.148550724637682,7555.0212065144715,264425.7422280065,,True,True,50.96062819144539,2.2837412955591696
3,Protéagineux,ORH,72300.0,57840.0,7230.0,7.148550724637682,24267.46773402471,849361.3706908649,,True,True,50.754618363705724,2.1743024371058595
3,Protéagineux,ORP,72200.0,57760.0,7220.0,7.148550724637682,9469.969090104092,331448.9181536432,,True,True,50.99861213844982,2.46010946702728
3,Protéagineux,ORP,72200.0,57760.0,7220.0,7.148550724637682,26872.853469317648,940549.8714261177,,True,True,50.95953470307338,1.9993082598637943
25,Cultures permanentes,PTC,72200.0,36100.0,3610.0,7.148550724637682,2987.449286068403,104560.7250123941,,True,True,50.914574772450116,2.3451041846094562
2,Oléagineux,MIS,72200.0,57760.0,7220.0,7.148550724637682,7845.355650786726,274587.4477775354,,True,True,50.95949621445754,2.481724522582274
1,Céréales,BTH,72200.0,57760.0,7220.0,7.148550724637682,11295.164873935848,395330.77058775467,,True,True,50.83359555196034,2.3292644736734327
1,Céréales,BTH,72200.0,57760.0,7220.0,7.148550724637682,24346.406842401666,852124.2394840583,,True,True,50.74278002924698,2.5597669901715903
1,Céréales,BTH,72200.0,57760.0,7220.0,7.148550724637682,13260.06460297411,464102.2611040938,,True,True,50.8587317603834,2.5315833253428583
24,Surfaces non agricoles,BTN,72200.0,43320.0,0.0,7.148550724637682,3681.9611986243767,128868.64195185319,,True,False,50.96282506247074,2.38691188012363
9,Fruits,LIF,72200.0,28880.0,5776.0,7.148550724637682,7254.5794224406,253910.279785421,,True,True,50.86997433594515,2.420531819244532
9,Fruits,LIF,72100.0,28840.0,5768.0,7.148550724637682,12532.69971915387,438644.49017038546,,True,True,50.81863763923665,2.352469225626047
25,Cultures permanentes,PTC,72100.0,36050.0,3605.0,7.148550724637682,26507.864267919078,927775.2493771678,,True,True,50.70441028355081,2.501983249187448
18,Semences,PPH,72100.0,54075.0,5768.0,7.148550724637682,19085.132017235228,667979.620603233,,True,True,50.76007047528759,2.4182438043123726
25,Cultures permanentes,PTC,72100.0,36050.0,3605.0,7.148550724637682,25141.97111542823,879968.989039988,,True,True,50.71288112524793,2.4799114132246194
1,Céréales,BTH,72100.0,57680.0,7210.0,7.148550724637682,23174.330322940903,811101.5613029316,,True,True,50.75816883090742,2.193220260446779
2,Oléagineux,MIS,72100.0,57680.0,7210.0,7.148550724637682,15392.191396122464,538726.6988642862,,True,True,50.8984797784995,2.5937868064290694
1,Céréales,BTH,72100.0,57680.0,7210.0,7.148550724637682,18948.104998341238,663183.6749419433,,True,True,50.876038545757666,2.12369488277509
3,Protéagineux,ORH,72100.0,57680.0,7210.0,7.148550724637682,6811.860888888183,238415.1311110864,,True,True,50.93087868488766,2.2828116876477877
1,Céréales,BTH,72100.0,57680.0,7210.0,7.148550724637682,29108.02811522146,1018780.9840327511,,True,True,50.681432288928484,2.250087172273244
1,Céréales,BTH,72100.0,57680.0,7210.0,7.148550724637682,14774.345462220685,517102.09117772395,,True,True,50.962686979820695,2.1755940572019044
1,Céréales,BTH,72100.0,57680.0,7210.0,7.148550724637682,6957.675699952544,243518.64949833904,,True,True,50.97635697934366,2.313285687706192
24,Surfaces non agricoles,BTN,72100.0,43260.0,0.0,7.148550724637682,24583.40405003214,860419.1417511249,,True,False,50.72257092211526,2.258903114188734
24,Surfaces non agricoles,BTN,72100.0,43260.0,0.0,7.148550724637682,26832.122211435762,939124.2774002517,,True,False,50.699649743089104,2.493777850754434
5,Sucre,CZH,72100.0,54075.0,5768.0,7.148550724637682,13271.350295830585,464497.26035407046,,True,True,51.00309132981367,2.529821303284544
18,Semences,PPH,72000.0,54000.0,5760.0,7.148550724637682,10943.324145154216,383016.34508039756,,True,True,50.8403425157311,2.4443319201793563
25,Cultures permanentes,PTC,72000.0,36000.0,3600.0,7.148550724637682,13453.75821897711,470881.53766419884,,True,True,50.985969038061775,2.209701768355661
25,Cultures permanentes,PTC,72000.0,36000.0,3600.0,7.148550724637682,19292.59085492897,675240.679922514,,True,True,50.833284590325235,2.6083095431052916
25,Cultures permanentes,PTC,72000.0,36000.0,3600.0,7.148550724637682,13573.860865836306,475085.1303042707,,True,True,50.82636260413512,2.482232962828418
25,Cultures permanentes,PTC,72000.0,36000.0,3600.0,7.148550724637682,20284.21826803821,709947.6393813373,,True,True,50.74978385535893,2.424771053751126
25,Cultures permanentes,PTC,72000.0,36000.0,3600.0,7.148550724637682,4811.558898124824,168404.56143436884,,True,True,50.94119905705727,2.446324170555518
25,Cultures permanentes,PTC,72000.0,36000.0,3600.0,7.148550724637682,29013.159724607205,1015460.5903612522,,True,True,50.74364136104723,2.6691731904942384
2,Oléagineux,MIS,72000.0,57600.0,7200.0,7.148550724637682,7340.368854197618,256912.90989691662,,True,True,50.894974715228706,2.4687468480897996
2,Oléagineux,MIS,72000.0,57600.0,7200.0,7.148550724637682,15099.085584845465,528467.9954695912,,True,True,50.80431322702214,2.298563324318883
25,Cultures permanentes,OIG,72000.0,36000.0,3600.0,7.148550724637682,10660.303827817264,373110.63397360424,,True,True,50.9369215030981,2.228275404179295
4,Plantes à fibres,TTP,72000.0,54000.0,5760.0,7.148550724637682,25880.0000926375,905800.0032423125,,True,True,50.75138573914435,2.616304749987928
24,Surfaces non agricoles,BTN,72000.0,43200.0,0.0,7.148550724637682,22224.66320676036,777863.2122366126,,True,False,50.7748334576104,2.1804439508645705
1,Céréales,BTH,72000.0,57600.0,7200.0,7.148550724637682,9363.959897471457,327738.596411501,,True,True,50.84588311823745,2.3736532080408907
1,Céréales,BTH,72000.0,57600.0,7200.0,7.148550724637682,1734.408443228516,60704.29551299806,,True,True,50.914421857928446,2.378754651984404
1,Céréales,BTH,72000.0,57600.0,7200.0,7.148550724637682,7917.5695077807895,277114.9327723276,,True,True,50.894926549176866,2.4782814019106723
1,Céréales,BTH,72000.0,57600.0,7200.0,7.148550724637682,21780.033202086204,762301.1620730171,,True,True,50.90158516318809,2.0726052140171536
9,Fruits,LIF,71900.0,28760.0,5752.0,7.148550724637682,27476.475164875304,961676.6307706357,,True,True,50.8559570370141,2.0062540971935663
2,Oléagineux,MIS,71900.0,57520.0,7190.0,7.148550724637682,27680.078660686682,968802.7531240339,,True,True,50.7040494879039,2.5453537520282077
2,Oléagineux,MIS,71900.0,57520.0,7190.0,7.148550724637682,26458.141865830952,926034.9653040833,,True,True,50.7626289544361,2.1121390455806868
1,Céréales,BTH,71900.0,57520.0,7190.0,7.148550724637682,25494.607213720057,892311.252480202,,True,True,50.954242841064534,2.018165955968859
1,Céréales,BTH,71900.0,57520.0,7190.0,7.148550724637682,26665.695631220526,933299.3470927184,,True,True,50.97276621968447,2.005437849399518
1,Céréales,BTH,71900.0,57520.0,7190.0,7.148550724637682,6126.147738067766,214415.1708323718,,True,True,50.984313638032184,2.3946667885029664
3,Protéagineux,ORP,71900.0,57520.0,7190.0,7.148550724637682,10508.899574628078,367811.48511198274,,True,True,50.988979039902794,2.2627581702516615
25,Cultures permanentes,PTC,71900.0,35950.0,3595.0,7.148550724637682,7269.58159467502,254435.3558136257,,True,True,50.86876204545453,2.41629746771659
25,Cultures permanentes,PTC,71900.0,35950.0,3595.0,7.148550724637682,14729.830806967811,515544.0782438734,,True,True,50.80948718073257,2.4671454258424474
25,Cultures permanentes,PTC,71800.0,35900.0,3590.0,7.148550724637682,26847.059451457673,939647.0808010185,,True,True,50.69064376996898,2.4301086868330373
3,Protéagineux,ORH,71800.0,57440.0,7180.0,7.148550724637682,17984.915443171583,629472.0405110054,,True,True,51.049291298768395,2.5535219870524335
3,Protéagineux,ORH,71800.0,57440.0,7180.0,7.148550724637682,8312.643820834384,290942.53372920345,,True,True,50.90347601904399,2.2691364204942066
2,Oléagineux,MIS,71800.0,57440.0,7180.0,7.148550724637682,27526.387405577476,963423.5591952116,,True,True,50.703162789157204,2.5368962481975004
24,Surfaces non agricoles,BTN,71800.0,43080.0,0.0,7.148550724637682,28464.155220465447,996245.4327162907,,True,False,50.724069668192186,2.139278016887889
24,Surfaces non agricoles,BTN,71800.0,43080.0,0.0,7.148550724637682,27519.197616885787,963171.9165910026,,True,False,50.727116484036614,2.155614776449314
24,Surfaces non agricoles,BTN,71800.0,43080.0,0.0,7.148550724637682,22101.37351669576,773548.0730843516,,True,False,50.76414146181672,2.206521366321625
1,Céréales,BTH,71800.0,57440.0,7180.0,7.148550724637682,24959.353302762767,873577.3655966969,,True,True,50.73537108974731,2.2029509885740923
1,Céréales,BTH,71800.0,57440.0,7180.0,7.148550724637682,20582.760981165822,720396.6343408037,,True,True,50.82266589562263,2.6190015719521624
1,Céréales,BTH,71800.0,57440.0,7180.0,7.148550724637682,13542.176083474747,473976.16292161617,,True,True,50.94578516578979,2.571633836362041
1,Céréales,BTH,71800.0,57440.0,7180.0,7.148550724637682,24480.749052171257,856826.216825994,,True,True,50.80503037425211,2.0928020464985733
24,Surfaces non agricoles,BTN,71800.0,43080.0,0.0,7.148550724637682,10027.759728377921,350971.59049322724,,True,False,50.844240779135234,2.4242176658050933
5,Sucre,CZH,71800.0,53850.0,5744.0,7.148550724637682,21499.78757538147,752492.5651383514,,True,True,50.738454466807205,2.3382459960636233
1,Céréales,BTH,71800.0,57440.0,7180.0,7.148550724637682,25097.778649076277,878422.2527176697,,True,True,50.73181270396382,2.208988540516748
2,Oléagineux,MIS,71800.0,57440.0,7180.0,7.148550724637682,15948.727409709387,558205.4593398286,,True,True,50.788439649160786,2.343427842313526
2,Oléagineux,MIS,71800.0,57440.0,7180.0,7.148550724637682,6678.284868689756,233739.97040414147,,True,True,50.91286600792201,2.471314556367345
2,Oléagineux,MIS,71700.0,57360.0,7170.0,7.148550724637682,27047.434260242335,946660.1991084818,,True,True,50.69733045409334,2.4922722292045454
25,Cultures permanentes,PTC,71700.0,35850.0,3585.0,7.148550724637682,16550.27287160422,579259.5505061477,,True,True,50.84764814974201,2.576539155682345
2,Oléagineux,MIS,71700.0,57360.0,7170.0,7.148550724637682,14575.912982252146,510156.95437882515,,True,True,50.81588277698014,2.277786660645825
24,Surfaces non agricoles,BTN,71700.0,43020.0,0.0,7.148550724637682,364.6704121106334,12763.464423872168,,True,False,50.92953376446311,2.3748494509052374
1,Céréales,BTH,71700.0,57360.0,7170.0,7.148550724637682,18576.20553148274,650167.1936018959,,True,True,50.83412569150859,2.5968434665896996
24,Surfaces non agricoles,BTN,71700.0,43020.0,0.0,7.148550724637682,25649.322714710666,897726.2950148734,,True,False,50.88932392332416,2.019906005499956
1,Céréales,BTH,71600.0,57280.0,7160.0,7.148550724637682,13028.979860797084,456014.29512789793,,True,True,51.02806018485402,2.4818690413925975
9,Fruits,LIF,71600.0,28640.0,5728.0,7.148550724637682,5231.576619987412,183105.18169955944,,True,True,50.914673885697084,2.3094347015067
1,Céréales,BTH,71600.0,57280.0,7160.0,7.148550724637682,24774.76883392495,867116.9091873732,,True,True,50.71000954022612,2.4358783837805404
1,Céréales,BTH,71600.0,57280.0,7160.0,7.148550724637682,10982.16810357105,384375.88362498675,,True,True,50.95356478376802,2.22778424153897
2,Oléagineux,MIS,71600.0,57280.0,7160.0,7.148550724637682,25494.071340918068,892292.4969321324,,True,True,50.96724727106074,2.020917378657628
1,Céréales,BTH,71600.0,57280.0,7160.0,7.148550724637682,11892.256956629415,416228.99348202953,,True,True,50.99218438302777,2.2418501405866667
2,Oléagineux,MIS,71600.0,57280.0,7160.0,7.148550724637682,15758.71389013587,551554.9861547555,,True,True,50.798480433319654,2.463651879054259
2,Oléagineux,MIS,71600.0,57280.0,7160.0,7.148550724637682,12318.390895589424,431143.68134562986,,True,True,50.93288415044233,2.2042848797290566
1,Céréales,BTH,71500.0,57200.0,7150.0,7.148550724637682,15542.379904937017,543983.2966727955,,True,True,50.92924363943464,2.1582331589931614
25,Cultures permanentes,PTC,71500.0,35750.0,3575.0,7.148550724637682,14962.905656277544,523701.69796971406,,True,True,51.032453087627005,2.518571528324807
25,Cultures permanentes,PTC,71500.0,35750.0,3575.0,7.148550724637682,15094.023063403378,528290.8072191182,,True,True,50.80002864733066,2.4420521459050573
25,Cultures permanentes,EPI,71500.0,35750.0,3575.0,7.148550724637682,16576.271837949633,580169.5143282372,,True,True,50.84913667600386,2.5785307435320917
9,Fruits,LIF,71500.0,28600.0,5720.0,7.148550724637682,25422.333788091593,889781.6825832058,,True,True,50.92032815685406,2.0176147051525124
2,Oléagineux,MIS,71500.0,57200.0,7150.0,7.148550724637682,28997.97674334555,1014929.1860170942,,True,True,50.751389654838924,2.0790880513227097
24,Surfaces non agricoles,BTN,71500.0,42900.0,0.0,7.148550724637682,18608.101765199102,651283.5617819686,,True,False,50.88648382219981,2.1237376242755457
1,Céréales,BTH,71500.0,57200.0,7150.0,7.148550724637682,28847.397548585395,1009658.9142004888,,True,True,50.67203076092671,2.3364881351885587
1,Céréales,BTH,71500.0,57200.0,7150.0,7.148550724637682,14207.012170307346,497245.4259607571,,True,True,50.802721392955256,2.3976788523130694
2,Oléagineux,MIS,71500.0,57200.0,7150.0,7.148550724637682,14103.963920449689,493638.7372157391,,True,True,50.857513194142605,2.214982039210158
1,Céréales,BTH,71500.0,57200.0,7150.0,7.148550724637682,25808.833191781247,903309.1617123436,,True,True,50.913763005967525,2.0127036845734563
1,Céréales,BTH,71500.0,57200.0,7150.0,7.148550724637682,6660.645539354025,233122.59387739087,,True,True,50.95093804843122,2.4690645780587697
1,Céréales,BTH,71500.0,57200.0,7150.0,7.148550724637682,23411.06208524371,819387.1729835299,,True,True,50.76431793544502,2.174246042446046
18,Semences,PPH,71500.0,53625.0,5720.0,7.148550724637682,26325.113650132404,921378.9777546341,,True,True,50.88727466250923,2.0107076945688855
1,Céréales,BTH,71500.0,57200.0,7150.0,7.148550724637682,25932.264961954614,907629.2736684114,,True,True,50.83590292927511,2.0417740852878485
1,Céréales,BTH,71500.0,57200.0,7150.0,7.148550724637682,8289.525265879623,290133.3843057868,,True,True,50.94620456449601,2.4954739645891606
1,Céréales,BTH,71500.0,57200.0,7150.0,7.148550724637682,14400.257487281728,504009.0120548605,,True,True,50.80082750982817,2.3946861987537766
1,Céréales,BTH,71500.0,57200.0,7150.0,7.148550724637682,28001.321706143717,980046.2597150301,,True,True,50.94529276286251,1.9811248513323128
2,Oléagineux,MIS,71400.0,57120.0,7140.0,7.148550724637682,10879.562395287303,380784.6838350556,,True,True,50.844751928828146,2.456119174331839
2,Oléagineux,MIS,71400.0,57120.0,7140.0,7.148550724637682,22209.656617927696,777337.9816274694,,True,True,50.77357207936102,2.576723467981948
25,Cultures permanentes,PTC,71400.0,35700.0,3570.0,7.148550724637682,22560.171576767738,789606.0051868708,,True,True,50.89998474478256,2.0617369685278715
25,Cultures permanentes,PTC,71400.0,35700.0,3570.0,7.148550724637682,10122.797768359458,354297.92189258104,,True,True,50.876247576931775,2.2634928657416142
1,Céréales,BTH,71400.0,57120.0,7140.0,7.148550724637682,14177.692517793615,496219.23812277656,,True,True,50.81792077434259,2.283667043039125
1,Céréales,BTH,71400.0,57120.0,7140.0,7.148550724637682,15423.229694932548,539813.0393226392,,True,True,50.79811943256997,2.31191889552065
24,Surfaces non agricoles,BTN,71400.0,42840.0,0.0,7.148550724637682,4391.144382846131,153690.05339961458,,True,False,50.935381660208286,2.317924388802131
9,Fruits,LIF,71300.0,28520.0,5704.0,7.148550724637682,1995.1175541683035,69829.11439589062,,True,True,50.923424404913135,2.4064855027626764
25,Cultures permanentes,PTC,71300.0,35650.0,3565.0,7.148550724637682,3124.9335722266374,109372.6750279323,,True,True,50.91585956061747,2.4185277955296
5,Sucre,CZH,71300.0,53475.0,5704.0,7.148550724637682,21781.18397844549,762341.4392455921,,True,True,50.734221397692586,2.3698808996933316
25,Cultures permanentes,PTC,71300.0,35650.0,3565.0,7.148550724637682,19299.225606075448,675472.8962126407,,True,True,50.95303301997073,2.1069902299318244
1,Céréales,BTH,71300.0,57040.0,7130.0,7.148550724637682,22008.121045702323,770284.2365995813,,True,True,50.93488357549662,2.066048422809547
25,Cultures permanentes,PTC,71300.0,35650.0,3565.0,7.148550724637682,29426.90573545605,1029941.7007409617,,True,True,50.682712769937964,2.2308425545761668
25,Cultures permanentes,PTC,71300.0,35650.0,3565.0,7.148550724637682,11615.25476893753,406533.91691281355,,True,True,50.89520855662229,2.2237849911365006
25,Cultures permanentes,PTC,71300.0,35650.0,3565.0,7.148550724637682,9488.43050541964,332095.06768968736,,True,True,50.91857803227895,2.2458458660311025
25,Cultures permanentes,PTC,71300.0,35650.0,3565.0,7.148550724637682,24769.601137082325,866936.0397978814,,True,True,50.70780006550604,2.404951003228392
24,Surfaces non agricoles,BTN,71200.0,42720.0,0.0,7.148550724637682,22913.183945593588,801961.4380957755,,True,False,50.724166829900106,2.3954104419221194
25,Cultures permanentes,PTC,71200.0,35600.0,3560.0,7.148550724637682,5780.087653941137,202303.0678879398,,True,True,50.94113679903396,2.4605697452300026
9,Fruits,LIF,71200.0,28480.0,5696.0,7.148550724637682,25457.827582175036,891023.9653761262,,True,True,50.85121679060462,2.0392184294960924
18,Semences,PPH,71200.0,53400.0,5696.0,7.148550724637682,11045.029282712183,386576.0248949264,,True,True,50.88458574524316,2.2399051050900147
25,Cultures permanentes,PTC,71200.0,35600.0,3560.0,7.148550724637682,13414.654439650485,469512.90538776695,,True,True,50.881416452227946,2.5551127989151396
9,Fruits,LIF,71200.0,28480.0,5696.0,7.148550724637682,25068.972422008443,877414.0347702955,,True,True,50.710774651420294,2.2967168575560764
1,Céréales,BTH,71200.0,56960.0,7120.0,7.148550724637682,8702.84664892514,304599.6327123799,,True,True,50.89375156546217,2.269984378685985
1,Céréales,BTH,71200.0,56960.0,7120.0,7.148550724637682,10272.124290890311,359524.3501811609,,True,True,50.839686373934995,2.349206528332431
1,Céréales,BTH,71200.0,56960.0,7120.0,7.148550724637682,21588.041891223216,755581.4661928125,,True,True,50.74227104507866,2.4583836506640346
1,Céréales,BTH,71200.0,56960.0,7120.0,7.148550724637682,17432.179959843634,610126.2985945272,,True,True,50.81673802346544,2.5517695617652105
24,Surfaces non agricoles,BTN,71200.0,42720.0,0.0,7.148550724637682,13584.282356141597,475449.8824649559,,True,False,50.89178516339081,2.195970808085325
2,Oléagineux,MIS,71200.0,56960.0,7120.0,7.148550724637682,26760.350896002612,936612.2813600914,,True,True,50.718565701842955,2.561970009469142
1,Céréales,BTH,71200.0,56960.0,7120.0,7.148550724637682,11638.473255315519,407346.5639360432,,True,True,50.8677997684988,2.24652625800109
18,Semences,PPH,71200.0,53400.0,5696.0,7.148550724637682,15646.725516693155,547635.3930842604,,True,True,50.94185178206046,2.157504180528754
3,Protéagineux,ORH,71200.0,56960.0,7120.0,7.148550724637682,22472.882129363847,786550.8745277346,,True,True,50.95054021797271,2.060927591143775
25,Cultures permanentes,PTC,71100.0,35550.0,3555.0,7.148550724637682,15146.317213564942,530121.102474773,,True,True,50.79463330918963,2.4040347762406986
2,Oléagineux,MIS,71100.0,56880.0,7110.0,7.148550724637682,16354.877963411665,572420.7287194083,,True,True,51.019949703091974,2.564817446423085
18,Semences,PPH,71100.0,53325.0,5688.0,7.148550724637682,15393.498339323505,538772.4418763227,,True,True,50.83142976885368,2.225936035552885
25,Cultures permanentes,PTC,71100.0,35550.0,3555.0,7.148550724637682,16105.247960094293,563683.6786033002,,True,True,50.78579756318633,2.4014709889218615
1,Céréales,BTH,71100.0,56880.0,7110.0,7.148550724637682,15834.099325235877,554193.4763832557,,True,True,50.95299065931463,2.6030253983684233
1,Céréales,BTH,71100.0,56880.0,7110.0,7.148550724637682,29928.962490308604,1047513.6871608011,,True,True,50.97423206716599,1.9585531840444743
24,Surfaces non agricoles,BTN,71100.0,42660.0,0.0,7.148550724637682,22081.281459318106,772844.8510761338,,True,False,50.81319420833672,2.125513518817561
24,Surfaces non agricoles,BTN,71100.0,42660.0,0.0,7.148550724637682,20786.140038771013,727514.9013569854,,True,False,50.74480360217562,2.420268514494639
1,Céréales,BTP,71100.0,56880.0,7110.0,7.148550724637682,12820.888998282977,448731.1149399042,,True,True,50.91307598658815,2.1990750041264193
9,Fruits,LIF,71100.0,28440.0,5688.0,7.148550724637682,12127.238751727424,424453.35631045984,,True,True,50.826237185871975,2.3267716813025867
3,Protéagineux,ORH,71000.0,56800.0,7100.0,7.148550724637682,10612.827263930893,371448.95423758123,,True,True,50.8430255353948,2.4423042544688305
25,Cultures permanentes,PTC,71000.0,35500.0,3550.0,7.148550724637682,13019.68595530612,455689.00843571423,,True,True,50.827959942658666,2.471012038122372
25,Cultures permanentes,PTC,71000.0,35500.0,3550.0,7.148550724637682,27631.39385404119,967098.7848914417,,True,True,50.70024531860036,2.5298380193248624
24,Surfaces non agricoles,BTN,71000.0,42600.0,0.0,7.148550724637682,24996.919614562863,874892.1865097003,,True,False,50.73298889087059,2.2085750527180417
24,Surfaces non agricoles,BTN,71000.0,42600.0,0.0,7.148550724637682,14428.932919374178,505012.65217809624,,True,False,50.81135128719223,2.463260263279315
2,Oléagineux,MIS,71000.0,56800.0,7100.0,7.148550724637682,23529.422669285173,823529.7934249811,,True,True,50.993447786028554,2.059490827278415
3,Protéagineux,ORP,71000.0,56800.0,7100.0,7.148550724637682,12144.022852314625,425040.79983101186,,True,True,50.99344971734612,2.2388655087970304
1,Céréales,BTH,71000.0,56800.0,7100.0,7.148550724637682,7302.438866739835,255585.36033589422,,True,True,50.97904713461463,2.31067241152963
1,Céréales,BTH,71000.0,56800.0,7100.0,7.148550724637682,9910.49787149453,346867.4255023085,,True,True,50.933249409481235,2.238677697987018
25,Cultures permanentes,PTC,71000.0,35500.0,3550.0,7.148550724637682,6069.894013449843,212446.2904707445,,True,True,50.97787161202728,2.3383574655571784
2,Oléagineux,MIS,70900.0,56720.0,7090.0,7.148550724637682,27698.059179465105,969432.0712812786,,True,True,50.78704578790946,2.056839172827163
9,Fruits,LIF,70900.0,28360.0,5672.0,7.148550724637682,10466.685096456436,366333.9783759753,,True,True,50.87959146334465,2.5060585864482117
9,Fruits,LIF,70900.0,28360.0,5672.0,7.148550724637682,20039.08164780194,701367.857673068,,True,True,50.75966980209544,2.47322976369637
5,Sucre,CZH,70900.0,53175.0,5672.0,7.148550724637682,7629.936862451717,267047.7901858101,,True,True,50.983157311376075,2.4488828334318047
24,Surfaces non agricoles,BTN,70900.0,42540.0,0.0,7.148550724637682,11954.184886328689,418396.4710215041,,True,False,51.00415903236045,2.5035915181653023
1,Céréales,BTH,70900.0,56720.0,7090.0,7.148550724637682,8748.82889389839,306209.0112864436,,True,True,50.861852597277384,2.3176509722925536
1,Céréales,BTH,70900.0,56720.0,7090.0,7.148550724637682,26940.167212697,942905.8524443951,,True,True,50.68777009633101,2.372301802176175
1,Céréales,BTH,70900.0,56720.0,7090.0,7.148550724637682,19442.676285262725,680493.6699841954,,True,True,50.75536438505604,2.393777788920608
1,Céréales,BTH,70900.0,56720.0,7090.0,7.148550724637682,12548.726182341466,439205.4163819513,,True,True,51.01413034623224,2.4994531656112677
24,Surfaces non agricoles,BTN,70900.0,42540.0,0.0,7.148550724637682,14693.61708123847,514276.5978433464,,True,False,50.83042812609224,2.24231009736444
24,Surfaces non agricoles,BTN,70900.0,42540.0,0.0,7.148550724637682,14460.374594951947,506113.11082331813,,True,False,50.82923331174837,2.51028917777716
24,Surfaces non agricoles,BTN,70900.0,42540.0,0.0,7.148550724637682,25620.311065672795,896710.8872985478,,True,False,50.73895492870235,2.583943074406348
1,Céréales,BTH,70800.0,56640.0,7080.0,7.148550724637682,20934.954275547956,732723.3996441785,,True,True,50.74231631327038,2.403560379387368
1,Céréales,BTH,70800.0,56640.0,7080.0,7.148550724637682,9427.54808864046,329964.1831024161,,True,True,50.925944948999145,2.245639563955348
1,Céréales,BTH,70800.0,56640.0,7080.0,7.148550724637682,10494.626323916293,367311.92133707023,,True,True,51.01918990651397,2.4290227989672726
24,Surfaces non agricoles,BTN,70800.0,42480.0,0.0,7.148550724637682,25030.19075996956,876056.6765989346,,True,False,50.946894390850204,2.023790352399032
2,Oléagineux,MIS,70800.0,56640.0,7080.0,7.148550724637682,15795.179368201338,552831.2778870468,,True,True,50.83472211332185,2.546991596293418
1,Céréales,BTH,70800.0,56640.0,7080.0,7.148550724637682,19634.68026746236,687213.8093611826,,True,True,50.857427702423706,2.124790057475581
1,Céréales,BTH,70800.0,56640.0,7080.0,7.148550724637682,21410.109144637736,749353.8200623208,,True,True,50.9145195017661,2.07554188556343
16,Gel,MLG,70800.0,63720.0,0.0,7.148550724637682,17359.62329563737,607586.8153473081,,True,False,50.773928289370154,2.373924018284052
25,Cultures permanentes,NVT,70800.0,35400.0,3540.0,7.148550724637682,28654.205938563122,1002897.2078497093,,True,True,50.958801477144355,1.9735729241783722
1,Céréales,BTH,70800.0,56640.0,7080.0,7.148550724637682,11348.431061215855,397195.0871425549,,True,True,50.96491868213162,2.2277865405292423
25,Cultures permanentes,OIG,70800.0,35400.0,3540.0,7.148550724637682,1814.6883821896613,63514.09337663814,,True,True,50.91370605706588,2.3814591448360853
18,Semences,PPH,70800.0,53100.0,5664.0,7.148550724637682,19716.23760549801,690068.3161924303,,True,True,50.98082113468481,2.1103277441134507
18,Semences,PPH,70800.0,53100.0,5664.0,7.148550724637682,28443.18654263291,995511.5289921518,,True,True,50.990581195745136,1.985437454960583
18,Semences,PPH,70800.0,53100.0,5664.0,7.148550724637682,22323.50547307159,781322.6915575056,,True,True,50.854979330744186,2.0847825642060576
25,Cultures permanentes,PTC,70700.0,35350.0,3535.0,7.148550724637682,9750.28210151284,341259.8735529494,,True,True,50.8558529075847,2.3057903528969512
25,Cultures permanentes,PTC,70700.0,35350.0,3535.0,7.148550724637682,10794.097366777893,377793.40783722623,,True,True,50.833925313124695,2.402016389427573
25,Cultures permanentes,PTC,70700.0,35350.0,3535.0,7.148550724637682,24986.215468974595,874517.5414141108,,True,True,50.85994087341699,2.0415013009566816
25,Cultures permanentes,PTC,70700.0,35350.0,3535.0,7.148550724637682,26391.1216409875,923689.2574345625,,True,True,50.69843915989021,2.462396689550287
2,Oléagineux,MIS,70700.0,56560.0,7070.0,7.148550724637682,11418.621222801588,399651.7427980556,,True,True,50.84926130340496,2.279408201113365
2,Oléagineux,MIS,70700.0,56560.0,7070.0,7.148550724637682,20553.91389745397,719386.986410889,,True,True,50.74559785614831,2.4002671198813927
25,Cultures permanentes,PTC,70700.0,35350.0,3535.0,7.148550724637682,8864.621073158121,310261.73756053427,,True,True,50.90986670122306,2.5023613352837666
1,Céréales,BTH,70700.0,56560.0,7070.0,7.148550724637682,29976.473228154595,1049176.562985411,,True,True,50.72972208734456,2.6657037874123732
9,Fruits,LIF,70700.0,28280.0,5656.0,7.148550724637682,12045.850537169514,421604.768800933,,True,True,50.94308728802272,2.2093544582118074
1,Céréales,BTH,70700.0,56560.0,7070.0,7.148550724637682,8934.48156279596,312706.85469785857,,True,True,50.93945972220514,2.5066110203978806
9,Fruits,LIF,70700.0,28280.0,5656.0,7.148550724637682,19892.221094267796,696227.7382993728,,True,True,51.07033932810067,2.556290816923816
1,Céréales,BTH,70700.0,56560.0,7070.0,7.148550724637682,4088.76869700115,143106.90439504024,,True,True,50.9136092852551,2.3277838828374477
1,Céréales,BTH,70700.0,56560.0,7070.0,7.148550724637682,25675.72724635527,898650.4536224344,,True,True,50.975346285711076,2.0205954926652803
5,Sucre,CZH,70600.0,52950.0,5648.0,7.148550724637682,15349.19745123831,537221.9107933409,,True,True,50.79242724065284,2.397952421188792
25,Cultures permanentes,LBF,70600.0,35300.0,3530.0,7.148550724637682,6759.6054383075825,236586.1903407654,,True,True,50.90639105374127,2.4688582954113496
1,Céréales,BTH,70600.0,56480.0,7060.0,7.148550724637682,5020.517102052353,175718.09857183235,,True,True,50.8887697903933,2.350815353582572
1,Céréales,BTH,70600.0,56480.0,7060.0,7.148550724637682,20459.03816005723,716066.335602003,,True,True,50.92521499961607,2.088186714967756
1,Céréales,BTH,70600.0,56480.0,7060.0,7.148550724637682,4266.966588201705,149343.8305870597,,True,True,50.96509987229311,2.4046169852277157
1,Céréales,BTH,70600.0,56480.0,7060.0,7.148550724637682,19430.425143295095,680064.8800153283,,True,True,51.070803579690576,2.544440807103884
24,Surfaces non agricoles,BTN,70600.0,42360.0,0.0,7.148550724637682,26717.21755215966,935102.614325588,,True,False,50.89157996980543,2.003836248193007
1,Céréales,BTP,70600.0,56480.0,7060.0,7.148550724637682,29881.796764196246,1045862.8867468686,,True,True,50.66133909837983,2.389878675602478
2,Oléagineux,MIS,70600.0,56480.0,7060.0,7.148550724637682,15266.201004640938,534317.0351624328,,True,True,50.9996600663766,2.5678500394438775
9,Fruits,LIF,70600.0,28240.0,5648.0,7.148550724637682,7241.37360638467,253448.07622346346,,True,True,50.987245557603984,2.330708073885175
9,Fruits,LIF,70600.0,28240.0,5648.0,7.148550724637682,27192.69556902295,951744.3449158033,,True,True,50.70507512773009,2.5319278541838206
2,Oléagineux,MIS,70600.0,56480.0,7060.0,7.148550724637682,18386.52603136677,643528.411097837,,True,True,51.0630071969426,2.536092830728428
25,Cultures permanentes,PTC,70600.0,35300.0,3530.0,7.148550724637682,24785.667044045855,867498.346541605,,True,True,50.94143536437213,2.026759106102829
19,Légumineuses,PTR,70500.0,56400.0,7050.0,7.148550724637682,20904.571874326917,731660.0156014421,,True,True,50.75501153925416,2.4888324208671886
25,Cultures permanentes,PTC,70500.0,35250.0,3525.0,7.148550724637682,17830.447093224513,624065.6482628579,,True,True,51.048933735239274,2.5508664828217484
2,Oléagineux,MIS,70500.0,56400.0,7050.0,7.148550724637682,10116.839371319094,354089.37799616833,,True,True,50.839490110233015,2.3653132042378333
25,Cultures permanentes,PTC,70500.0,35250.0,3525.0,7.148550724637682,2985.9648973627236,104508.77140769533,,True,True,50.925657804897575,2.4220436089819017
1,Céréales,BTH,70500.0,56400.0,7050.0,7.148550724637682,21952.163684705894,768325.7289647063,,True,True,50.857216282602494,2.0890596433979103
1,Céréales,BTH,70500.0,56400.0,7050.0,7.148550724637682,23333.26495452161,816664.2734082565,,True,True,50.725204452140076,2.452411680647165
9,Fruits,LIF,70500.0,28200.0,5640.0,7.148550724637682,11483.730017336664,401930.55060678325,,True,True,50.85825511044374,2.497774459535116
1,Céréales,BTH,70500.0,56400.0,7050.0,7.148550724637682,15141.586218576562,529955.5176501797,,True,True,50.82891072718553,2.23540289163421
1,Céréales,BTH,70500.0,56400.0,7050.0,7.148550724637682,15793.240400315399,552763.414011039,,True,True,51.029820283342474,2.540484225280349
1,Céréales,BTH,70500.0,56400.0,7050.0,7.148550724637682,20569.998912161736,719949.9619256607,,True,True,50.79657914655555,2.5830221445233095
2,Oléagineux,MIS,70400.0,56320.0,7040.0,7.148550724637682,6225.418814832269,217889.6585191294,,True,True,50.8746923737237,2.3662165428259243
1,Céréales,BTH,70400.0,56320.0,7040.0,7.148550724637682,28898.545636373365,1011449.0972730678,,True,True,50.67906541416018,2.487030347090652
24,Surfaces non agricoles,BTN,70400.0,42240.0,0.0,7.148550724637682,19964.67666870656,698763.6834047296,,True,False,50.93490056003229,2.095218076623525
9,Fruits,LIF,70400.0,28160.0,5632.0,7.148550724637682,10540.465490024893,368916.29215087125,,True,True,50.9608089436698,2.2377179219045775
9,Fruits,LIF,70400.0,28160.0,5632.0,7.148550724637682,6942.702694047285,242994.59429165497,,True,True,50.89913805564745,2.4660879377752774
3,Protéagineux,ORH,70400.0,56320.0,7040.0,7.148550724637682,5755.5492997334395,201444.2254906704,,True,True,50.89084511972313,2.3263092205418308
18,Semences,PPH,70400.0,52800.0,5632.0,7.148550724637682,28970.981954505063,1013984.3684076772,,True,True,50.72720869205501,2.1210255819473756
25,Cultures permanentes,PTC,70400.0,35200.0,3520.0,7.148550724637682,28726.37275338786,1005423.0463685751,,True,True,50.69637035006425,2.554509300520967
18,Semences,PPH,70400.0,52800.0,5632.0,7.148550724637682,17861.496161551626,625152.365654307,,True,True,50.922994916541306,2.125398589034433
25,Cultures permanentes,PTC,70400.0,35200.0,3520.0,7.148550724637682,19411.537764275323,679403.8217496363,,True,True,50.954433439865916,2.1056738960832564
18,Semences,PPH,70400.0,52800.0,5632.0,7.148550724637682,27907.877232852035,976775.7031498213,,True,True,50.7443964749709,2.6475225722661326
2,Oléagineux,MIS,70400.0,56320.0,7040.0,7.148550724637682,28539.1508589779,998870.2800642265,,True,True,50.69414229715553,2.5401879125990163
25,Cultures permanentes,PTC,70400.0,35200.0,3520.0,7.148550724637682,16196.275864168876,566869.6552459106,,True,True,50.94455922175466,2.609980851874094
18,Semences,PPH,70300.0,52725.0,5624.0,7.148550724637682,25032.634777006995,876142.2171952449,,True,True,50.79116382821771,2.6607557430038025
25,Cultures permanentes,PTC,70300.0,35150.0,3515.0,7.148550724637682,15303.399493055535,535618.9822569437,,True,True,50.90049499356012,2.166782739047851
18,Semences,PPH,70300.0,52725.0,5624.0,7.148550724637682,15446.025551486233,540610.8943020181,,True,True,50.801546515372046,2.4637737345577913
25,Cultures permanentes,PTC,70300.0,35150.0,3515.0,7.148550724637682,6905.953547264452,241708.3741542558,,True,True,50.90795255025132,2.4721001544900054
18,Semences,PPH,70300.0,52725.0,5624.0,7.148550724637682,28372.690176417,993044.156174595,,True,True,50.79378808995449,2.038164396211413
3,Protéagineux,ORH,70300.0,56240.0,7030.0,7.148550724637682,27180.604683979112,951321.1639392689,,True,True,50.779741735453925,2.6854169924066214
7,Légumes/fleurs,OEI,70300.0,35150.0,3515.0,7.148550724637682,25587.192270964595,895551.7294837608,,True,True,50.82705101466864,2.0538370942822244
3,Protéagineux,ORP,70300.0,56240.0,7030.0,7.148550724637682,11676.590221516692,408680.6577530842,,True,True,50.96794943509696,2.224585467945441
9,Fruits,LIF,70300.0,28120.0,5624.0,7.148550724637682,9385.770296926907,328501.9603924417,,True,True,50.848249258726796,2.3466886113518033
1,Céréales,BTH,70300.0,56240.0,7030.0,7.148550724637682,26353.75125865573,922381.2940529506,,True,True,50.903612336159036,2.006405935498261
1,Céréales,BTH,70300.0,56240.0,7030.0,7.148550724637682,20794.48565799393,727806.9980297876,,True,True,50.90649426804202,2.0857140294594374
1,Céréales,BTH,70300.0,56240.0,7030.0,7.148550724637682,25174.47566653609,881106.6483287632,,True,True,50.7427031424816,2.581393731111088
1,Céréales,BTH,70300.0,56240.0,7030.0,7.148550724637682,3449.6535050500356,120737.87267675124,,True,True,50.900069416931856,2.3929456814019994
1,Céréales,BTH,70300.0,56240.0,7030.0,7.148550724637682,4591.651211979984,160707.79241929943,,True,True,50.92637952730312,2.4452627151264323
1,Céréales,BTH,70300.0,56240.0,7030.0,7.148550724637682,29895.30433084838,1046335.6515796933,,True,True,50.684562963610766,2.206335443192929
25,Cultures permanentes,CHU,70200.0,35100.0,3510.0,7.148550724637682,16712.28118899821,584929.8416149374,,True,True,51.02979799404691,2.558498775377496
9,Fruits,LIF,70200.0,28080.0,5616.0,7.148550724637682,21295.609584971473,745346.3354740016,,True,True,50.88459695445283,2.0849425029184356
9,Fruits,LIF,70200.0,28080.0,5616.0,7.148550724637682,4559.502644995091,159582.5925748282,,True,True,50.89308727817327,2.4083191030757813
24,Surfaces non agricoles,BTN,70200.0,42120.0,0.0,7.148550724637682,22246.302366729444,778620.5828355305,,True,False,50.73139198200596,2.3418314963286093
1,Céréales,BTH,70200.0,56160.0,7020.0,7.148550724637682,9643.41887133211,337519.66049662384,,True,True,50.910999881483974,2.2457698029280677
1,Céréales,BTH,70200.0,56160.0,7020.0,7.148550724637682,8480.605428298048,296821.18999043165,,True,True,50.948743687078526,2.262679178249732
24,Surfaces non agricoles,BTN,70200.0,42120.0,0.0,7.148550724637682,23546.8533728688,824139.8680504081,,True,False,50.78534080149762,2.1350079388940886
1,Céréales,BTH,70200.0,56160.0,7020.0,7.148550724637682,13674.93727137161,478622.8044980063,,True,True,50.92440662465247,2.185088022252904
25,Cultures permanentes,PTC,70200.0,35100.0,3510.0,7.148550724637682,17472.921187369702,611552.2415579396,,True,True,50.79676790589611,2.5120016233042013
19,Légumineuses,PTR,70200.0,56160.0,7020.0,7.148550724637682,12135.56120794948,424744.6422782318,,True,True,50.839440218632305,2.283453449822242
1,Céréales,BTH,70200.0,56160.0,7020.0,7.148550724637682,12577.463786916336,440211.2325420718,,True,True,50.82091113290721,2.427381865561731
1,Céréales,BTH,70200.0,56160.0,7020.0,7.148550724637682,11040.231391404262,386408.0986991492,,True,True,50.90481539706789,2.2276619201091403
1,Céréales,BTH,70200.0,56160.0,7020.0,7.148550724637682,23349.68313725957,817238.9098040849,,True,True,50.747548215884244,2.5446150096782545
25,Cultures permanentes,LBF,70100.0,35050.0,3505.0,7.148550724637682,22046.747481622733,771636.1618567957,,True,True,50.909321544835485,2.0672032235182924
2,Oléagineux,MIS,70100.0,56080.0,7010.0,7.148550724637682,26680.863010822184,933830.2053787764,,True,True,50.94586139368626,2.000062390733603
2,Oléagineux,MIS,70100.0,56080.0,7010.0,7.148550724637682,8584.26107340711,300449.13756924885,,True,True,50.8576406853144,2.4226581311992024
1,Céréales,BTH,70100.0,56080.0,7010.0,7.148550724637682,11637.350393364295,407307.26376775035,,True,True,50.83013526952039,2.330379833498229
1,Céréales,BTH,70100.0,56080.0,7010.0,7.148550724637682,12878.30643191438,450740.7251170033,,True,True,50.922212937829684,2.196672564563564
1,Céréales,BTH,70100.0,56080.0,7010.0,7.148550724637682,27294.013206644,955290.4622325399,,True,True,50.73241099154164,2.1494202091715904
1,Céréales,BTH,70100.0,56080.0,7010.0,7.148550724637682,26096.206958181916,913367.2435363671,,True,True,50.745113581902814,2.6088987317790884
24,Surfaces non agricoles,BTN,70100.0,42060.0,0.0,7.148550724637682,26743.470610362547,936021.4713626892,,True,False,50.70702736890864,2.5227029615506718
25,Cultures permanentes,NVT,70100.0,35050.0,3505.0,7.148550724637682,7334.868906198591,256720.41171695068,,True,True,50.87394695578285,2.4351419096354716
25,Cultures permanentes,PTC,70100.0,35050.0,3505.0,7.148550724637682,14297.022131602287,500395.77460608,,True,True,50.88463869416367,2.5707916988528794
25,Cultures permanentes,PTC,70100.0,35050.0,3505.0,7.148550724637682,25966.840139239637,908839.4048733873,,True,True,50.81078155590126,2.6981886162186504
25,Cultures permanentes,PTC,70000.0,35000.0,3500.0,7.148550724637682,6647.2537939208305,232653.88278722906,,True,True,50.88032959906548,2.432749965733381
25,Cultures permanentes,PTC,70000.0,35000.0,3500.0,7.148550724637682,7557.0443370243065,264496.55179585074,,True,True,50.880431780448454,2.4537317694327903
9,Fruits,LIF,70000.0,28000.0,5600.0,7.148550724637682,8344.075899666057,292042.656488312,,True,True,50.867140161192566,2.4449816186020414
9,Fruits,LIF,70000.0,28000.0,5600.0,7.148550724637682,10090.49116870001,353167.1909045003,,True,True,51.015919511901906,2.4263730262554124
25,Cultures permanentes,PTC,70000.0,35000.0,3500.0,7.148550724637682,12210.68498585422,427373.97450489766,,True,True,50.92554325496747,2.2059194795384838
9,Fruits,LIF,70000.0,28000.0,5600.0,7.148550724637682,17016.273004105587,595569.5551436956,,True,True,50.98496880892801,2.15326783832655
9,Fruits,LIF,70000.0,28000.0,5600.0,7.148550724637682,15934.084367769294,557692.9528719253,,True,True,50.87702179716285,2.16886781622679
1,Céréales,BTH,70000.0,56000.0,7000.0,7.148550724637682,27371.798622666993,958012.9517933447,,True,True,50.69491522403421,2.495544584831045
1,Céréales,BTH,70000.0,56000.0,7000.0,7.148550724637682,13521.580730249521,473255.32555873325,,True,True,51.03910642888032,2.4652909453903256
1,Céréales,BTH,70000.0,56000.0,7000.0,7.148550724637682,23445.537664194915,820593.818246822,,True,True,50.73956290697715,2.523309908940296
1,Céréales,BTH,70000.0,56000.0,7000.0,7.148550724637682,25163.89266187254,880736.243165539,,True,True,50.71162048052781,2.4739675032972306
1,Céréales,BTH,70000.0,56000.0,7000.0,7.148550724637682,17091.475104423906,598201.6286548367,,True,True,50.776296228079936,2.381656253922548
1,Céréales,BTH,70000.0,56000.0,7000.0,7.148550724637682,6551.496527327929,229302.3784564775,,True,True,50.98879514415803,2.3860626546591974
24,Surfaces non agricoles,BTN,70000.0,42000.0,0.0,7.148550724637682,27422.016238708107,959770.5683547838,,True,False,50.69303321874346,2.2719153729871975
1,Céréales,BTH,70000.0,56000.0,7000.0,7.148550724637682,21972.823583931626,769048.8254376069,,True,True,50.732831818830306,2.4008233870885416
1,Céréales,BTH,70000.0,56000.0,7000.0,7.148550724637682,28704.806278564603,1004668.2197497612,,True,True,50.687141499833224,2.2414934506974578
1,Céréales,BTH,70000.0,56000.0,7000.0,7.148550724637682,20379.290664137265,713275.1732448043,,True,True,50.8834276941439,2.0988966945519847
1,Céréales,BTH,70000.0,56000.0,7000.0,7.148550724637682,15347.48345073232,537161.9207756312,,True,True,50.80756597774133,2.279032027102239
24,Surfaces non agricoles,BTN,70000.0,42000.0,0.0,7.148550724637682,6422.875385173596,224800.63848107588,,True,False,50.9062618188762,2.29647112824881
1,Céréales,BTH,70000.0,56000.0,7000.0,7.148550724637682,19793.25636739404,692763.9728587914,,True,True,51.06809973362331,2.558464069403179
1,Céréales,BTH,70000.0,56000.0,7000.0,7.148550724637682,12718.527282387298,445148.4548835554,,True,True,50.95882727864313,2.204325036345571
24,Surfaces non agricoles,BTN,70000.0,42000.0,0.0,7.148550724637682,17283.052714869336,604906.8450204268,,True,False,51.02945578404527,2.569717252034645
18,Semences,PPH,70000.0,52500.0,5600.0,7.148550724637682,26312.990195940103,920954.6568579036,,True,True,50.877285266855324,2.0141852193034477
2,Oléagineux,MIS,70000.0,56000.0,7000.0,7.148550724637682,12623.093573165144,441808.27506078006,,True,True,50.834108733324314,2.476308999888346
3,Protéagineux,ORH,70000.0,56000.0,7000.0,7.148550724637682,20060.026575853604,702100.9301548762,,True,True,50.93175251061513,2.0937745273749893
3,Protéagineux,ORP,70000.0,56000.0,7000.0,7.148550724637682,18782.995463153336,657404.8412103668,,True,True,51.005427117040675,2.1399963090795313
3,Protéagineux,ORH,70000.0,56000.0,7000.0,7.148550724637682,16763.611513651496,586726.4029778023,,True,True,50.81319785384463,2.531043910021988
9,Fruits,LIF,69900.0,27960.0,5592.0,7.148550724637682,12664.800778460967,443268.02724613383,,True,True,50.88297066780047,2.2154956229340774
9,Fruits,LIF,69900.0,27960.0,5592.0,7.148550724637682,13715.737118327233,480050.7991414532,,True,True,50.91330771980947,2.1861272935331986
1,Céréales,BTH,69900.0,55920.0,6990.0,7.148550724637682,27809.96550088658,973348.7925310304,,True,True,50.68006946744202,2.394610565284033
1,Céréales,BTH,69900.0,55920.0,6990.0,7.148550724637682,5345.404078100403,187089.1427335141,,True,True,50.97659886852497,2.398748925315799
1,Céréales,BTH,69900.0,55920.0,6990.0,7.148550724637682,15415.94156124645,539557.9546436258,,True,True,50.81273113486849,2.4971848930629266
1,Céréales,BTH,69900.0,55920.0,6990.0,7.148550724637682,15947.252763203367,558153.8467121179,,True,True,50.94048417823705,2.606965721187358
25,Cultures permanentes,PTC,69900.0,34950.0,3495.0,7.148550724637682,10005.532852271903,350193.6498295166,,True,True,51.01596332499186,2.422228092715481
25,Cultures permanentes,PTC,69900.0,34950.0,3495.0,7.148550724637682,16049.095042933122,561718.3265026592,,True,True,50.85405740019958,2.5745810194819314
25,Cultures permanentes,PTC,69900.0,34950.0,3495.0,7.148550724637682,14431.37796511487,505098.2287790205,,True,True,50.800407521549445,2.39118177569691
1,Céréales,BTH,69900.0,55920.0,6990.0,7.148550724637682,21978.55433004284,769249.4015514994,,True,True,50.735988113600364,2.320167216524201
3,Protéagineux,ORP,69900.0,55920.0,6990.0,7.148550724637682,15236.64451675034,533282.558086262,,True,True,51.018234340984115,2.546496032623501
1,Céréales,BTH,69900.0,55920.0,6990.0,7.148550724637682,27592.607340046394,965741.2569016238,,True,True,50.951823532371314,1.9877184138715438
1,Céréales,BTH,69900.0,55920.0,6990.0,7.148550724637682,23838.402920535817,834344.1022187535,,True,True,50.800872534897024,2.108851899351504
1,Céréales,BTH,69900.0,55920.0,6990.0,7.148550724637682,26109.934625396887,913847.7118888911,,True,True,50.75144174907281,2.138515496899815
24,Surfaces non agricoles,BTN,69800.0,41880.0,0.0,7.148550724637682,20344.004991369722,712040.1746979402,,True,False,50.970083855155025,2.096644667230354
1,Céréales,BTH,69800.0,55840.0,6980.0,7.148550724637682,16621.405537532293,581749.1938136303,,True,True,50.95466529723355,2.61397938147165
24,Surfaces non agricoles,BTN,69800.0,41880.0,0.0,7.148550724637682,7025.078484940863,245877.7469729302,,True,False,50.867141265164264,2.3699413863873575
9,Fruits,LIF,69800.0,27920.0,5584.0,7.148550724637682,18196.281484050334,636869.8519417617,,True,True,50.818191077278776,2.1906419072385654
25,Cultures permanentes,CAR,69800.0,34900.0,3490.0,7.148550724637682,5779.2929324230345,202275.2526348062,,True,True,50.964030464640885,2.3176475458059724
1,Céréales,BTH,69700.0,55760.0,6970.0,7.148550724637682,2490.1450090694216,87155.07531742976,,True,True,50.90936614143032,2.366193644493855
1,Céréales,BTH,69700.0,55760.0,6970.0,7.148550724637682,22598.291898411768,790940.2164444119,,True,True,50.756397817572605,2.212659962930626
1,Céréales,BTH,69700.0,55760.0,6970.0,7.148550724637682,3667.367041201999,128357.84644206997,,True,True,50.96278730840243,2.3743289029806367
1,Céréales,BTH,69700.0,55760.0,6970.0,7.148550724637682,2909.040732290446,101816.42563016561,,True,True,50.939338969394846,2.418777751058219
9,Fruits,LIF,69700.0,27880.0,5576.0,7.148550724637682,28134.806497173613,984718.2274010765,,True,True,50.95907574876361,1.9810830294446826
2,Oléagineux,MIS,69700.0,55760.0,6970.0,7.148550724637682,20820.460819143158,728716.1286700105,,True,True,50.74283050779595,2.3716985033483517
3,Protéagineux,ORP,69700.0,55760.0,6970.0,7.148550724637682,21724.67657503997,760363.680126399,,True,True,50.91114983849643,2.0715224030582373
1,Céréales,BTH,69600.0,55680.0,6960.0,7.148550724637682,13365.460576183305,467791.12016641564,,True,True,51.033560595916484,2.476916421868554
24,Surfaces non agricoles,BTN,69600.0,41760.0,0.0,7.148550724637682,480.0277809859624,16800.972334508686,,True,False,50.92683799368789,2.3846630425961908
1,Céréales,BTH,69600.0,55680.0,6960.0,7.148550724637682,21449.473613326045,750731.5764664116,,True,True,50.7466098833343,2.474724701054754
9,Fruits,LIF,69600.0,27840.0,5568.0,7.148550724637682,25161.892650578873,880666.2427702605,,True,True,50.718475162579715,2.252738153775779
1,Céréales,BTH,69600.0,55680.0,6960.0,7.148550724637682,11897.281920349555,416404.8672122344,,True,True,50.95070781284085,2.2134121804822238
1,Céréales,BTH,69600.0,55680.0,6960.0,7.148550724637682,6475.55761359773,226644.51647592054,,True,True,50.93870802001733,2.288631529692514
1,Céréales,BTH,69600.0,55680.0,6960.0,7.148550724637682,23790.99140852269,832684.6992982941,,True,True,50.71704249177701,2.347291739506697
25,Cultures permanentes,NVT,69600.0,34800.0,3480.0,7.148550724637682,29564.08433239377,1034742.9516337819,,True,True,50.79807196684141,2.01426825090174
18,Semences,PPH,69600.0,52200.0,5568.0,7.148550724637682,24480.113346116414,856803.9671140745,,True,True,50.738446752781286,2.2081803023596476
3,Protéagineux,ORH,69600.0,55680.0,6960.0,7.148550724637682,12166.003442766145,425810.12049681507,,True,True,50.86457311021234,2.240960731718418
3,Protéagineux,ORH,69600.0,55680.0,6960.0,7.148550724637682,14507.913222791674,507776.9627977086,,True,True,50.80385028273679,2.43277522280222
25,Cultures permanentes,PTC,69600.0,34800.0,3480.0,7.148550724637682,27538.867765350817,963860.3717872786,,True,True,50.73119033923651,2.6138262010939015
3,Protéagineux,ORH,69500.0,55600.0,6950.0,7.148550724637682,20965.80846263,733803.29619205,,True,True,50.90416779512935,2.0837451089993033
3,Protéagineux,ORP,69500.0,55600.0,6950.0,7.148550724637682,18324.406589740895,641354.2306409313,,True,True,51.00056527890232,2.143535783871042
2,Oléagineux,MIS,69500.0,55600.0,6950.0,7.148550724637682,10954.136361271496,383394.77264450234,,True,True,50.95031224201156,2.532977714389164
25,Cultures permanentes,PTC,69500.0,34750.0,3475.0,7.148550724637682,27778.757526182966,972256.5134164038,,True,True,50.95954799585877,1.9862859265902257
2,Oléagineux,MIS,69500.0,55600.0,6950.0,7.148550724637682,9102.24103301058,318578.43615537026,,True,True,50.84836064924895,2.370512757657686
25,Cultures permanentes,PTC,69500.0,34750.0,3475.0,7.148550724637682,19590.36487874435,685662.7707560522,,True,True,50.90317668018376,2.1038063214959046
2,Oléagineux,MIS,69500.0,55600.0,6950.0,7.148550724637682,11769.021943830725,411915.7680340754,,True,True,50.86088760596693,2.2529082093688904
9,Fruits,LIF,69500.0,27800.0,5560.0,7.148550724637682,19487.066432774005,682047.3251470901,,True,True,50.84322706137318,2.138643489223307
25,Cultures permanentes,FLA,69500.0,34750.0,3475.0,7.148550724637682,24302.729709053343,850595.539816867,,True,True,50.90168412691807,2.0362549984906
1,Céréales,BTH,69500.0,55600.0,6950.0,7.148550724637682,5357.656788178969,187517.98758626392,,True,True,50.93728447447437,2.455574769060094
24,Surfaces non agricoles,BTN,69500.0,41700.0,0.0,7.148550724637682,13465.768826895352,471301.9089413373,,True,False,50.83210124420355,2.49297954637693
18,Semences,PPH,69400.0,52050.0,5552.0,7.148550724637682,29650.90088755942,1037781.5310645796,,True,True,50.872913436100035,1.966977615387083
2,Oléagineux,MIS,69400.0,55520.0,6940.0,7.148550724637682,17242.42331576519,603484.8160517816,,True,True,50.82778271945742,2.564805425131613
2,Oléagineux,MIS,69400.0,55520.0,6940.0,7.148550724637682,15978.539847044816,559248.8946465686,,True,True,50.79717586875693,2.466880349099475
18,Semences,PPH,69400.0,52050.0,5552.0,7.148550724637682,28860.72062496964,1010125.2218739374,,True,True,50.7381629162205,2.6568177858104884
2,Oléagineux,MIS,69400.0,55520.0,6940.0,7.148550724637682,20008.315986487953,700291.0595270783,,True,True,50.76893227443837,2.5070595089098036
9,Fruits,LIF,69400.0,27760.0,5552.0,7.148550724637682,28227.713545697196,987969.9740994019,,True,True,50.760984532369555,2.0800154417601235
9,Fruits,LIF,69400.0,27760.0,5552.0,7.148550724637682,28630.032493868828,1002051.137285409,,True,True,50.72472407814041,2.1339469811184895
2,Oléagineux,MIS,69400.0,55520.0,6940.0,7.148550724637682,22518.90622804905,788161.7179817167,,True,True,50.82204001024795,2.108460131623931
2,Oléagineux,MIS,69400.0,55520.0,6940.0,7.148550724637682,29797.74876753124,1042921.2068635934,,True,True,50.72020551425198,2.6439408422883606
1,Céréales,BTH,69400.0,55520.0,6940.0,7.148550724637682,11961.611159876758,418656.39059568656,,True,True,50.93423810214037,2.209446328317152
24,Surfaces non agricoles,BTN,69400.0,41640.0,0.0,7.148550724637682,2603.714805936951,91130.01820779328,,True,False,50.93379290989614,2.343337136055206
24,Surfaces non agricoles,BTN,69400.0,41640.0,0.0,7.148550724637682,23509.7545668488,822841.4098397079,,True,False,50.73363742341683,2.5041005420586626
5,Sucre,CZH,69400.0,52050.0,5552.0,7.148550724637682,14691.334558385912,514196.7095435069,,True,True,50.92340554723189,2.5893523304424995
1,Céréales,BTH,69400.0,55520.0,6940.0,7.148550724637682,22726.241817336257,795418.463606769,,True,True,50.845721813590295,2.084843068341077
1,Céréales,BTH,69400.0,55520.0,6940.0,7.148550724637682,16588.280620175232,580589.8217061331,,True,True,50.81236146339994,2.5253750612923573
19,Légumineuses,PTR,69400.0,55520.0,6940.0,7.148550724637682,29323.629605362476,1026327.0361876866,,True,True,50.74272487443135,2.6739961259332734
1,Céréales,BTH,69400.0,55520.0,6940.0,7.148550724637682,19199.403407693484,671979.119269272,,True,True,50.90781247014192,2.1083825461650743
1,Céréales,BTH,69400.0,55520.0,6940.0,7.148550724637682,3722.422623036478,130284.79180627673,,True,True,50.897164112746374,2.369662081231324
1,Céréales,BTH,69400.0,55520.0,6940.0,7.148550724637682,6719.611317788434,235186.39612259518,,True,True,50.9862796567122,2.3450552597785963
1,Céréales,BTH,69300.0,55440.0,6930.0,7.148550724637682,13770.707696013049,481974.76936045673,,True,True,50.825016958399154,2.4841134808262093
24,Surfaces non agricoles,BTN,69300.0,41580.0,0.0,7.148550724637682,12372.853232237785,433049.86312832247,,True,False,50.84022653584231,2.275791294975462
2,Oléagineux,MIS,69300.0,55440.0,6930.0,7.148550724637682,10648.788096743221,372707.58338601276,,True,True,50.84514652551256,2.4503786754216432
2,Oléagineux,MIS,69300.0,55440.0,6930.0,7.148550724637682,28412.13665036103,994424.7827626361,,True,True,50.761635030892556,2.6844036118875207
2,Oléagineux,MIS,69300.0,55440.0,6930.0,7.148550724637682,25758.174288432518,901536.1000951381,,True,True,50.6986800679167,2.399529985685886
2,Oléagineux,MIS,69300.0,55440.0,6930.0,7.148550724637682,12608.19666458794,441286.8832605779,,True,True,51.007435490787756,2.5115279369818384
1,Céréales,BTP,69300.0,55440.0,6930.0,7.148550724637682,6869.461792835318,240431.16274923613,,True,True,50.91711897597039,2.2841482771994452
3,Protéagineux,ORH,69300.0,55440.0,6930.0,7.148550724637682,14614.987068031971,511524.547381119,,True,True,51.0228649915832,2.527724449457703
18,Semences,PPH,69200.0,51900.0,5536.0,7.148550724637682,21600.263975135837,756009.2391297542,,True,True,50.74447331813551,2.288827502398322
25,Cultures permanentes,PTC,69200.0,34600.0,3460.0,7.148550724637682,28188.281468083176,986589.8513829112,,True,True,50.97384906508448,1.9836611110602222
18,Semences,PPH,69200.0,51900.0,5536.0,7.148550724637682,26387.01769346655,923545.6192713293,,True,True,50.728967907250215,2.5796310557744153
2,Oléagineux,MIS,69200.0,55360.0,6920.0,7.148550724637682,11939.717052537013,417890.09683879546,,True,True,50.86902219489753,2.2398625615524637
3,Protéagineux,ORH,69200.0,55360.0,6920.0,7.148550724637682,20136.689993504173,704784.149772646,,True,True,50.75340682214243,2.4435374642786805
3,Protéagineux,ORH,69200.0,55360.0,6920.0,7.148550724637682,21104.610719861612,738661.3751951564,,True,True,50.741189623706674,2.3493763338997935
25,Cultures permanentes,PTC,69200.0,34600.0,3460.0,7.148550724637682,13058.661787345332,457053.1625570866,,True,True,50.919980501784636,2.194367306413101
25,Cultures permanentes,PTC,69200.0,34600.0,3460.0,7.148550724637682,19604.2609226342,686149.132292197,,True,True,50.76920437457813,2.4945268004291123
9,Fruits,LIF,69200.0,27680.0,5536.0,7.148550724637682,9662.131316006042,338174.5960602115,,True,True,50.86645155772366,2.4739638537887934
9,Fruits,LIF,69200.0,27680.0,5536.0,7.148550724637682,29700.677221196016,1039523.7027418605,,True,True,50.67319659660543,2.263761177629996
9,Fruits,LIF,69200.0,27680.0,5536.0,7.148550724637682,23312.09015714737,815923.155500158,,True,True,50.87715539279639,2.058286128907489
1,Céréales,BTH,69200.0,55360.0,6920.0,7.148550724637682,22762.896772578497,796701.3870402474,,True,True,50.72609226469075,2.408693860559434
1,Céréales,BTH,69200.0,55360.0,6920.0,7.148550724637682,15694.59211902872,549310.7241660053,,True,True,50.78923061041266,2.3962990835322553
24,Surfaces non agricoles,BTN,69200.0,41520.0,0.0,7.148550724637682,15694.282445669825,549299.8855984439,,True,False,50.87824969516596,2.171772144568608
1,Céréales,BTH,69100.0,55280.0,6910.0,7.148550724637682,3584.856758901113,125469.98656153896,,True,True,50.89850911041752,2.3690454085845767
1,Céréales,BTH,69100.0,55280.0,6910.0,7.148550724637682,21904.609106651547,766661.3187328042,,True,True,50.89826064610294,2.0716350131022034
1,Céréales,BTH,69100.0,55280.0,6910.0,7.148550724637682,20365.761386873837,712801.6485405843,,True,True,50.821927783777376,2.145657163180809
24,Surfaces non agricoles,BTN,69100.0,41460.0,0.0,7.148550724637682,13432.442854310317,470135.49990086106,,True,False,50.80985275502003,2.3601144798431575
1,Céréales,BTH,69100.0,55280.0,6910.0,7.148550724637682,26630.78099273901,932077.3347458654,,True,True,50.766615293343506,2.657349403513115
2,Oléagineux,MIS,69100.0,55280.0,6910.0,7.148550724637682,12500.131446336221,437504.60062176775,,True,True,50.897401091636986,2.2093612486391425
2,Oléagineux,MIS,69100.0,55280.0,6910.0,7.148550724637682,28323.186889962082,991311.5411486729,,True,True,50.78793616542956,2.714933271737858
25,Cultures permanentes,PTC,69100.0,34550.0,3455.0,7.148550724637682,21937.650918679094,767817.7821537682,,True,True,50.77697556002691,2.1827470979242714
16,Gel,TRE,69100.0,62190.0,0.0,7.148550724637682,18812.325051414984,658431.3767995244,,True,False,50.77625555308097,2.2681546249085347
25,Cultures permanentes,PTC,69000.0,34500.0,3450.0,7.148550724637682,9253.14914136953,323860.2199479335,,True,True,50.85073959269683,2.3398134295786037
25,Cultures permanentes,PTC,69000.0,34500.0,3450.0,7.148550724637682,7710.173508540196,269856.0727989069,,True,True,50.8975877276006,2.4772220934216174
9,Fruits,LIF,69000.0,27600.0,5520.0,7.148550724637682,22189.742206429662,776640.9772250382,,True,True,50.843596399131776,2.094859757222845
2,Oléagineux,MIS,69000.0,55200.0,6900.0,7.148550724637682,18999.59837120266,664985.9429920932,,True,True,50.85825717264117,2.13414166691672
3,Protéagineux,ORP,69000.0,55200.0,6900.0,7.148550724637682,6953.094557548814,243358.3095142085,,True,True,50.930407013576314,2.4792109673522873
9,Fruits,LIF,69000.0,27600.0,5520.0,7.148550724637682,13055.731064524452,456950.5872583558,,True,True,50.83860231540899,2.2631742040234157
5,Sucre,CZH,69000.0,51750.0,5520.0,7.148550724637682,23175.70370951748,811149.6298331118,,True,True,50.72289806753268,2.4171068564208764
25,Cultures permanentes,PTC,69000.0,34500.0,3450.0,7.148550724637682,29442.305426819497,1030480.6899386824,,True,True,50.96765105266528,1.9639922966903474
1,Céréales,BTH,69000.0,55200.0,6900.0,7.148550724637682,1676.1272571354145,58664.45399973951,,True,True,50.91909218182532,2.3965049084671857
1,Céréales,BTH,69000.0,55200.0,6900.0,7.148550724637682,28140.590287133287,984920.660049665,,True,True,50.84641692261851,2.0013373730115567
1,Céréales,BTH,69000.0,55200.0,6900.0,7.148550724637682,17289.898751736004,605146.4563107601,,True,True,50.91066640999778,2.135258334408962
1,Céréales,BTH,69000.0,55200.0,6900.0,7.148550724637682,17060.063557919195,597102.2245271718,,True,True,50.95537109119526,2.1398583838681087
24,Surfaces non agricoles,BTN,69000.0,41400.0,0.0,7.148550724637682,20152.7192765887,705345.1746806046,,True,False,50.90899537534707,2.09444597774214
24,Surfaces non agricoles,BTN,69000.0,41400.0,0.0,7.148550724637682,7563.627622437857,264726.96678532497,,True,False,50.89359289413192,2.288871407636592
24,Surfaces non agricoles,BTN,69000.0,41400.0,0.0,7.148550724637682,2754.0785773175994,96392.75020611598,,True,False,50.950654698578134,2.35830781271213
25,Cultures permanentes,PTC,68900.0,34450.0,3445.0,7.148550724637682,17878.260047964934,625739.1016787727,,True,True,50.77467675533308,2.4458045286166374
1,Céréales,BTH,68900.0,55120.0,6890.0,7.148550724637682,23984.651237525017,839462.7933133756,,True,True,50.72414064702411,2.481961879058871
1,Céréales,BTH,68900.0,55120.0,6890.0,7.148550724637682,21379.08926120122,748268.1241420427,,True,True,50.828346820527265,2.1213506533502025
25,Cultures permanentes,PTC,68900.0,34450.0,3445.0,7.148550724637682,26240.26641015879,918409.3243555577,,True,True,50.73359328417508,2.1728794147600787
1,Céréales,BTH,68900.0,55120.0,6890.0,7.148550724637682,4058.2375218527054,142038.31326484468,,True,True,50.91397188865834,2.432014426616906
1,Céréales,BTH,68900.0,55120.0,6890.0,7.148550724637682,21331.08880729952,746588.1082554831,,True,True,50.74091877110085,2.431283715671736
1,Céréales,BTH,68900.0,55120.0,6890.0,7.148550724637682,4583.06569918259,160407.29947139064,,True,True,50.94413425982442,2.4414389646047856
1,Céréales,BTH,68900.0,55120.0,6890.0,7.148550724637682,6466.324196995699,226321.34689484947,,True,True,50.92080338373524,2.471096880106094
3,Protéagineux,ORH,68900.0,55120.0,6890.0,7.148550724637682,10978.934226311458,384262.697920901,,True,True,51.027189714489,2.407644486034725
3,Protéagineux,ORH,68900.0,55120.0,6890.0,7.148550724637682,14973.500396836154,524072.5138892654,,True,True,51.02453991916499,2.5323012684606696
1,Céréales,BTH,68900.0,55120.0,6890.0,7.148550724637682,4595.7222416216655,160850.2784567583,,True,True,50.971282169245434,2.3768340439671203
2,Oléagineux,MIS,68900.0,55120.0,6890.0,7.148550724637682,10035.00733253457,351225.2566387099,,True,True,50.90535431750782,2.242291342070594
24,Surfaces non agricoles,BTN,68900.0,41340.0,0.0,7.148550724637682,25874.005228012124,905590.1829804244,,True,False,50.92838888861071,2.0108226918096683
2,Oléagineux,MIS,68900.0,55120.0,6890.0,7.148550724637682,4659.200285704441,163072.00999965542,,True,True,50.970955831854006,2.365951528305649
25,Cultures permanentes,CHU,68900.0,34450.0,3445.0,7.148550724637682,17146.347424353055,600122.1598523569,,True,True,50.85928323813258,2.5972489054011905
24,Surfaces non agricoles,BTN,68900.0,41340.0,0.0,7.148550724637682,5309.345219667249,185827.0826883537,,True,False,50.97322346117244,2.347795250206832
25,Cultures permanentes,FLA,68900.0,34450.0,3445.0,7.148550724637682,21846.52109147232,764628.2382015312,,True,True,50.79773780356654,2.1498162060763875
1,Céréales,BTH,68900.0,55120.0,6890.0,7.148550724637682,7049.346705962209,246727.1347086773,,True,True,50.95129533038333,2.2852368368209564
25,Cultures permanentes,PTC,68800.0,34400.0,3440.0,7.148550724637682,14729.496193025954,515532.3667559084,,True,True,50.959598437253334,2.584924402912525
25,Cultures permanentes,PTC,68800.0,34400.0,3440.0,7.148550724637682,14989.379331171993,524628.2765910197,,True,True,50.85480595948309,2.5573717037325894
25,Cultures permanentes,PTC,68800.0,34400.0,3440.0,7.148550724637682,14810.205430232205,518357.19005812716,,True,True,50.79857826399148,2.414285445664819
3,Protéagineux,ORH,68800.0,55040.0,6880.0,7.148550724637682,11759.305672433922,411575.6985351873,,True,True,50.93952115325824,2.212872559753122
3,Protéagineux,ORH,68800.0,55040.0,6880.0,7.148550724637682,12768.220445442677,446887.7155904937,,True,True,50.81841063488994,2.42290880498575
9,Fruits,LIF,68800.0,27520.0,5504.0,7.148550724637682,11876.237432548987,415668.31013921456,,True,True,50.92392730292909,2.549175048470049
1,Céréales,BTP,68800.0,55040.0,6880.0,7.148550724637682,26065.320528073542,912286.218482574,,True,True,50.76383896339475,2.641873786047303
9,Fruits,LIF,68800.0,27520.0,5504.0,7.148550724637682,10659.997107224244,373099.89875284856,,True,True,50.98197905600072,2.252121242048465
1,Céréales,BTH,68800.0,55040.0,6880.0,7.148550724637682,17783.257010437555,622413.9953653144,,True,True,50.94114008386098,2.126839363221317
1,Céréales,BTH,68800.0,55040.0,6880.0,7.148550724637682,10763.80501295445,376733.17545340577,,True,True,50.96641357956676,2.5223620516935585
24,Surfaces non agricoles,BTN,68800.0,41280.0,0.0,7.148550724637682,13611.045661662503,476386.59815818764,,True,False,50.9223447454084,2.186182167158655
1,Céréales,BTP,68800.0,55040.0,6880.0,7.148550724637682,14888.71244918258,521104.9357213903,,True,True,51.022641482734926,2.5335399996371044
1,Céréales,BTH,68800.0,55040.0,6880.0,7.148550724637682,8036.624861159911,281281.8701405969,,True,True,50.86350547712126,2.335094799954938
1,Céréales,BTH,68800.0,55040.0,6880.0,7.148550724637682,25041.08848472377,876438.0969653319,,True,True,50.7915232355926,2.098645272803071
1,Céréales,BTH,68800.0,55040.0,6880.0,7.148550724637682,28799.132283529823,1007969.6299235438,,True,True,50.68282821952082,2.502425867908869
1,Céréales,BTH,68800.0,55040.0,6880.0,7.148550724637682,3937.9306002773956,137827.57100970886,,True,True,50.90386899699191,2.417914919607813
1,Céréales,BTH,68800.0,55040.0,6880.0,7.148550724637682,11911.165579032993,416890.79526615475,,True,True,50.983816754623824,2.2329625189185687
3,Protéagineux,ORP,68700.0,54960.0,6870.0,7.148550724637682,18968.13641397538,663884.7744891383,,True,True,51.06669215953894,2.542154607105349
25,Cultures permanentes,NVT,68700.0,34350.0,3435.0,7.148550724637682,8771.41338922283,306999.46862279903,,True,True,50.95942608281417,2.26383946281789
9,Fruits,LIF,68700.0,27480.0,5496.0,7.148550724637682,11440.262551269645,400409.1892944376,,True,True,50.924432529115684,2.5429904292896817
2,Oléagineux,MIS,68700.0,54960.0,6870.0,7.148550724637682,29030.786163043525,1016077.5157065234,,True,True,50.701730451584396,2.5805527531840178
25,Cultures permanentes,PTC,68700.0,34350.0,3435.0,7.148550724637682,4167.9877994740555,145879.57298159195,,True,True,50.91673088783053,2.435613385318251
3,Protéagineux,ORH,68700.0,54960.0,6870.0,7.148550724637682,14916.366509368963,522072.8278279137,,True,True,51.049347366424094,2.477303349861288
1,Céréales,BTH,68700.0,54960.0,6870.0,7.148550724637682,29429.292848268535,1030025.2496893987,,True,True,50.693979145109374,2.1904741110227888
1,Céréales,BTH,68700.0,54960.0,6870.0,7.148550724637682,16107.689282479658,563769.1248867881,,True,True,50.848262757913915,2.1904111537972244
1,Céréales,BTH,68700.0,54960.0,6870.0,7.148550724637682,9302.817962651008,325598.6286927853,,True,True,50.84676324965361,2.393358667543785
1,Céréales,BTH,68700.0,54960.0,6870.0,7.148550724637682,28478.550136938597,996749.2547928509,,True,True,50.861328867995475,1.9888114569405115
25,Cultures permanentes,PTC,68700.0,34350.0,3435.0,7.148550724637682,13050.166150164194,456755.81525574677,,True,True,50.88147661445945,2.549461851693491
5,Sucre,CZH,68700.0,51525.0,5496.0,7.148550724637682,27785.67531323991,972498.6359633969,,True,True,50.69938867560422,2.532300050098848
24,Surfaces non agricoles,BTN,68600.0,41160.0,0.0,7.148550724637682,6689.560756064135,234134.62646224472,,True,False,50.989726757327084,2.3914508695897694
1,Céréales,BTP,68600.0,54880.0,6860.0,7.148550724637682,23600.041154710976,826001.4404148841,,True,True,50.72457670638864,2.4644747648084038
1,Céréales,BTH,68600.0,54880.0,6860.0,7.148550724637682,20499.944042596315,717498.041490871,,True,True,50.79302590378618,2.5754974209376615
9,Fruits,LIF,68600.0,27440.0,5488.0,7.148550724637682,17151.33693598415,600296.7927594453,,True,True,50.90868286082282,2.137674071439617
1,Céréales,BTH,68600.0,54880.0,6860.0,7.148550724637682,26997.049788665376,944896.7426032881,,True,True,50.692641412171305,2.4608213612938146
9,Fruits,LIF,68600.0,27440.0,5488.0,7.148550724637682,13024.895687705179,455871.34906968125,,True,True,50.895767632757156,2.2023286934249047
2,Oléagineux,MIS,68600.0,54880.0,6860.0,7.148550724637682,16619.46422624363,581681.247918527,,True,True,50.8308484531937,2.557257845623181
18,Semences,PPH,68600.0,51450.0,5488.0,7.148550724637682,16865.53725412503,590293.803894376,,True,True,50.78608849696056,2.3041096577257605
18,Semences,PPH,68600.0,51450.0,5488.0,7.148550724637682,18070.350581956085,632462.270368463,,True,True,50.793367823789886,2.2406056406192665
25,Cultures permanentes,PTC,68600.0,34300.0,3430.0,7.148550724637682,24305.789547251698,850702.6341538094,,True,True,50.971079999823736,2.0392132914304146
2,Oléagineux,MIS,68500.0,54800.0,6850.0,7.148550724637682,21466.631690310132,751332.1091608546,,True,True,50.99623434063072,2.092082191987886
24,Surfaces non agricoles,BTN,68500.0,41100.0,0.0,7.148550724637682,6217.323868642966,217606.3354025038,,True,False,50.94216852093076,2.466599002624777
2,Oléagineux,MIS,68500.0,54800.0,6850.0,7.148550724637682,29959.372630046095,1048578.0420516133,,True,True,50.73516379627943,2.67464960277819
1,Céréales,BTH,68500.0,54800.0,6850.0,7.148550724637682,24175.081906296295,846127.8667203704,,True,True,50.78112448318628,2.129012820632772
24,Surfaces non agricoles,BTN,68500.0,41100.0,0.0,7.148550724637682,6273.75292716083,219581.35245062906,,True,False,50.92325095438924,2.291129993295909
1,Céréales,BTH,68500.0,54800.0,6850.0,7.148550724637682,10565.067346960452,369777.35714361584,,True,True,50.95418466435078,2.234176082681632
1,Céréales,BTH,68500.0,54800.0,6850.0,7.148550724637682,10506.459657138306,367726.08799984073,,True,True,50.91699858397688,2.5284683054450503
1,Céréales,BTH,68500.0,54800.0,6850.0,7.148550724637682,12630.340276058769,442061.9096620569,,True,True,50.85214115980212,2.2488881868793045
3,Protéagineux,ORH,68500.0,54800.0,6850.0,7.148550724637682,14375.94436570904,503158.05279981636,,True,True,50.98872752693527,2.562859422098669
25,Cultures permanentes,PTC,68500.0,34250.0,3425.0,7.148550724637682,18292.743862352396,640246.0351823339,,True,True,50.81183349717314,2.5613701284886288
1,Céréales,BTH,68500.0,54800.0,6850.0,7.148550724637682,25258.655681336626,884052.9488467819,,True,True,50.79392752617625,2.091828094753125
25,Cultures permanentes,PTC,68500.0,34250.0,3425.0,7.148550724637682,3207.561708957102,112264.65981349857,,True,True,50.90120480952276,2.3827223168756175
25,Cultures permanentes,PTC,68500.0,34250.0,3425.0,7.148550724637682,10077.081314674775,352697.8460136171,,True,True,50.869581578196986,2.2728981710134835
25,Cultures permanentes,PTC,68500.0,34250.0,3425.0,7.148550724637682,13473.160834931645,471560.6292226076,,True,True,50.81176520756756,2.338015657725742
25,Cultures permanentes,PTC,68500.0,34250.0,3425.0,7.148550724637682,2518.202131452338,88137.07460083184,,True,True,50.91175002909709,2.3587284367665795
9,Fruits,LIF,68400.0,27360.0,5472.0,7.148550724637682,15558.595771719733,544550.8520101906,,True,True,50.91235155038745,2.159811496351252
9,Fruits,LIF,68400.0,27360.0,5472.0,7.148550724637682,15703.154753787048,549610.4163825467,,True,True,50.819907883645214,2.2398294160503434
9,Fruits,LIF,68400.0,27360.0,5472.0,7.148550724637682,28942.919941322307,1013002.1979462807,,True,True,50.79415489808059,2.028235999056456
1,Céréales,BTH,68400.0,54720.0,6840.0,7.148550724637682,28600.069173268836,1001002.4210644092,,True,True,50.74054676973726,2.655452085285873
